Workbook
Name Nhập_liệu_1: 'NHẬP LIỆU'!$A$6:$M$1048576
Name NHẬP_LIỆU: 'NHẬP LIỆU'!$B$6:$M$241

Sheet TỔNG HỢP
A1: BẢNG TỔNG HỢP XNT TỔNG NGÀNH HÀNG KHO TÂM SEN THÁNG 04 - 2024
A2: XNT | B2: TỒN ĐẦU KỲ | E2: NHẬP TRONG KỲ | H2: XUẤT TRONG KỲ | K2: TỒN CUỐI KỲ
A3: TÊN HÀNG HÓA | B3: TỒN ĐK CUỘN (KIỆN) | C3: TỒN ĐK THÙNG | D3: TỒN ĐK KHO (KG) | E3: NHẬP CUỘN (KIỆN) | F3: NHẬP THÙNG | G3: NHẬP KHO (KG) | H3: XUẤT CUỘN (KIỆN) | I3: XUẤT THÙNG | J3: XUẤT KG | K3: TỒN CK CUỘN (KIỆN) | L3: TỒN CK THÙNG | M3: TỒN CK KG
A4: COUCHE GLOSS HIKOTE | B4: 0 | C4: 0 | D4: 0 | E4: =SUMIF(#REF!,A4,#REF!) -> #N/A | F4: =SUMIF(#REF!,A4,#REF!) -> #N/A | G4: =SUMIF(#REF!,A4,#REF!) -> #N/A | H4: =SUMIF(#REF!,A4,#REF!) -> #N/A | I4: =SUMIF(#REF!,A4,#REF!) -> #N/A | J4: =SUMIF(#REF!,A4,#REF!) -> #N/A | K4: =SUMIF(#REF!,A4,#REF!) -> #N/A | L4: =SUMIF(#REF!,A4,#REF!) -> #N/A | M4: =SUMIF(#REF!,A4,#REF!) -> #N/A
A5: COUCHE NIPPON GLOSS | B5: 0 | C5: 0 | D5: 0 | E5: =SUMIF(#REF!,A5,#REF!) -> #N/A | F5: =SUMIF(#REF!,A5,#REF!) -> #N/A | G5: =SUMIF(#REF!,A5,#REF!) -> #N/A | H5: =SUMIF(#REF!,A5,#REF!) -> #N/A | I5: =SUMIF(#REF!,A5,#REF!) -> #N/A | J5: =SUMIF(#REF!,A5,#REF!) -> #N/A | K5: =SUMIF(#REF!,A5,#REF!) -> #N/A | L5: =SUMIF(#REF!,A5,#REF!) -> #N/A | M5: =SUMIF(#REF!,A5,#REF!) -> #N/A
A6: COUCHE NIPPON MATT | B6: 0 | C6: 0 | D6: 0 | E6: =SUMIF(#REF!,A6,#REF!) -> #N/A | F6: =SUMIF(#REF!,A6,#REF!) -> #N/A | G6: =SUMIF(#REF!,A6,#REF!) -> #N/A | H6: =SUMIF(#REF!,A6,#REF!) -> #N/A | I6: =SUMIF(#REF!,A6,#REF!) -> #N/A | J6: =SUMIF(#REF!,A6,#REF!) -> #N/A | K6: =SUMIF(#REF!,A6,#REF!) -> #N/A | L6: =SUMIF(#REF!,A6,#REF!) -> #N/A | M6: =SUMIF(#REF!,A6,#REF!) -> #N/A
A7: COUCHE HOKUETSU SIGMA MATT | B7: 0 | C7: 0 | D7: 0 | E7: =SUMIF(#REF!,A7,#REF!) -> #N/A | F7: =SUMIF(#REF!,A7,#REF!) -> #N/A | G7: =SUMIF(#REF!,A7,#REF!) -> #N/A | H7: =SUMIF(#REF!,A7,#REF!) -> #N/A | I7: =SUMIF(#REF!,A7,#REF!) -> #N/A | J7: =SUMIF(#REF!,A7,#REF!) -> #N/A | K7: =SUMIF(#REF!,A7,#REF!) -> #N/A | L7: =SUMIF(#REF!,A7,#REF!) -> #N/A | M7: =SUMIF(#REF!,A7,#REF!) -> #N/A
A8: COUCHE HOKUETSU ALPHA MATT | B8: 0 | C8: 0 | D8: 0 | E8: =SUMIF(#REF!,A8,#REF!) -> #N/A | F8: =SUMIF(#REF!,A8,#REF!) -> #N/A | G8: =SUMIF(#REF!,A8,#REF!) -> #N/A | H8: =SUMIF(#REF!,A8,#REF!) -> #N/A | I8: =SUMIF(#REF!,A8,#REF!) -> #N/A | J8: =SUMIF(#REF!,A8,#REF!) -> #N/A | K8: =SUMIF(#REF!,A8,#REF!) -> #N/A | L8: =SUMIF(#REF!,A8,#REF!) -> #N/A | M8: =SUMIF(#REF!,A8,#REF!) -> #N/A
A9: COUCHE HANSOL | B9: 0 | C9: 0 | D9: 0 | E9: =SUMIF(#REF!,A9,#REF!) -> #N/A | F9: =SUMIF(#REF!,A9,#REF!) -> #N/A | G9: =SUMIF(#REF!,A9,#REF!) -> #N/A | H9: =SUMIF(#REF!,A9,#REF!) -> #N/A | I9: =SUMIF(#REF!,A9,#REF!) -> #N/A | J9: =SUMIF(#REF!,A9,#REF!) -> #N/A | K9: =SUMIF(#REF!,A9,#REF!) -> #N/A | L9: =SUMIF(#REF!,A9,#REF!) -> #N/A | M9: =SUMIF(#REF!,A9,#REF!) -> #N/A
A10: DUPLEX KLEANARA | B10: 0 | C10: 0 | D10: 0 | E10: =SUMIF(#REF!,A10,#REF!) -> #N/A | F10: =SUMIF(#REF!,A10,#REF!) -> #N/A | G10: =SUMIF(#REF!,A10,#REF!) -> #N/A | H10: =SUMIF(#REF!,A10,#REF!) -> #N/A | I10: =SUMIF(#REF!,A10,#REF!) -> #N/A | J10: =SUMIF(#REF!,A10,#REF!) -> #N/A | K10: =SUMIF(#REF!,A10,#REF!) -> #N/A | L10: =SUMIF(#REF!,A10,#REF!) -> #N/A | M10: =SUMIF(#REF!,A10,#REF!) -> #N/A
A11: DUPLEX XSD GOLD MAPLE | B11: 0 | C11: 0 | D11: 0 | E11: =SUMIF(#REF!,A11,#REF!) -> #N/A | F11: =SUMIF(#REF!,A11,#REF!) -> #N/A | G11: =SUMIF(#REF!,A11,#REF!) -> #N/A | H11: =SUMIF(#REF!,A11,#REF!) -> #N/A | I11: =SUMIF(#REF!,A11,#REF!) -> #N/A | J11: =SUMIF(#REF!,A11,#REF!) -> #N/A | K11: =SUMIF(#REF!,A11,#REF!) -> #N/A | L11: =SUMIF(#REF!,A11,#REF!) -> #N/A | M11: =SUMIF(#REF!,A11,#REF!) -> #N/A
A12: DUPLEX XSD WHITE MAPLE | B12: 0 | C12: 0 | D12: 0 | E12: =SUMIF(#REF!,A12,#REF!) -> #N/A | F12: =SUMIF(#REF!,A12,#REF!) -> #N/A | G12: =SUMIF(#REF!,A12,#REF!) -> #N/A | H12: =SUMIF(#REF!,A12,#REF!) -> #N/A | I12: =SUMIF(#REF!,A12,#REF!) -> #N/A | J12: =SUMIF(#REF!,A12,#REF!) -> #N/A | K12: =SUMIF(#REF!,A12,#REF!) -> #N/A | L12: =SUMIF(#REF!,A12,#REF!) -> #N/A | M12: =SUMIF(#REF!,A12,#REF!) -> #N/A
A13: DUPLEX HANCHANG | B13: 0 | C13: 0 | D13: 0 | E13: =SUMIF(#REF!,A13,#REF!) -> #N/A | F13: =SUMIF(#REF!,A13,#REF!) -> #N/A | G13: =SUMIF(#REF!,A13,#REF!) -> #N/A | H13: =SUMIF(#REF!,A13,#REF!) -> #N/A | I13: =SUMIF(#REF!,A13,#REF!) -> #N/A | J13: =SUMIF(#REF!,A13,#REF!) -> #N/A | K13: =SUMIF(#REF!,A13,#REF!) -> #N/A | L13: =SUMIF(#REF!,A13,#REF!) -> #N/A | M13: =SUMIF(#REF!,A13,#REF!) -> #N/A
A14: IVORY NINGBO | B14: 0 | C14: 0 | D14: 0 | E14: =SUMIF(#REF!,A14,#REF!) -> #N/A | F14: =SUMIF(#REF!,A14,#REF!) -> #N/A | G14: =SUMIF(#REF!,A14,#REF!) -> #N/A | H14: =SUMIF(#REF!,A14,#REF!) -> #N/A | I14: =SUMIF(#REF!,A14,#REF!) -> #N/A | J14: =SUMIF(#REF!,A14,#REF!) -> #N/A | K14: =SUMIF(#REF!,A14,#REF!) -> #N/A | L14: =SUMIF(#REF!,A14,#REF!) -> #N/A | M14: =SUMIF(#REF!,A14,#REF!) -> #N/A
A15: IVORY IP SUN | B15: 0 | C15: 0 | D15: 0 | E15: =SUMIF(#REF!,A15,#REF!) -> #N/A | F15: =SUMIF(#REF!,A15,#REF!) -> #N/A | G15: =SUMIF(#REF!,A15,#REF!) -> #N/A | H15: =SUMIF(#REF!,A15,#REF!) -> #N/A | I15: =SUMIF(#REF!,A15,#REF!) -> #N/A | J15: =SUMIF(#REF!,A15,#REF!) -> #N/A | K15: =SUMIF(#REF!,A15,#REF!) -> #N/A | L15: =SUMIF(#REF!,A15,#REF!) -> #N/A | M15: =SUMIF(#REF!,A15,#REF!) -> #N/A
... A26: COREBROAD | B26: 0 | C26: 0 | D26: 0 | E26: =SUMIF(#REF!,A26,#REF!) -> #N/A | F26: =SUMIF(#REF!,A26,#REF!) -> #N/A | G26: =SUMIF(#REF!,A26,#REF!) -> #N/A | H26: =SUMIF(#REF!,A26,#REF!) -> #N/A | I26: =SUMIF(#REF!,A26,#REF!) -> #N/A | J26: =SUMIF(#REF!,A26,#REF!) -> #N/A | K26: =SUMIF(#REF!,A26,#REF!) -> #N/A | L26: =SUMIF(#REF!,A26,#REF!) -> #N/A | M26: =SUMIF(#REF!,A26,#REF!) -> #N/A
A27: TỔNG | B27: =SUM(B4:B26) -> 0 | C27: =SUM(C4:C26) -> 0 | D27: =SUM(D4:D26) -> 0 | E27: =SUM(E4:E26) -> #N/A | F27: =SUM(F4:F26) -> #N/A | G27: =SUM(G4:G26) -> #N/A | H27: =SUM(H4:H26) -> #N/A | I27: =SUM(I4:I26) -> #N/A | ... M27: =SUM(M4:M26) -> #N/A
B28: =SUMIFS(#REF!,#REF!,#REF!,#REF!,#REF!) -> #N/A | C28: =SUMIFS(#REF!,#REF!,#REF!,#REF!,#REF!) -> #N/A | D28: =SUMIFS(#REF!,#REF!,#REF!,#REF!,#REF!) -> #N/A | H28: =SUMIFS(#REF!,#REF!,#REF!,#REF!,#REF!) -> #N/A | I28: =SUMIFS(#REF!,#REF!,#REF!,#REF!,#REF!) -> #N/A | J28: =SUMIFS(#REF!,#REF!,#REF!,#REF!,#REF!) -> #N/A | K28: =+K27-#REF! -> #N/A | L28: =+L27-#REF! -> #N/A | M28: =+M27-#REF! -> #N/A

Sheet NHẬP LIỆU
A4: STT | B4: Chứng từ | D4: Diễn giải | E4: Hàng Hóa | H4: Quy cách SP | K4: Số Lượng | M4: Tên nhà cung cấp/ Khách hàng | N4: Bộ Phận
B5: Số ĐH | C5: Ngày xuất / nhập | E5: Mã hàng | F5: Tên hàng | G5: ĐVT | K5: Nhập | L5: Xuất
A6: =+ROW()-5 -> 1 | C6: 45475 | D6: Nhập Kho NVL | E6: INIB21065 | F6: =+IFERROR(VLOOKUP(E6,'DANH MỤC'!$C:$H,2,0),"") -> Ivory Ningbo | G6: =+IFERROR(VLOOKUP(E6,'DANH MỤC'!$C:$H,6,0),"") -> Kg | H6: =+IFERROR(VLOOKUP(E6,'DANH MỤC'!$C:$H,3,0),"") -> 210 | I6: =+IFERROR(VLOOKUP(E6,'DANH MỤC'!$C:$H,4,0),"") -> 65 | J6: =+IFERROR(VLOOKUP(E6,'DANH MỤC'!$C:$H,5,0),"") | K6: 315 | M6: Cuộn dở AVP chuyển ra
A7: =+ROW()-5 -> 2 | C7: 45475 | D7: Nhập Kho NVL | E7: INIB210109 | F7: =+IFERROR(VLOOKUP(E7,'DANH MỤC'!$C:$H,2,0),"") -> Ivory Ningbo | G7: =+IFERROR(VLOOKUP(E7,'DANH MỤC'!$C:$H,6,0),"") -> Kg | H7: =+IFERROR(VLOOKUP(E7,'DANH MỤC'!$C:$H,3,0),"") -> 210 | I7: =+IFERROR(VLOOKUP(E7,'DANH MỤC'!$C:$H,4,0),"") -> 109 | J7: =+IFERROR(VLOOKUP(E7,'DANH MỤC'!$C:$H,5,0),"") | K7: 1030 | M7: AVP chuyển ra
A8: =+ROW()-5 -> 3 | C8: 45475 | D8: Nhập Kho NVL | E8: INIB21086 | F8: =+IFERROR(VLOOKUP(E8,'DANH MỤC'!$C:$H,2,0),"") -> Ivory Ningbo | G8: =+IFERROR(VLOOKUP(E8,'DANH MỤC'!$C:$H,6,0),"") -> Kg | H8: =+IFERROR(VLOOKUP(E8,'DANH MỤC'!$C:$H,3,0),"") -> 210 | I8: =+IFERROR(VLOOKUP(E8,'DANH MỤC'!$C:$H,4,0),"") -> 86 | J8: =+IFERROR(VLOOKUP(E8,'DANH MỤC'!$C:$H,5,0),"") | K8: 71 | M8: Cuộn dở AVP chuyển ra, lõi to
A9: =+ROW()-5 -> 4 | C9: 45475 | D9: Nhập Kho NVL | E9: INIB23079 | F9: =+IFERROR(VLOOKUP(E9,'DANH MỤC'!$C:$H,2,0),"") -> Ivory Ningbo | G9: =+IFERROR(VLOOKUP(E9,'DANH MỤC'!$C:$H,6,0),"") -> Kg | H9: =+IFERROR(VLOOKUP(E9,'DANH MỤC'!$C:$H,3,0),"") -> 230 | I9: =+IFERROR(VLOOKUP(E9,'DANH MỤC'!$C:$H,4,0),"") -> 79 | J9: =+IFERROR(VLOOKUP(E9,'DANH MỤC'!$C:$H,5,0),"") | K9: 609 | M9: AVP chuyển ra
A10: =+ROW()-5 -> 5 | C10: 45475 | D10: Nhập Kho NVL | E10: INIB23079 | F10: =+IFERROR(VLOOKUP(E10,'DANH MỤC'!$C:$H,2,0),"") -> Ivory Ningbo | G10: =+IFERROR(VLOOKUP(E10,'DANH MỤC'!$C:$H,6,0),"") -> Kg | H10: =+IFERROR(VLOOKUP(E10,'DANH MỤC'!$C:$H,3,0),"") -> 230 | I10: =+IFERROR(VLOOKUP(E10,'DANH MỤC'!$C:$H,4,0),"") -> 79 | J10: =+IFERROR(VLOOKUP(E10,'DANH MỤC'!$C:$H,5,0),"") | K10: 75 | M10: Cuộn dở AVP chuyển ra
A11: =+ROW()-5 -> 6 | C11: 45475 | D11: Nhập Kho NVL | E11: IIPS210109 | F11: =+IFERROR(VLOOKUP(E11,'DANH MỤC'!$C:$H,2,0),"") -> Ivory IPSUN | G11: =+IFERROR(VLOOKUP(E11,'DANH MỤC'!$C:$H,6,0),"") -> Kg | H11: =+IFERROR(VLOOKUP(E11,'DANH MỤC'!$C:$H,3,0),"") -> 210 | I11: =+IFERROR(VLOOKUP(E11,'DANH MỤC'!$C:$H,4,0),"") -> 109 | J11: =+IFERROR(VLOOKUP(E11,'DANH MỤC'!$C:$H,5,0),"") | K11: 4212 | M11: AVP chuyển ra
A12: =+ROW()-5 -> 7 | C12: 45475 | D12: Nhập Kho NVL | E12: IIPS230109 | F12: =+IFERROR(VLOOKUP(E12,'DANH MỤC'!$C:$H,2,0),"") -> Ivory IPSUN | G12: =+IFERROR(VLOOKUP(E12,'DANH MỤC'!$C:$H,6,0),"") -> Kg | H12: =+IFERROR(VLOOKUP(E12,'DANH MỤC'!$C:$H,3,0),"") -> 230 | I12: =+IFERROR(VLOOKUP(E12,'DANH MỤC'!$C:$H,4,0),"") -> 109 | J12: =+IFERROR(VLOOKUP(E12,'DANH MỤC'!$C:$H,5,0),"") | K12: 912 | M12: Cuộn dở AVP chuyển ra
A13: =+ROW()-5 -> 8 | C13: 45475 | D13: Nhập Kho NVL | E13: IIPS25084 | F13: =+IFERROR(VLOOKUP(E13,'DANH MỤC'!$C:$H,2,0),"") -> Ivory IPSUN | G13: =+IFERROR(VLOOKUP(E13,'DANH MỤC'!$C:$H,6,0),"") -> Kg | H13: =+IFERROR(VLOOKUP(E13,'DANH MỤC'!$C:$H,3,0),"") -> 250 | I13: =+IFERROR(VLOOKUP(E13,'DANH MỤC'!$C:$H,4,0),"") -> 84 | J13: =+IFERROR(VLOOKUP(E13,'DANH MỤC'!$C:$H,5,0),"") | K13: 128 | M13: Cuộn dở AVP chuyển ra
A14: =+ROW()-5 -> 9 | C14: 45475 | D14: Nhập Kho NVL | E14: INIB250109 | F14: =+IFERROR(VLOOKUP(E14,'DANH MỤC'!$C:$H,2,0),"") -> Ivory Ningbo | G14: =+IFERROR(VLOOKUP(E14,'DANH MỤC'!$C:$H,6,0),"") -> Kg | H14: =+IFERROR(VLOOKUP(E14,'DANH MỤC'!$C:$H,3,0),"") -> 250 | I14: =+IFERROR(VLOOKUP(E14,'DANH MỤC'!$C:$H,4,0),"") -> 109 | J14: =+IFERROR(VLOOKUP(E14,'DANH MỤC'!$C:$H,5,0),"") | K14: 140 | M14: Cuộn dở AVP chuyển ra
A15: =+ROW()-5 -> 10 | C15: 45475 | D15: Nhập Kho NVL | E15: IIPS250109 | F15: =+IFERROR(VLOOKUP(E15,'DANH MỤC'!$C:$H,2,0),"") -> Ivory IPSUN | G15: =+IFERROR(VLOOKUP(E15,'DANH MỤC'!$C:$H,6,0),"") -> Kg | H15: =+IFERROR(VLOOKUP(E15,'DANH MỤC'!$C:$H,3,0),"") -> 250 | I15: =+IFERROR(VLOOKUP(E15,'DANH MỤC'!$C:$H,4,0),"") -> 109 | J15: =+IFERROR(VLOOKUP(E15,'DANH MỤC'!$C:$H,5,0),"") | K15: 74 | M15: Cuộn dở AVP chuyển ra
A16: =+ROW()-5 -> 11 | C16: 45475 | D16: Nhập Kho NVL | E16: INIB25065 | F16: =+IFERROR(VLOOKUP(E16,'DANH MỤC'!$C:$H,2,0),"") -> Ivory Ningbo | G16: =+IFERROR(VLOOKUP(E16,'DANH MỤC'!$C:$H,6,0),"") -> Kg | H16: =+IFERROR(VLOOKUP(E16,'DANH MỤC'!$C:$H,3,0),"") -> 250 | I16: =+IFERROR(VLOOKUP(E16,'DANH MỤC'!$C:$H,4,0),"") -> 65 | J16: =+IFERROR(VLOOKUP(E16,'DANH MỤC'!$C:$H,5,0),"") | K16: 110 | M16: Cuộn dở AVP chuyển ra
A17: =+ROW()-5 -> 12 | C17: 45485 | D17: Nhập Mua Vật Tư | E17: GIAYBAOLG | F17: =+IFERROR(VLOOKUP(E17,'DANH MỤC'!$C:$H,2,0),"") -> Giấy bao gói lưỡi gà | G17: =+IFERROR(VLOOKUP(E17,'DANH MỤC'!$C:$H,6,0),"") -> Kg | H17: =+IFERROR(VLOOKUP(E17,'DANH MỤC'!$C:$H,3,0),"") | I17: =+IFERROR(VLOOKUP(E17,'DANH MỤC'!$C:$H,4,0),"") | J17: =+IFERROR(VLOOKUP(E17,'DANH MỤC'!$C:$H,5,0),"") | K17: 180
A18: =+ROW()-5 -> 13 | C18: 45485 | D18: Nhập Mua Vật Tư | E18: OG.12.7.1000 | F18: =+IFERROR(VLOOKUP(E18,'DANH MỤC'!$C:$H,2,0),"") -> Ống lõi giấy phi 120x7x1000mm | G18: =+IFERROR(VLOOKUP(E18,'DANH MỤC'!$C:$H,6,0),"") -> Cái | H18: =+IFERROR(VLOOKUP(E18,'DANH MỤC'!$C:$H,3,0),"") -> 120 | I18: =+IFERROR(VLOOKUP(E18,'DANH MỤC'!$C:$H,4,0),"") -> 70 | J18: =+IFERROR(VLOOKUP(E18,'DANH MỤC'!$C:$H,5,0),"") -> 1000 | K18: 72
A19: =+ROW()-5 -> 14 | C19: 45498 | D19: Nhập Kho NVL | E19: IIPS210109 | F19: =+IFERROR(VLOOKUP(E19,'DANH MỤC'!$C:$H,2,0),"") -> Ivory IPSUN | G19: =+IFERROR(VLOOKUP(E19,'DANH MỤC'!$C:$H,6,0),"") -> Kg | H19: =+IFERROR(VLOOKUP(E19,'DANH MỤC'!$C:$H,3,0),"") -> 210 | I19: =+IFERROR(VLOOKUP(E19,'DANH MỤC'!$C:$H,4,0),"") -> 109 | J19: =+IFERROR(VLOOKUP(E19,'DANH MỤC'!$C:$H,5,0),"") | K19: 5983 | M19: AVP chuyển ra 5CN+2 CD
A20: =+ROW()-5 -> 15 | C20: 45498 | D20: Nhập Kho NVL | E20: IIPS230109 | F20: =+IFERROR(VLOOKUP(E20,'DANH MỤC'!$C:$H,2,0),"") -> Ivory IPSUN | G20: =+IFERROR(VLOOKUP(E20,'DANH MỤC'!$C:$H,6,0),"") -> Kg | H20: =+IFERROR(VLOOKUP(E20,'DANH MỤC'!$C:$H,3,0),"") -> 230 | I20: =+IFERROR(VLOOKUP(E20,'DANH MỤC'!$C:$H,4,0),"") -> 109 | J20: =+IFERROR(VLOOKUP(E20,'DANH MỤC'!$C:$H,5,0),"") | K20: 11308 | M20: AVP chuyển ra 11CN
A21: =+ROW()-5 -> 16 | C21: 45498 | D21: Nhập Kho NVL | E21: IIPS250109 | F21: =+IFERROR(VLOOKUP(E21,'DANH MỤC'!$C:$H,2,0),"") -> Ivory IPSUN | G21: =+IFERROR(VLOOKUP(E21,'DANH MỤC'!$C:$H,6,0),"") -> Kg | H21: =+IFERROR(VLOOKUP(E21,'DANH MỤC'!$C:$H,3,0),"") -> 250 | I21: =+IFERROR(VLOOKUP(E21,'DANH MỤC'!$C:$H,4,0),"") -> 109 | J21: =+IFERROR(VLOOKUP(E21,'DANH MỤC'!$C:$H,5,0),"") | K21: 60 | M21: Cuộn dở AVP chuyển ra
A22: =+ROW()-5 -> 17 | C22: 45498 | D22: Nhập Kho NVL | E22: IIPS25084 | F22: =+IFERROR(VLOOKUP(E22,'DANH MỤC'!$C:$H,2,0),"") -> Ivory IPSUN | G22: =+IFERROR(VLOOKUP(E22,'DANH MỤC'!$C:$H,6,0),"") -> Kg | H22: =+IFERROR(VLOOKUP(E22,'DANH MỤC'!$C:$H,3,0),"") -> 250 | I22: =+IFERROR(VLOOKUP(E22,'DANH MỤC'!$C:$H,4,0),"") -> 84 | J22: =+IFERROR(VLOOKUP(E22,'DANH MỤC'!$C:$H,5,0),"") | K22: 21 | M22: Cuộn dở AVP chuyển ra
A23: =+ROW()-5 -> 18 | C23: 45498 | D23: Nhập Mua Vật Tư | E23: OG.12.7.1000 | F23: =+IFERROR(VLOOKUP(E23,'DANH MỤC'!$C:$H,2,0),"") -> Ống lõi giấy phi 120x7x1000mm | G23: =+IFERROR(VLOOKUP(E23,'DANH MỤC'!$C:$H,6,0),"") -> Cái | H23: =+IFERROR(VLOOKUP(E23,'DANH MỤC'!$C:$H,3,0),"") -> 120 | I23: =+IFERROR(VLOOKUP(E23,'DANH MỤC'!$C:$H,4,0),"") -> 70 | J23: =+IFERROR(VLOOKUP(E23,'DANH MỤC'!$C:$H,5,0),"") -> 1000 | K23: 264
A24: =+ROW()-5 -> 19 | C24: 45498 | D24: Nhập Mua Vật Tư | E24: PL12.12.130 | F24: =+IFERROR(VLOOKUP(E24,'DANH MỤC'!$C:$H,2,0),"") -> Pallet gỗ 1200x1200x130mm | G24: =+IFERROR(VLOOKUP(E24,'DANH MỤC'!$C:$H,6,0),"") -> Bộ | H24: =+IFERROR(VLOOKUP(E24,'DANH MỤC'!$C:$H,3,0),"") -> 1200 | I24: =+IFERROR(VLOOKUP(E24,'DANH MỤC'!$C:$H,4,0),"") -> 1200 | J24: =+IFERROR(VLOOKUP(E24,'DANH MỤC'!$C:$H,5,0),"") -> 130 | K24: 16
A25: =+ROW()-5 -> 20 | C25: 45498 | D25: Nhập Mua Vật Tư | E25: KRAFT | F25: =+IFERROR(VLOOKUP(E25,'DANH MỤC'!$C:$H,2,0),"") -> Kraft nâu LG (cuộn) | G25: =+IFERROR(VLOOKUP(E25,'DANH MỤC'!$C:$H,6,0),"") -> Kg | H25: =+IFERROR(VLOOKUP(E25,'DANH MỤC'!$C:$H,3,0),"") | I25: =+IFERROR(VLOOKUP(E25,'DANH MỤC'!$C:$H,4,0),"") | J25: =+IFERROR(VLOOKUP(E25,'DANH MỤC'!$C:$H,5,0),"") | K25: 1562
A26: =+ROW()-5 -> 21 | C26: 45498 | D26: Nhập Mua Vật Tư | E26: DAY.DAI.PET | F26: =+IFERROR(VLOOKUP(E26,'DANH MỤC'!$C:$H,2,0),"") -> Dây đai PET xanh (B) | G26: =+IFERROR(VLOOKUP(E26,'DANH MỤC'!$C:$H,6,0),"") -> Kg | H26: =+IFERROR(VLOOKUP(E26,'DANH MỤC'!$C:$H,3,0),"") | I26: =+IFERROR(VLOOKUP(E26,'DANH MỤC'!$C:$H,4,0),"") | J26: =+IFERROR(VLOOKUP(E26,'DANH MỤC'!$C:$H,5,0),"") | K26: 300
A27: =+ROW()-5 -> 22 | C27: 45498 | D27: Nhập Mua Vật Tư | E27: MANGPE | F27: =+IFERROR(VLOOKUP(E27,'DANH MỤC'!$C:$H,2,0),"") -> Màng Strecth Film 5.0-0.6kg | G27: =+IFERROR(VLOOKUP(E27,'DANH MỤC'!$C:$H,6,0),"") -> Kg | H27: =+IFERROR(VLOOKUP(E27,'DANH MỤC'!$C:$H,3,0),"") | I27: =+IFERROR(VLOOKUP(E27,'DANH MỤC'!$C:$H,4,0),"") | J27: =+IFERROR(VLOOKUP(E27,'DANH MỤC'!$C:$H,5,0),"") | K27: =35.2+55 -> 90.2
A28: =+ROW()-5 -> 23 | C28: 45499 | D28: Nhập Kho NVL | E28: INIB250109 | F28: =+IFERROR(VLOOKUP(E28,'DANH MỤC'!$C:$H,2,0),"") -> Ivory Ningbo | G28: =+IFERROR(VLOOKUP(E28,'DANH MỤC'!$C:$H,6,0),"") -> Kg | H28: =+IFERROR(VLOOKUP(E28,'DANH MỤC'!$C:$H,3,0),"") -> 250 | I28: =+IFERROR(VLOOKUP(E28,'DANH MỤC'!$C:$H,4,0),"") -> 109 | J28: =+IFERROR(VLOOKUP(E28,'DANH MỤC'!$C:$H,5,0),"") | K28: 2943 | M28: Nhập hàng của Chí Nguyên
A29: =+ROW()-5 -> 24 | C29: 45499 | D29: Nhập Kho NVL | E29: INIB25065 | F29: =+IFERROR(VLOOKUP(E29,'DANH MỤC'!$C:$H,2,0),"") -> Ivory Ningbo | G29: =+IFERROR(VLOOKUP(E29,'DANH MỤC'!$C:$H,6,0),"") -> Kg | H29: =+IFERROR(VLOOKUP(E29,'DANH MỤC'!$C:$H,3,0),"") -> 250 | I29: =+IFERROR(VLOOKUP(E29,'DANH MỤC'!$C:$H,4,0),"") -> 65 | J29: =+IFERROR(VLOOKUP(E29,'DANH MỤC'!$C:$H,5,0),"") | K29: 3510 | M29: Nhập hàng của Chí Nguyên
A30: =+ROW()-5 -> 25 | C30: 45499 | D30: Nhập Kho NVL | E30: INIB25075 | F30: =+IFERROR(VLOOKUP(E30,'DANH MỤC'!$C:$H,2,0),"") -> Ivory Ningbo | G30: =+IFERROR(VLOOKUP(E30,'DANH MỤC'!$C:$H,6,0),"") -> Kg | H30: =+IFERROR(VLOOKUP(E30,'DANH MỤC'!$C:$H,3,0),"") -> 250 | I30: =+IFERROR(VLOOKUP(E30,'DANH MỤC'!$C:$H,4,0),"") -> 75 | J30: =+IFERROR(VLOOKUP(E30,'DANH MỤC'!$C:$H,5,0),"") | K30: 3375 | M30: Nhập hàng của Chí Nguyên
A31: =+ROW()-5 -> 26 | C31: 45499 | D31: Nhập Mua Vật Tư | E31: MANGPE | F31: =+IFERROR(VLOOKUP(E31,'DANH MỤC'!$C:$H,2,0),"") -> Màng Strecth Film 5.0-0.6kg | G31: =+IFERROR(VLOOKUP(E31,'DANH MỤC'!$C:$H,6,0),"") -> Kg | H31: =+IFERROR(VLOOKUP(E31,'DANH MỤC'!$C:$H,3,0),"") | I31: =+IFERROR(VLOOKUP(E31,'DANH MỤC'!$C:$H,4,0),"") | J31: =+IFERROR(VLOOKUP(E31,'DANH MỤC'!$C:$H,5,0),"") | K31: 220
A32: =+ROW()-5 -> 27 | C32: 45499 | D32: Nhập Mua Vật Tư | E32: DAY.DAI.PET | F32: =+IFERROR(VLOOKUP(E32,'DANH MỤC'!$C:$H,2,0),"") -> Dây đai PET xanh (B) | G32: =+IFERROR(VLOOKUP(E32,'DANH MỤC'!$C:$H,6,0),"") -> Kg | H32: =+IFERROR(VLOOKUP(E32,'DANH MỤC'!$C:$H,3,0),"") | I32: =+IFERROR(VLOOKUP(E32,'DANH MỤC'!$C:$H,4,0),"") | J32: =+IFERROR(VLOOKUP(E32,'DANH MỤC'!$C:$H,5,0),"") | K32: 200
A33: =+ROW()-5 -> 28 | C33: 45499 | D33: Xuất vật tư sx | E33: GIAYBAOLG | F33: =+IFERROR(VLOOKUP(E33,'DANH MỤC'!$C:$H,2,0),"") -> Giấy bao gói lưỡi gà | G33: =+IFERROR(VLOOKUP(E33,'DANH MỤC'!$C:$H,6,0),"") -> Kg | H33: =+IFERROR(VLOOKUP(E33,'DANH MỤC'!$C:$H,3,0),"") | I33: =+IFERROR(VLOOKUP(E33,'DANH MỤC'!$C:$H,4,0),"") | J33: =+IFERROR(VLOOKUP(E33,'DANH MỤC'!$C:$H,5,0),"") | L33: 12.45
A34: =+ROW()-5 -> 29 | C34: 45499 | D34: Xuất vật tư sx | E34: OG.12.7.1000 | F34: =+IFERROR(VLOOKUP(E34,'DANH MỤC'!$C:$H,2,0),"") -> Ống lõi giấy phi 120x7x1000mm | G34: =+IFERROR(VLOOKUP(E34,'DANH MỤC'!$C:$H,6,0),"") -> Cái | H34: =+IFERROR(VLOOKUP(E34,'DANH MỤC'!$C:$H,3,0),"") -> 120 | I34: =+IFERROR(VLOOKUP(E34,'DANH MỤC'!$C:$H,4,0),"") -> 70 | J34: =+IFERROR(VLOOKUP(E34,'DANH MỤC'!$C:$H,5,0),"") -> 1000 | L34: 70
A35: =+ROW()-5 -> 30 | C35: 45499 | D35: Xuất vật tư sx | E35: PL12.12.130 | F35: =+IFERROR(VLOOKUP(E35,'DANH MỤC'!$C:$H,2,0),"") -> Pallet gỗ 1200x1200x130mm | G35: =+IFERROR(VLOOKUP(E35,'DANH MỤC'!$C:$H,6,0),"") -> Bộ | H35: =+IFERROR(VLOOKUP(E35,'DANH MỤC'!$C:$H,3,0),"") -> 1200 | I35: =+IFERROR(VLOOKUP(E35,'DANH MỤC'!$C:$H,4,0),"") -> 1200 | J35: =+IFERROR(VLOOKUP(E35,'DANH MỤC'!$C:$H,5,0),"") -> 130 | L35: 11
A36: =+ROW()-5 -> 31 | C36: 45499 | D36: Xuất vật tư sx | E36: MANGPE | F36: =+IFERROR(VLOOKUP(E36,'DANH MỤC'!$C:$H,2,0),"") -> Màng Strecth Film 5.0-0.6kg | G36: =+IFERROR(VLOOKUP(E36,'DANH MỤC'!$C:$H,6,0),"") -> Kg | H36: =+IFERROR(VLOOKUP(E36,'DANH MỤC'!$C:$H,3,0),"") | I36: =+IFERROR(VLOOKUP(E36,'DANH MỤC'!$C:$H,4,0),"") | J36: =+IFERROR(VLOOKUP(E36,'DANH MỤC'!$C:$H,5,0),"") | L36: 6.73
A37: =+ROW()-5 -> 32 | C37: 45499 | D37: Xuất vật tư sx | E37: DAY.DAI.PET | F37: =+IFERROR(VLOOKUP(E37,'DANH MỤC'!$C:$H,2,0),"") -> Dây đai PET xanh (B) | G37: =+IFERROR(VLOOKUP(E37,'DANH MỤC'!$C:$H,6,0),"") -> Kg | H37: =+IFERROR(VLOOKUP(E37,'DANH MỤC'!$C:$H,3,0),"") | I37: =+IFERROR(VLOOKUP(E37,'DANH MỤC'!$C:$H,4,0),"") | J37: =+IFERROR(VLOOKUP(E37,'DANH MỤC'!$C:$H,5,0),"") | L37: 11.39
A38: =+ROW()-5 -> 33 | C38: 45502 | D38: Nhập Mua Vật Tư | E38: PL11.11.130 | F38: =+IFERROR(VLOOKUP(E38,'DANH MỤC'!$C:$H,2,0),"") -> Pallet gỗ 1100x1100x130mm | G38: =+IFERROR(VLOOKUP(E38,'DANH MỤC'!$C:$H,6,0),"") -> Bộ | H38: =+IFERROR(VLOOKUP(E38,'DANH MỤC'!$C:$H,3,0),"") -> 1100 | I38: =+IFERROR(VLOOKUP(E38,'DANH MỤC'!$C:$H,4,0),"") -> 1100 | J38: =+IFERROR(VLOOKUP(E38,'DANH MỤC'!$C:$H,5,0),"") -> 130 | K38: 50
A39: =+ROW()-5 -> 34 | B39: 01.07/LGT-BBMN | C39: 45506 | D39: Nhập Thành Phẩm LSX 39.2024 | E39: LGT250/90-TS | F39: =+IFERROR(VLOOKUP(E39,'DANH MỤC'!$C:$H,2,0),"") -> Lưỡi gà trắng 90mm x 800m x 250gsm | G39: =+IFERROR(VLOOKUP(E39,'DANH MỤC'!$C:$H,6,0),"") -> Cuộn | H39: =+IFERROR(VLOOKUP(E39,'DANH MỤC'!$C:$H,3,0),"") -> 250 | I39: =+IFERROR(VLOOKUP(E39,'DANH MỤC'!$C:$H,4,0),"") -> 90 | J39: =+IFERROR(VLOOKUP(E39,'DANH MỤC'!$C:$H,5,0),"") -> 800 | K39: 528
A40: =+ROW()-5 -> 35 | C40: 45506 | D40: Xuất LG BBMN | E40: LGT250/90-TS | F40: =+IFERROR(VLOOKUP(E40,'DANH MỤC'!$C:$H,2,0),"") -> Lưỡi gà trắng 90mm x 800m x 250gsm | G40: =+IFERROR(VLOOKUP(E40,'DANH MỤC'!$C:$H,6,0),"") -> Cuộn | H40: =+IFERROR(VLOOKUP(E40,'DANH MỤC'!$C:$H,3,0),"") -> 250 | I40: =+IFERROR(VLOOKUP(E40,'DANH MỤC'!$C:$H,4,0),"") -> 90 | J40: =+IFERROR(VLOOKUP(E40,'DANH MỤC'!$C:$H,5,0),"") -> 800 | L40: 520 | M40: BBMN
A41: =+ROW()-5 -> 36 | B41: 24/LGT/08 | C41: 45511 | D41: Xuất NVL Lsx 40.2024 | E41: IIPS230109 | F41: =+IFERROR(VLOOKUP(E41,'DANH MỤC'!$C:$H,2,0),"") -> Ivory IPSUN | G41: =+IFERROR(VLOOKUP(E41,'DANH MỤC'!$C:$H,6,0),"") -> Kg | H41: =+IFERROR(VLOOKUP(E41,'DANH MỤC'!$C:$H,3,0),"") -> 230 | I41: =+IFERROR(VLOOKUP(E41,'DANH MỤC'!$C:$H,4,0),"") -> 109 | J41: =+IFERROR(VLOOKUP(E41,'DANH MỤC'!$C:$H,5,0),"") | L41: =7080-427 -> 6653
A42: =+ROW()-5 -> 37 | C42: 45511 | D42: Xuất vật tư sx | E42: PL12.12.130 | F42: =+IFERROR(VLOOKUP(E42,'DANH MỤC'!$C:$H,2,0),"") -> Pallet gỗ 1200x1200x130mm | G42: =+IFERROR(VLOOKUP(E42,'DANH MỤC'!$C:$H,6,0),"") -> Bộ | H42: =+IFERROR(VLOOKUP(E42,'DANH MỤC'!$C:$H,3,0),"") -> 1200 | I42: =+IFERROR(VLOOKUP(E42,'DANH MỤC'!$C:$H,4,0),"") -> 1200 | J42: =+IFERROR(VLOOKUP(E42,'DANH MỤC'!$C:$H,5,0),"") -> 130 | L42: 5
A43: =+ROW()-5 -> 38 | C43: 45511 | D43: Xuất vật tư sx | E43: PL11.11.130 | F43: =+IFERROR(VLOOKUP(E43,'DANH MỤC'!$C:$H,2,0),"") -> Pallet gỗ 1100x1100x130mm | G43: =+IFERROR(VLOOKUP(E43,'DANH MỤC'!$C:$H,6,0),"") -> Bộ | H43: =+IFERROR(VLOOKUP(E43,'DANH MỤC'!$C:$H,3,0),"") -> 1100 | I43: =+IFERROR(VLOOKUP(E43,'DANH MỤC'!$C:$H,4,0),"") -> 1100 | J43: =+IFERROR(VLOOKUP(E43,'DANH MỤC'!$C:$H,5,0),"") -> 130 | L43: 1
A44: =+ROW()-5 -> 39 | C44: 45511 | D44: Xuất vật tư sx | E44: MANGPE | F44: =+IFERROR(VLOOKUP(E44,'DANH MỤC'!$C:$H,2,0),"") -> Màng Strecth Film 5.0-0.6kg | G44: =+IFERROR(VLOOKUP(E44,'DANH MỤC'!$C:$H,6,0),"") -> Kg | H44: =+IFERROR(VLOOKUP(E44,'DANH MỤC'!$C:$H,3,0),"") | I44: =+IFERROR(VLOOKUP(E44,'DANH MỤC'!$C:$H,4,0),"") | J44: =+IFERROR(VLOOKUP(E44,'DANH MỤC'!$C:$H,5,0),"") | L44: 4.04
A45: =+ROW()-5 -> 40 | C45: 45511 | D45: Xuất vật tư sx | E45: DAY.DAI.PET | F45: =+IFERROR(VLOOKUP(E45,'DANH MỤC'!$C:$H,2,0),"") -> Dây đai PET xanh (B) | G45: =+IFERROR(VLOOKUP(E45,'DANH MỤC'!$C:$H,6,0),"") -> Kg | H45: =+IFERROR(VLOOKUP(E45,'DANH MỤC'!$C:$H,3,0),"") | I45: =+IFERROR(VLOOKUP(E45,'DANH MỤC'!$C:$H,4,0),"") | J45: =+IFERROR(VLOOKUP(E45,'DANH MỤC'!$C:$H,5,0),"") | L45: 6.83
A46: =+ROW()-5 -> 41 | C46: 45511 | D46: Xuất vật tư sx | E46: GIAYBAOLG | F46: =+IFERROR(VLOOKUP(E46,'DANH MỤC'!$C:$H,2,0),"") -> Giấy bao gói lưỡi gà | G46: =+IFERROR(VLOOKUP(E46,'DANH MỤC'!$C:$H,6,0),"") -> Kg | H46: =+IFERROR(VLOOKUP(E46,'DANH MỤC'!$C:$H,3,0),"") | I46: =+IFERROR(VLOOKUP(E46,'DANH MỤC'!$C:$H,4,0),"") | J46: =+IFERROR(VLOOKUP(E46,'DANH MỤC'!$C:$H,5,0),"") | L46: 6.41
A47: =+ROW()-5 -> 42 | C47: 45511 | D47: Xuất vật tư sx | E47: OG.12.7.1000 | F47: =+IFERROR(VLOOKUP(E47,'DANH MỤC'!$C:$H,2,0),"") -> Ống lõi giấy phi 120x7x1000mm | G47: =+IFERROR(VLOOKUP(E47,'DANH MỤC'!$C:$H,6,0),"") -> Cái | H47: =+IFERROR(VLOOKUP(E47,'DANH MỤC'!$C:$H,3,0),"") -> 120 | I47: =+IFERROR(VLOOKUP(E47,'DANH MỤC'!$C:$H,4,0),"") -> 70 | J47: =+IFERROR(VLOOKUP(E47,'DANH MỤC'!$C:$H,5,0),"") -> 1000 | L47: 36
A48: =+ROW()-5 -> 43 | C48: 45516 | D48: Nhập Kho NVL | E48: INIB23065 | F48: =+IFERROR(VLOOKUP(E48,'DANH MỤC'!$C:$H,2,0),"") -> Ivory Ningbo | G48: =+IFERROR(VLOOKUP(E48,'DANH MỤC'!$C:$H,6,0),"") -> Kg | H48: =+IFERROR(VLOOKUP(E48,'DANH MỤC'!$C:$H,3,0),"") -> 230 | I48: =+IFERROR(VLOOKUP(E48,'DANH MỤC'!$C:$H,4,0),"") -> 65 | J48: =+IFERROR(VLOOKUP(E48,'DANH MỤC'!$C:$H,5,0),"") | K48: 30 | M48: Nhập giấy kho Tâm Sen
A49: =+ROW()-5 -> 44 | B49: Hàng mẫu | C49: 45516 | D49: Xuất NVL Lsx 41.2024 | E49: INIB23065 | F49: =+IFERROR(VLOOKUP(E49,'DANH MỤC'!$C:$H,2,0),"") -> Ivory Ningbo | G49: =+IFERROR(VLOOKUP(E49,'DANH MỤC'!$C:$H,6,0),"") -> Kg | H49: =+IFERROR(VLOOKUP(E49,'DANH MỤC'!$C:$H,3,0),"") -> 230 | I49: =+IFERROR(VLOOKUP(E49,'DANH MỤC'!$C:$H,4,0),"") -> 65 | J49: =+IFERROR(VLOOKUP(E49,'DANH MỤC'!$C:$H,5,0),"") | L49: 30
A50: =+ROW()-5 -> 45 | C50: 45516 | D50: VP Tâm Sen MN | E50: LGT23090-200 | F50: =+IFERROR(VLOOKUP(E50,'DANH MỤC'!$C:$H,2,0),"") | G50: =+IFERROR(VLOOKUP(E50,'DANH MỤC'!$C:$H,6,0),"") | H50: =+IFERROR(VLOOKUP(E50,'DANH MỤC'!$C:$H,3,0),"") | I50: =+IFERROR(VLOOKUP(E50,'DANH MỤC'!$C:$H,4,0),"") | J50: =+IFERROR(VLOOKUP(E50,'DANH MỤC'!$C:$H,5,0),"") | L50: 2
A51: =+ROW()-5 -> 46 | C51: 45516 | D51: VP Tâm Sen MN | E51: LGT23095-200 | F51: =+IFERROR(VLOOKUP(E51,'DANH MỤC'!$C:$H,2,0),"") | G51: =+IFERROR(VLOOKUP(E51,'DANH MỤC'!$C:$H,6,0),"") | H51: =+IFERROR(VLOOKUP(E51,'DANH MỤC'!$C:$H,3,0),"") | I51: =+IFERROR(VLOOKUP(E51,'DANH MỤC'!$C:$H,4,0),"") | J51: =+IFERROR(VLOOKUP(E51,'DANH MỤC'!$C:$H,5,0),"") | L51: 2
A52: =+ROW()-5 -> 47 | C52: 45516 | D52: VP Tâm Sen MN | E52: LGT23096.5-200 | F52: =+IFERROR(VLOOKUP(E52,'DANH MỤC'!$C:$H,2,0),"") | G52: =+IFERROR(VLOOKUP(E52,'DANH MỤC'!$C:$H,6,0),"") | H52: =+IFERROR(VLOOKUP(E52,'DANH MỤC'!$C:$H,3,0),"") | I52: =+IFERROR(VLOOKUP(E52,'DANH MỤC'!$C:$H,4,0),"") | J52: =+IFERROR(VLOOKUP(E52,'DANH MỤC'!$C:$H,5,0),"") | L52: 2
A53: =+ROW()-5 -> 48 | C53: 45516 | D53: Nhập Mua Vật Tư | E53: GIAYBAOLG | F53: =+IFERROR(VLOOKUP(E53,'DANH MỤC'!$C:$H,2,0),"") -> Giấy bao gói lưỡi gà | G53: =+IFERROR(VLOOKUP(E53,'DANH MỤC'!$C:$H,6,0),"") -> Kg | H53: =+IFERROR(VLOOKUP(E53,'DANH MỤC'!$C:$H,3,0),"") | I53: =+IFERROR(VLOOKUP(E53,'DANH MỤC'!$C:$H,4,0),"") | J53: =+IFERROR(VLOOKUP(E53,'DANH MỤC'!$C:$H,5,0),"") | K53: 90
A54: =+ROW()-5 -> 49 | C54: 45517 | D54: Nhập Thành Phẩm LSX 40.2024 | E54: LGT230/98-TS | F54: =+IFERROR(VLOOKUP(E54,'DANH MỤC'!$C:$H,2,0),"") -> Lưỡi gà trắng 98mm x 800m x 230gsm | G54: =+IFERROR(VLOOKUP(E54,'DANH MỤC'!$C:$H,6,0),"") -> Cuộn | H54: =+IFERROR(VLOOKUP(E54,'DANH MỤC'!$C:$H,3,0),"") -> 230 | I54: =+IFERROR(VLOOKUP(E54,'DANH MỤC'!$C:$H,4,0),"") -> 98 | J54: =+IFERROR(VLOOKUP(E54,'DANH MỤC'!$C:$H,5,0),"") -> 800 | K54: 363
A55: =+ROW()-5 -> 50 | C55: 45519 | D55: Xuất vật tư sx | E55: KRAFT | F55: =+IFERROR(VLOOKUP(E55,'DANH MỤC'!$C:$H,2,0),"") -> Kraft nâu LG (cuộn) | G55: =+IFERROR(VLOOKUP(E55,'DANH MỤC'!$C:$H,6,0),"") -> Kg | H55: =+IFERROR(VLOOKUP(E55,'DANH MỤC'!$C:$H,3,0),"") | I55: =+IFERROR(VLOOKUP(E55,'DANH MỤC'!$C:$H,4,0),"") | J55: =+IFERROR(VLOOKUP(E55,'DANH MỤC'!$C:$H,5,0),"") | L55: 114
A56: =+ROW()-5 -> 51 | C56: 45519 | D56: Xuất vật tư sx | E56: PL11.11.130 | F56: =+IFERROR(VLOOKUP(E56,'DANH MỤC'!$C:$H,2,0),"") -> Pallet gỗ 1100x1100x130mm | G56: =+IFERROR(VLOOKUP(E56,'DANH MỤC'!$C:$H,6,0),"") -> Bộ | H56: =+IFERROR(VLOOKUP(E56,'DANH MỤC'!$C:$H,3,0),"") -> 1100 | I56: =+IFERROR(VLOOKUP(E56,'DANH MỤC'!$C:$H,4,0),"") -> 1100 | J56: =+IFERROR(VLOOKUP(E56,'DANH MỤC'!$C:$H,5,0),"") -> 130 | L56: 8
A57: =+ROW()-5 -> 52 | C57: 45519 | D57: Xuất vật tư sx | E57: MANGPE | F57: =+IFERROR(VLOOKUP(E57,'DANH MỤC'!$C:$H,2,0),"") -> Màng Strecth Film 5.0-0.6kg | G57: =+IFERROR(VLOOKUP(E57,'DANH MỤC'!$C:$H,6,0),"") -> Kg | H57: =+IFERROR(VLOOKUP(E57,'DANH MỤC'!$C:$H,3,0),"") | I57: =+IFERROR(VLOOKUP(E57,'DANH MỤC'!$C:$H,4,0),"") | J57: =+IFERROR(VLOOKUP(E57,'DANH MỤC'!$C:$H,5,0),"") | L57: 10
A58: =+ROW()-5 -> 53 | C58: 45519 | D58: Xuất vật tư sx | E58: DAY.DAI.PET | F58: =+IFERROR(VLOOKUP(E58,'DANH MỤC'!$C:$H,2,0),"") -> Dây đai PET xanh (B) | G58: =+IFERROR(VLOOKUP(E58,'DANH MỤC'!$C:$H,6,0),"") -> Kg | H58: =+IFERROR(VLOOKUP(E58,'DANH MỤC'!$C:$H,3,0),"") | I58: =+IFERROR(VLOOKUP(E58,'DANH MỤC'!$C:$H,4,0),"") | J58: =+IFERROR(VLOOKUP(E58,'DANH MỤC'!$C:$H,5,0),"") | L58: 18
A59: =+ROW()-5 -> 54 | C59: 45519 | D59: Xuất vật tư sx | E59: GIAYBAOLG | F59: =+IFERROR(VLOOKUP(E59,'DANH MỤC'!$C:$H,2,0),"") -> Giấy bao gói lưỡi gà | G59: =+IFERROR(VLOOKUP(E59,'DANH MỤC'!$C:$H,6,0),"") -> Kg | H59: =+IFERROR(VLOOKUP(E59,'DANH MỤC'!$C:$H,3,0),"") | I59: =+IFERROR(VLOOKUP(E59,'DANH MỤC'!$C:$H,4,0),"") | J59: =+IFERROR(VLOOKUP(E59,'DANH MỤC'!$C:$H,5,0),"") | L59: 7.23
A60: =+ROW()-5 -> 55 | C60: 45519 | D60: Xuất vật tư sx | E60: OG.12.7.1000 | F60: =+IFERROR(VLOOKUP(E60,'DANH MỤC'!$C:$H,2,0),"") -> Ống lõi giấy phi 120x7x1000mm | G60: =+IFERROR(VLOOKUP(E60,'DANH MỤC'!$C:$H,6,0),"") -> Cái | H60: =+IFERROR(VLOOKUP(E60,'DANH MỤC'!$C:$H,3,0),"") -> 120 | I60: =+IFERROR(VLOOKUP(E60,'DANH MỤC'!$C:$H,4,0),"") -> 70 | J60: =+IFERROR(VLOOKUP(E60,'DANH MỤC'!$C:$H,5,0),"") -> 1000 | L60: 36
A61: =+ROW()-5 -> 56 | C61: 45523 | D61: Nhập Kho NVL | E61: INIB250102 | F61: =+IFERROR(VLOOKUP(E61,'DANH MỤC'!$C:$H,2,0),"") -> Ivory Ningbo | G61: =+IFERROR(VLOOKUP(E61,'DANH MỤC'!$C:$H,6,0),"") -> Kg | H61: =+IFERROR(VLOOKUP(E61,'DANH MỤC'!$C:$H,3,0),"") -> 250 | I61: =+IFERROR(VLOOKUP(E61,'DANH MỤC'!$C:$H,4,0),"") -> 102 | J61: =+IFERROR(VLOOKUP(E61,'DANH MỤC'!$C:$H,5,0),"") | K61: 5508 | M61: Nhập hàng của Chí Nguyên
A62: =+ROW()-5 -> 57 | C62: 45523 | D62: Nhập Thành Phẩm LSX 42.2024 | E62: LGT210/95-TS | F62: =+IFERROR(VLOOKUP(E62,'DANH MỤC'!$C:$H,2,0),"") -> Lưỡi gà trắng 95mm x 800m x 210gsm | G62: =+IFERROR(VLOOKUP(E62,'DANH MỤC'!$C:$H,6,0),"") -> Cuộn | H62: =+IFERROR(VLOOKUP(E62,'DANH MỤC'!$C:$H,3,0),"") -> 210 | I62: =+IFERROR(VLOOKUP(E62,'DANH MỤC'!$C:$H,4,0),"") -> 95 | J62: =+IFERROR(VLOOKUP(E62,'DANH MỤC'!$C:$H,5,0),"") -> 800 | K62: 286
A63: =+ROW()-5 -> 58 | C63: 45523 | D63: Nhập Thành Phẩm LSX 42.2024 | E63: LGT210/71-TS | F63: =+IFERROR(VLOOKUP(E63,'DANH MỤC'!$C:$H,2,0),"") -> Lưỡi gà trắng 71mm x 800m x 210gsm | G63: =+IFERROR(VLOOKUP(E63,'DANH MỤC'!$C:$H,6,0),"") -> Cuộn | H63: =+IFERROR(VLOOKUP(E63,'DANH MỤC'!$C:$H,3,0),"") -> 210 | I63: =+IFERROR(VLOOKUP(E63,'DANH MỤC'!$C:$H,4,0),"") -> 71 | J63: =+IFERROR(VLOOKUP(E63,'DANH MỤC'!$C:$H,5,0),"") -> 800 | K63: 64
A64: =+ROW()-5 -> 59 | C64: 45523 | D64: Nhập Thành Phẩm LSX 42.2024 | E64: LGT210/83-TS | F64: =+IFERROR(VLOOKUP(E64,'DANH MỤC'!$C:$H,2,0),"") -> Lưỡi gà trắng 83mm x 800m x 210gsm | G64: =+IFERROR(VLOOKUP(E64,'DANH MỤC'!$C:$H,6,0),"") -> Cuộn | H64: =+IFERROR(VLOOKUP(E64,'DANH MỤC'!$C:$H,3,0),"") -> 210 | I64: =+IFERROR(VLOOKUP(E64,'DANH MỤC'!$C:$H,4,0),"") -> 83 | J64: =+IFERROR(VLOOKUP(E64,'DANH MỤC'!$C:$H,5,0),"") -> 800 | K64: 32
A65: =+ROW()-5 -> 60 | C65: 45524 | D65: Xuất LG BBMN | E65: LGT210/95-TS | F65: =+IFERROR(VLOOKUP(E65,'DANH MỤC'!$C:$H,2,0),"") -> Lưỡi gà trắng 95mm x 800m x 210gsm | G65: =+IFERROR(VLOOKUP(E65,'DANH MỤC'!$C:$H,6,0),"") -> Cuộn | H65: =+IFERROR(VLOOKUP(E65,'DANH MỤC'!$C:$H,3,0),"") -> 210 | I65: =+IFERROR(VLOOKUP(E65,'DANH MỤC'!$C:$H,4,0),"") -> 95 | J65: =+IFERROR(VLOOKUP(E65,'DANH MỤC'!$C:$H,5,0),"") -> 800 | L65: 280 | M65: BBMN
A66: =+ROW()-5 -> 61 | C66: 45524 | D66: Xuất LG BBMN | E66: LGT210/95-TS | F66: =+IFERROR(VLOOKUP(E66,'DANH MỤC'!$C:$H,2,0),"") -> Lưỡi gà trắng 95mm x 800m x 210gsm | G66: =+IFERROR(VLOOKUP(E66,'DANH MỤC'!$C:$H,6,0),"") -> Cuộn | H66: =+IFERROR(VLOOKUP(E66,'DANH MỤC'!$C:$H,3,0),"") -> 210 | I66: =+IFERROR(VLOOKUP(E66,'DANH MỤC'!$C:$H,4,0),"") -> 95 | J66: =+IFERROR(VLOOKUP(E66,'DANH MỤC'!$C:$H,5,0),"") -> 800 | L66: 240 | M66: BBMN
A67: =+ROW()-5 -> 62 | C67: 45524 | D67: Xuất vật tư sx | E67: PL11.11.130 | F67: =+IFERROR(VLOOKUP(E67,'DANH MỤC'!$C:$H,2,0),"") -> Pallet gỗ 1100x1100x130mm | G67: =+IFERROR(VLOOKUP(E67,'DANH MỤC'!$C:$H,6,0),"") -> Bộ | H67: =+IFERROR(VLOOKUP(E67,'DANH MỤC'!$C:$H,3,0),"") -> 1100 | I67: =+IFERROR(VLOOKUP(E67,'DANH MỤC'!$C:$H,4,0),"") -> 1100 | J67: =+IFERROR(VLOOKUP(E67,'DANH MỤC'!$C:$H,5,0),"") -> 130 | L67: 5
A68: =+ROW()-5 -> 63 | C68: 45524 | D68: Xuất vật tư sx | E68: MANGPE | F68: =+IFERROR(VLOOKUP(E68,'DANH MỤC'!$C:$H,2,0),"") -> Màng Strecth Film 5.0-0.6kg | G68: =+IFERROR(VLOOKUP(E68,'DANH MỤC'!$C:$H,6,0),"") -> Kg | H68: =+IFERROR(VLOOKUP(E68,'DANH MỤC'!$C:$H,3,0),"") | I68: =+IFERROR(VLOOKUP(E68,'DANH MỤC'!$C:$H,4,0),"") | J68: =+IFERROR(VLOOKUP(E68,'DANH MỤC'!$C:$H,5,0),"") | L68: 3.36
A69: =+ROW()-5 -> 64 | C69: 45524 | D69: Xuất vật tư sx | E69: DAY.DAI.PET | F69: =+IFERROR(VLOOKUP(E69,'DANH MỤC'!$C:$H,2,0),"") -> Dây đai PET xanh (B) | G69: =+IFERROR(VLOOKUP(E69,'DANH MỤC'!$C:$H,6,0),"") -> Kg | H69: =+IFERROR(VLOOKUP(E69,'DANH MỤC'!$C:$H,3,0),"") | I69: =+IFERROR(VLOOKUP(E69,'DANH MỤC'!$C:$H,4,0),"") | J69: =+IFERROR(VLOOKUP(E69,'DANH MỤC'!$C:$H,5,0),"") | L69: 5.69
A70: =+ROW()-5 -> 65 | C70: 45524 | D70: Xuất vật tư sx | E70: GIAYBAOLG | F70: =+IFERROR(VLOOKUP(E70,'DANH MỤC'!$C:$H,2,0),"") -> Giấy bao gói lưỡi gà | G70: =+IFERROR(VLOOKUP(E70,'DANH MỤC'!$C:$H,6,0),"") -> Kg | H70: =+IFERROR(VLOOKUP(E70,'DANH MỤC'!$C:$H,3,0),"") | I70: =+IFERROR(VLOOKUP(E70,'DANH MỤC'!$C:$H,4,0),"") | J70: =+IFERROR(VLOOKUP(E70,'DANH MỤC'!$C:$H,5,0),"") | L70: 8.23
A71: =+ROW()-5 -> 66 | C71: 45524 | D71: Xuất vật tư sx | E71: OG.12.7.1000 | F71: =+IFERROR(VLOOKUP(E71,'DANH MỤC'!$C:$H,2,0),"") -> Ống lõi giấy phi 120x7x1000mm | G71: =+IFERROR(VLOOKUP(E71,'DANH MỤC'!$C:$H,6,0),"") -> Cái | H71: =+IFERROR(VLOOKUP(E71,'DANH MỤC'!$C:$H,3,0),"") -> 120 | I71: =+IFERROR(VLOOKUP(E71,'DANH MỤC'!$C:$H,4,0),"") -> 70 | J71: =+IFERROR(VLOOKUP(E71,'DANH MỤC'!$C:$H,5,0),"") -> 1000 | L71: 40
A72: =+ROW()-5 -> 67 | C72: 45525 | D72: Xuất bán TLTL | E72: LGT210/95-TS | F72: =+IFERROR(VLOOKUP(E72,'DANH MỤC'!$C:$H,2,0),"") -> Lưỡi gà trắng 95mm x 800m x 210gsm | G72: =+IFERROR(VLOOKUP(E72,'DANH MỤC'!$C:$H,6,0),"") -> Cuộn | H72: =+IFERROR(VLOOKUP(E72,'DANH MỤC'!$C:$H,3,0),"") -> 210 | I72: =+IFERROR(VLOOKUP(E72,'DANH MỤC'!$C:$H,4,0),"") -> 95 | J72: =+IFERROR(VLOOKUP(E72,'DANH MỤC'!$C:$H,5,0),"") -> 800 | L72: 60
A73: =+ROW()-5 -> 68 | C73: 45525 | D73: Xuất bán TLTL | E73: LGT210/71-TS | F73: =+IFERROR(VLOOKUP(E73,'DANH MỤC'!$C:$H,2,0),"") -> Lưỡi gà trắng 71mm x 800m x 210gsm | G73: =+IFERROR(VLOOKUP(E73,'DANH MỤC'!$C:$H,6,0),"") -> Cuộn | H73: =+IFERROR(VLOOKUP(E73,'DANH MỤC'!$C:$H,3,0),"") -> 210 | I73: =+IFERROR(VLOOKUP(E73,'DANH MỤC'!$C:$H,4,0),"") -> 71 | J73: =+IFERROR(VLOOKUP(E73,'DANH MỤC'!$C:$H,5,0),"") -> 800 | L73: 420
A74: =+ROW()-5 -> 69 | C74: 45526 | D74: Nhập Thành Phẩm LSX 43.2024 | E74: LGT250/90-TS | F74: =+IFERROR(VLOOKUP(E74,'DANH MỤC'!$C:$H,2,0),"") -> Lưỡi gà trắng 90mm x 800m x 250gsm | G74: =+IFERROR(VLOOKUP(E74,'DANH MỤC'!$C:$H,6,0),"") -> Cuộn | H74: =+IFERROR(VLOOKUP(E74,'DANH MỤC'!$C:$H,3,0),"") -> 250 | I74: =+IFERROR(VLOOKUP(E74,'DANH MỤC'!$C:$H,4,0),"") -> 90 | J74: =+IFERROR(VLOOKUP(E74,'DANH MỤC'!$C:$H,5,0),"") -> 800 | K74: 286
A75: =+ROW()-5 -> 70 | C75: 45526 | D75: Xuất bán TLTL | E75: LGT230/98-TS | F75: =+IFERROR(VLOOKUP(E75,'DANH MỤC'!$C:$H,2,0),"") -> Lưỡi gà trắng 98mm x 800m x 230gsm | G75: =+IFERROR(VLOOKUP(E75,'DANH MỤC'!$C:$H,6,0),"") -> Cuộn | H75: =+IFERROR(VLOOKUP(E75,'DANH MỤC'!$C:$H,3,0),"") -> 230 | I75: =+IFERROR(VLOOKUP(E75,'DANH MỤC'!$C:$H,4,0),"") -> 98 | J75: =+IFERROR(VLOOKUP(E75,'DANH MỤC'!$C:$H,5,0),"") -> 800 | L75: 360
A76: =+ROW()-5 -> 71 | C76: 45527 | D76: Nhập Kho NVL | E76: INIB250100 | F76: =+IFERROR(VLOOKUP(E76,'DANH MỤC'!$C:$H,2,0),"") -> Ivory Ningbo | G76: =+IFERROR(VLOOKUP(E76,'DANH MỤC'!$C:$H,6,0),"") -> Kg | H76: =+IFERROR(VLOOKUP(E76,'DANH MỤC'!$C:$H,3,0),"") -> 250 | I76: =+IFERROR(VLOOKUP(E76,'DANH MỤC'!$C:$H,4,0),"") -> 100 | J76: =+IFERROR(VLOOKUP(E76,'DANH MỤC'!$C:$H,5,0),"") | K76: 7200 | M76: Nhập hàng của BB Thăng Long
A77: =+ROW()-5 -> 72 | C77: 45527 | D77: Nhập Kho NVL | E77: INIB250100 | F77: =+IFERROR(VLOOKUP(E77,'DANH MỤC'!$C:$H,2,0),"") -> Ivory Ningbo | G77: =+IFERROR(VLOOKUP(E77,'DANH MỤC'!$C:$H,6,0),"") -> Kg | H77: =+IFERROR(VLOOKUP(E77,'DANH MỤC'!$C:$H,3,0),"") -> 250 | I77: =+IFERROR(VLOOKUP(E77,'DANH MỤC'!$C:$H,4,0),"") -> 100 | J77: =+IFERROR(VLOOKUP(E77,'DANH MỤC'!$C:$H,5,0),"") | K77: 7200 | M77: Nhập hàng của BB Thăng Long
A78: =+ROW()-5 -> 73 | C78: 45528 | D78: Xuất LG BBMN | E78: LGT250/90-TS | F78: =+IFERROR(VLOOKUP(E78,'DANH MỤC'!$C:$H,2,0),"") -> Lưỡi gà trắng 90mm x 800m x 250gsm | G78: =+IFERROR(VLOOKUP(E78,'DANH MỤC'!$C:$H,6,0),"") -> Cuộn | H78: =+IFERROR(VLOOKUP(E78,'DANH MỤC'!$C:$H,3,0),"") -> 250 | I78: =+IFERROR(VLOOKUP(E78,'DANH MỤC'!$C:$H,4,0),"") -> 90 | J78: =+IFERROR(VLOOKUP(E78,'DANH MỤC'!$C:$H,5,0),"") -> 800 | L78: 260 | M78: BBMN
A79: =+ROW()-5 -> 74 | C79: 45528 | D79: Xuất vật tư sx | E79: PL11.11.130 | F79: =+IFERROR(VLOOKUP(E79,'DANH MỤC'!$C:$H,2,0),"") -> Pallet gỗ 1100x1100x130mm | G79: =+IFERROR(VLOOKUP(E79,'DANH MỤC'!$C:$H,6,0),"") -> Bộ | H79: =+IFERROR(VLOOKUP(E79,'DANH MỤC'!$C:$H,3,0),"") -> 1100 | I79: =+IFERROR(VLOOKUP(E79,'DANH MỤC'!$C:$H,4,0),"") -> 1100 | J79: =+IFERROR(VLOOKUP(E79,'DANH MỤC'!$C:$H,5,0),"") -> 130 | L79: 18
A80: =+ROW()-5 -> 75 | C80: 45528 | D80: Xuất vật tư sx | E80: MANGPE | F80: =+IFERROR(VLOOKUP(E80,'DANH MỤC'!$C:$H,2,0),"") -> Màng Strecth Film 5.0-0.6kg | G80: =+IFERROR(VLOOKUP(E80,'DANH MỤC'!$C:$H,6,0),"") -> Kg | H80: =+IFERROR(VLOOKUP(E80,'DANH MỤC'!$C:$H,3,0),"") | I80: =+IFERROR(VLOOKUP(E80,'DANH MỤC'!$C:$H,4,0),"") | J80: =+IFERROR(VLOOKUP(E80,'DANH MỤC'!$C:$H,5,0),"") | L80: 12.11
A81: =+ROW()-5 -> 76 | C81: 45528 | D81: Xuất vật tư sx | E81: DAY.DAI.PET | F81: =+IFERROR(VLOOKUP(E81,'DANH MỤC'!$C:$H,2,0),"") -> Dây đai PET xanh (B) | G81: =+IFERROR(VLOOKUP(E81,'DANH MỤC'!$C:$H,6,0),"") -> Kg | H81: =+IFERROR(VLOOKUP(E81,'DANH MỤC'!$C:$H,3,0),"") | I81: =+IFERROR(VLOOKUP(E81,'DANH MỤC'!$C:$H,4,0),"") | J81: =+IFERROR(VLOOKUP(E81,'DANH MỤC'!$C:$H,5,0),"") | L81: 20.49
A82: =+ROW()-5 -> 77 | C82: 45528 | D82: Xuất vật tư sx | E82: GIAYBAOLG | F82: =+IFERROR(VLOOKUP(E82,'DANH MỤC'!$C:$H,2,0),"") -> Giấy bao gói lưỡi gà | G82: =+IFERROR(VLOOKUP(E82,'DANH MỤC'!$C:$H,6,0),"") -> Kg | H82: =+IFERROR(VLOOKUP(E82,'DANH MỤC'!$C:$H,3,0),"") | I82: =+IFERROR(VLOOKUP(E82,'DANH MỤC'!$C:$H,4,0),"") | J82: =+IFERROR(VLOOKUP(E82,'DANH MỤC'!$C:$H,5,0),"") | L82: 15.68
A83: =+ROW()-5 -> 78 | C83: 45528 | D83: Xuất vật tư sx | E83: OG.12.7.1000 | F83: =+IFERROR(VLOOKUP(E83,'DANH MỤC'!$C:$H,2,0),"") -> Ống lõi giấy phi 120x7x1000mm | G83: =+IFERROR(VLOOKUP(E83,'DANH MỤC'!$C:$H,6,0),"") -> Cái | H83: =+IFERROR(VLOOKUP(E83,'DANH MỤC'!$C:$H,3,0),"") -> 120 | I83: =+IFERROR(VLOOKUP(E83,'DANH MỤC'!$C:$H,4,0),"") -> 70 | J83: =+IFERROR(VLOOKUP(E83,'DANH MỤC'!$C:$H,5,0),"") -> 1000 | L83: 78
A84: =+ROW()-5 -> 79 | C84: 45530 | D84: Nhập Kho NVL | E84: INIB21086 | F84: =+IFERROR(VLOOKUP(E84,'DANH MỤC'!$C:$H,2,0),"") -> Ivory Ningbo | G84: =+IFERROR(VLOOKUP(E84,'DANH MỤC'!$C:$H,6,0),"") -> Kg | H84: =+IFERROR(VLOOKUP(E84,'DANH MỤC'!$C:$H,3,0),"") -> 210 | I84: =+IFERROR(VLOOKUP(E84,'DANH MỤC'!$C:$H,4,0),"") -> 86 | J84: =+IFERROR(VLOOKUP(E84,'DANH MỤC'!$C:$H,5,0),"") | K84: 7317 | M84: Nhập hàng của BB Thăng Long
A85: =+ROW()-5 -> 80 | C85: 45531 | D85: Nhập Kho NVL | E85: INIB21086 | F85: =+IFERROR(VLOOKUP(E85,'DANH MỤC'!$C:$H,2,0),"") -> Ivory Ningbo | G85: =+IFERROR(VLOOKUP(E85,'DANH MỤC'!$C:$H,6,0),"") -> Kg | H85: =+IFERROR(VLOOKUP(E85,'DANH MỤC'!$C:$H,3,0),"") -> 210 | I85: =+IFERROR(VLOOKUP(E85,'DANH MỤC'!$C:$H,4,0),"") -> 86 | J85: =+IFERROR(VLOOKUP(E85,'DANH MỤC'!$C:$H,5,0),"") | K85: 4065 | M85: Nhập hàng của BB Thăng Long
A86: =+ROW()-5 -> 81 | C86: 45531 | D86: Nhập Kho NVL | E86: INIB250100 | F86: =+IFERROR(VLOOKUP(E86,'DANH MỤC'!$C:$H,2,0),"") -> Ivory Ningbo | G86: =+IFERROR(VLOOKUP(E86,'DANH MỤC'!$C:$H,6,0),"") -> Kg | H86: =+IFERROR(VLOOKUP(E86,'DANH MỤC'!$C:$H,3,0),"") -> 250 | I86: =+IFERROR(VLOOKUP(E86,'DANH MỤC'!$C:$H,4,0),"") -> 100 | J86: =+IFERROR(VLOOKUP(E86,'DANH MỤC'!$C:$H,5,0),"") | K86: 2700 | M86: Nhập hàng của BB Thăng Long
A87: =+ROW()-5 -> 82 | C87: 45531 | D87: Nhập Mua Vật Tư | E87: PL11.11.130 | F87: =+IFERROR(VLOOKUP(E87,'DANH MỤC'!$C:$H,2,0),"") -> Pallet gỗ 1100x1100x130mm | G87: =+IFERROR(VLOOKUP(E87,'DANH MỤC'!$C:$H,6,0),"") -> Bộ | H87: =+IFERROR(VLOOKUP(E87,'DANH MỤC'!$C:$H,3,0),"") -> 1100 | I87: =+IFERROR(VLOOKUP(E87,'DANH MỤC'!$C:$H,4,0),"") -> 1100 | J87: =+IFERROR(VLOOKUP(E87,'DANH MỤC'!$C:$H,5,0),"") -> 130 | K87: 50
A88: =+ROW()-5 -> 83 | C88: 45545 | D88: Xuất bán TLTL | E88: LGT210/71-TS | F88: =+IFERROR(VLOOKUP(E88,'DANH MỤC'!$C:$H,2,0),"") -> Lưỡi gà trắng 71mm x 800m x 210gsm | G88: =+IFERROR(VLOOKUP(E88,'DANH MỤC'!$C:$H,6,0),"") -> Cuộn | H88: =+IFERROR(VLOOKUP(E88,'DANH MỤC'!$C:$H,3,0),"") -> 210 | I88: =+IFERROR(VLOOKUP(E88,'DANH MỤC'!$C:$H,4,0),"") -> 71 | J88: =+IFERROR(VLOOKUP(E88,'DANH MỤC'!$C:$H,5,0),"") -> 800 | L88: 480
A89: =+ROW()-5 -> 84 | C89: 45546 | D89: Nhập Thành Phẩm LSX 44.2024 | E89: LGT250/90-TS | F89: =+IFERROR(VLOOKUP(E89,'DANH MỤC'!$C:$H,2,0),"") -> Lưỡi gà trắng 90mm x 800m x 250gsm | G89: =+IFERROR(VLOOKUP(E89,'DANH MỤC'!$C:$H,6,0),"") -> Cuộn | H89: =+IFERROR(VLOOKUP(E89,'DANH MỤC'!$C:$H,3,0),"") -> 250 | I89: =+IFERROR(VLOOKUP(E89,'DANH MỤC'!$C:$H,4,0),"") -> 90 | J89: =+IFERROR(VLOOKUP(E89,'DANH MỤC'!$C:$H,5,0),"") -> 800 | K89: 494
A90: =+ROW()-5 -> 85 | C90: 45546 | D90: Xuất LG BBMN | E90: LGT250/90-TS | F90: =+IFERROR(VLOOKUP(E90,'DANH MỤC'!$C:$H,2,0),"") -> Lưỡi gà trắng 90mm x 800m x 250gsm | G90: =+IFERROR(VLOOKUP(E90,'DANH MỤC'!$C:$H,6,0),"") -> Cuộn | H90: =+IFERROR(VLOOKUP(E90,'DANH MỤC'!$C:$H,3,0),"") -> 250 | I90: =+IFERROR(VLOOKUP(E90,'DANH MỤC'!$C:$H,4,0),"") -> 90 | J90: =+IFERROR(VLOOKUP(E90,'DANH MỤC'!$C:$H,5,0),"") -> 800 | L90: 520 | M90: BBMN
A91: =+ROW()-5 -> 86 | C91: 45548 | D91: Nhập Thành Phẩm LSX 44.2024 | E91: LGT250/90-TS | F91: =+IFERROR(VLOOKUP(E91,'DANH MỤC'!$C:$H,2,0),"") -> Lưỡi gà trắng 90mm x 800m x 250gsm | G91: =+IFERROR(VLOOKUP(E91,'DANH MỤC'!$C:$H,6,0),"") -> Cuộn | H91: =+IFERROR(VLOOKUP(E91,'DANH MỤC'!$C:$H,3,0),"") -> 250 | I91: =+IFERROR(VLOOKUP(E91,'DANH MỤC'!$C:$H,4,0),"") -> 90 | J91: =+IFERROR(VLOOKUP(E91,'DANH MỤC'!$C:$H,5,0),"") -> 800 | K91: 441
A92: =+ROW()-5 -> 87 | C92: 45548 | D92: Xuất vật tư sx | E92: PL11.11.130 | F92: =+IFERROR(VLOOKUP(E92,'DANH MỤC'!$C:$H,2,0),"") -> Pallet gỗ 1100x1100x130mm | G92: =+IFERROR(VLOOKUP(E92,'DANH MỤC'!$C:$H,6,0),"") -> Bộ | H92: =+IFERROR(VLOOKUP(E92,'DANH MỤC'!$C:$H,3,0),"") -> 1100 | I92: =+IFERROR(VLOOKUP(E92,'DANH MỤC'!$C:$H,4,0),"") -> 1100 | J92: =+IFERROR(VLOOKUP(E92,'DANH MỤC'!$C:$H,5,0),"") -> 130 | L92: 7
A93: =+ROW()-5 -> 88 | C93: 45548 | D93: Xuất vật tư sx | E93: MANGPE | F93: =+IFERROR(VLOOKUP(E93,'DANH MỤC'!$C:$H,2,0),"") -> Màng Strecth Film 5.0-0.6kg | G93: =+IFERROR(VLOOKUP(E93,'DANH MỤC'!$C:$H,6,0),"") -> Kg | H93: =+IFERROR(VLOOKUP(E93,'DANH MỤC'!$C:$H,3,0),"") | I93: =+IFERROR(VLOOKUP(E93,'DANH MỤC'!$C:$H,4,0),"") | J93: =+IFERROR(VLOOKUP(E93,'DANH MỤC'!$C:$H,5,0),"") | L93: 4.71
A94: =+ROW()-5 -> 89 | C94: 45548 | D94: Xuất vật tư sx | E94: DAY.DAI.PET | F94: =+IFERROR(VLOOKUP(E94,'DANH MỤC'!$C:$H,2,0),"") -> Dây đai PET xanh (B) | G94: =+IFERROR(VLOOKUP(E94,'DANH MỤC'!$C:$H,6,0),"") -> Kg | H94: =+IFERROR(VLOOKUP(E94,'DANH MỤC'!$C:$H,3,0),"") | I94: =+IFERROR(VLOOKUP(E94,'DANH MỤC'!$C:$H,4,0),"") | J94: =+IFERROR(VLOOKUP(E94,'DANH MỤC'!$C:$H,5,0),"") | L94: 7.97
A95: =+ROW()-5 -> 90 | C95: 45548 | D95: Xuất vật tư sx | E95: GIAYBAOLG | F95: =+IFERROR(VLOOKUP(E95,'DANH MỤC'!$C:$H,2,0),"") -> Giấy bao gói lưỡi gà | G95: =+IFERROR(VLOOKUP(E95,'DANH MỤC'!$C:$H,6,0),"") -> Kg | H95: =+IFERROR(VLOOKUP(E95,'DANH MỤC'!$C:$H,3,0),"") | I95: =+IFERROR(VLOOKUP(E95,'DANH MỤC'!$C:$H,4,0),"") | J95: =+IFERROR(VLOOKUP(E95,'DANH MỤC'!$C:$H,5,0),"") | L95: 8.53
A96: =+ROW()-5 -> 91 | C96: 45548 | D96: Xuất vật tư sx | E96: OG.12.7.1000 | F96: =+IFERROR(VLOOKUP(E96,'DANH MỤC'!$C:$H,2,0),"") -> Ống lõi giấy phi 120x7x1000mm | G96: =+IFERROR(VLOOKUP(E96,'DANH MỤC'!$C:$H,6,0),"") -> Cái | H96: =+IFERROR(VLOOKUP(E96,'DANH MỤC'!$C:$H,3,0),"") -> 120 | I96: =+IFERROR(VLOOKUP(E96,'DANH MỤC'!$C:$H,4,0),"") -> 70 | J96: =+IFERROR(VLOOKUP(E96,'DANH MỤC'!$C:$H,5,0),"") -> 1000 | L96: 36
A97: =+ROW()-5 -> 92 | C97: 45548 | D97: Xuất vật tư sx | E97: BG2M2.5CM-15YARD | F97: =+IFERROR(VLOOKUP(E97,'DANH MỤC'!$C:$H,2,0),"") | G97: =+IFERROR(VLOOKUP(E97,'DANH MỤC'!$C:$H,6,0),"") | H97: =+IFERROR(VLOOKUP(E97,'DANH MỤC'!$C:$H,3,0),"") | I97: =+IFERROR(VLOOKUP(E97,'DANH MỤC'!$C:$H,4,0),"") | J97: =+IFERROR(VLOOKUP(E97,'DANH MỤC'!$C:$H,5,0),"") | L97: 6
A98: =+ROW()-5 -> 93 | C98: 45551 | D98: Nhập Kho NVL | E98: INIB250109 | F98: =+IFERROR(VLOOKUP(E98,'DANH MỤC'!$C:$H,2,0),"") -> Ivory Ningbo | G98: =+IFERROR(VLOOKUP(E98,'DANH MỤC'!$C:$H,6,0),"") -> Kg | H98: =+IFERROR(VLOOKUP(E98,'DANH MỤC'!$C:$H,3,0),"") -> 250 | I98: =+IFERROR(VLOOKUP(E98,'DANH MỤC'!$C:$H,4,0),"") -> 109 | J98: =+IFERROR(VLOOKUP(E98,'DANH MỤC'!$C:$H,5,0),"") | K98: 7848 | M98: Nhập hàng của BB Thăng Long
A99: =+ROW()-5 -> 94 | B99: VS-16092024-TS | C99: 45551 | D99: Xuất NVL LSX Việt Sing | E99: INIB21065 | F99: =+IFERROR(VLOOKUP(E99,'DANH MỤC'!$C:$H,2,0),"") -> Ivory Ningbo | G99: =+IFERROR(VLOOKUP(E99,'DANH MỤC'!$C:$H,6,0),"") -> Kg | H99: =+IFERROR(VLOOKUP(E99,'DANH MỤC'!$C:$H,3,0),"") -> 210 | I99: =+IFERROR(VLOOKUP(E99,'DANH MỤC'!$C:$H,4,0),"") -> 65 | J99: =+IFERROR(VLOOKUP(E99,'DANH MỤC'!$C:$H,5,0),"") | L99: 315
A100: =+ROW()-5 -> 95 | B100: VS-16092024-TS | C100: 45551 | D100: Xuất NVL LSX Việt Sing | E100: INIB210109 | F100: =+IFERROR(VLOOKUP(E100,'DANH MỤC'!$C:$H,2,0),"") -> Ivory Ningbo | G100: =+IFERROR(VLOOKUP(E100,'DANH MỤC'!$C:$H,6,0),"") -> Kg | H100: =+IFERROR(VLOOKUP(E100,'DANH MỤC'!$C:$H,3,0),"") -> 210 | I100: =+IFERROR(VLOOKUP(E100,'DANH MỤC'!$C:$H,4,0),"") -> 109 | J100: =+IFERROR(VLOOKUP(E100,'DANH MỤC'!$C:$H,5,0),"") | L100: 1030
A101: =+ROW()-5 -> 96 | C101: 45552 | D101: Nhập Kho NVL | E101: INIB250109 | F101: =+IFERROR(VLOOKUP(E101,'DANH MỤC'!$C:$H,2,0),"") -> Ivory Ningbo | G101: =+IFERROR(VLOOKUP(E101,'DANH MỤC'!$C:$H,6,0),"") -> Kg | H101: =+IFERROR(VLOOKUP(E101,'DANH MỤC'!$C:$H,3,0),"") -> 250 | I101: =+IFERROR(VLOOKUP(E101,'DANH MỤC'!$C:$H,4,0),"") -> 109 | J101: =+IFERROR(VLOOKUP(E101,'DANH MỤC'!$C:$H,5,0),"") | K101: 981 | M101: Nhập hàng của BB Thăng Long
A102: =+ROW()-5 -> 97 | C102: 45552 | D102: Nhập Kho NVL | E102: INIB21079 | F102: =+IFERROR(VLOOKUP(E102,'DANH MỤC'!$C:$H,2,0),"") -> Ivory Ningbo | G102: =+IFERROR(VLOOKUP(E102,'DANH MỤC'!$C:$H,6,0),"") -> Kg | H102: =+IFERROR(VLOOKUP(E102,'DANH MỤC'!$C:$H,3,0),"") -> 210 | I102: =+IFERROR(VLOOKUP(E102,'DANH MỤC'!$C:$H,4,0),"") -> 79 | J102: =+IFERROR(VLOOKUP(E102,'DANH MỤC'!$C:$H,5,0),"") | K102: 5908 | M102: Nhập hàng của BB Thăng Long
A103: =+ROW()-5 -> 98 | C103: 45553 | D103: Nhập Thành Phẩm LSX 45.2024 | E103: LGT210/71-TS | F103: =+IFERROR(VLOOKUP(E103,'DANH MỤC'!$C:$H,2,0),"") -> Lưỡi gà trắng 71mm x 800m x 210gsm | G103: =+IFERROR(VLOOKUP(E103,'DANH MỤC'!$C:$H,6,0),"") -> Cuộn | H103: =+IFERROR(VLOOKUP(E103,'DANH MỤC'!$C:$H,3,0),"") -> 210 | I103: =+IFERROR(VLOOKUP(E103,'DANH MỤC'!$C:$H,4,0),"") -> 71 | J103: =+IFERROR(VLOOKUP(E103,'DANH MỤC'!$C:$H,5,0),"") -> 800 | K103: 419
...

Sheet THÀNH PHẨM
A7: TỒN KHO THÀNH PHẨM
A8: STT | B8: MÃ TP | C8: TÊN HÀNG | D8: ĐL (GSM) | E8: KHỔ (MM) | F8: DÀI (M) | G8: ĐVT | H8: TỒN ĐK | I8: NHẬP | J8: XUẤT | K8: TỒN CK | L8: GHI CHÚ | M8: TÌNH TRẠNG HÀNG HÓA
A9: =+ROW()-8 -> 1 | B9: LGT210/71-TS | C9: Lưỡi gà trắng 71mm x 800m x 210gsm | D9: 210 | E9: 71 | F9: 800 | G9: Cuộn | H9: 988 | I9: =+SUMIF('NHẬP LIỆU'!$E:$E,'THÀNH PHẨM'!$B9,'NHẬP LIỆU'!$K:$K) -> 25004 | J9: =+SUMIF('NHẬP LIỆU'!$E:$E,'THÀNH PHẨM'!$B9,'NHẬP LIỆU'!$L:$L) -> 25992 | K9: =+'THÀNH PHẨM'!$H9+'THÀNH PHẨM'!$I9-'THÀNH PHẨM'!$J9 -> 0 | O9: =+('THÀNH PHẨM'!$D9*'THÀNH PHẨM'!$E9*'THÀNH PHẨM'!$F9/1000000)*'THÀNH PHẨM'!$K9 -> 0
A10: =+ROW()-8 -> 2 | B10: LGT210/83-TS | C10: Lưỡi gà trắng 83mm x 800m x 210gsm | D10: 210 | E10: 83 | F10: 800 | G10: Cuộn | H10: 30 | I10: =+SUMIF('NHẬP LIỆU'!$E:$E,'THÀNH PHẨM'!$B10,'NHẬP LIỆU'!$K:$K) -> 632 | J10: =+SUMIF('NHẬP LIỆU'!$E:$E,'THÀNH PHẨM'!$B10,'NHẬP LIỆU'!$L:$L) -> 661 | K10: =+'THÀNH PHẨM'!$H10+'THÀNH PHẨM'!$I10-'THÀNH PHẨM'!$J10 -> 1 | L10: 1 | O10: =+('THÀNH PHẨM'!$D10*'THÀNH PHẨM'!$E10*'THÀNH PHẨM'!$F10/1000000)*'THÀNH PHẨM'!$K10 -> 13.944
A11: 3 | B11: LGT210/88-TS | C11: Lưỡi gà trắng 88mm x 800m x 210gsm | D11: 210 | E11: 88 | F11: 800 | G11: Cuộn | H11: 0 | I11: =+SUMIF('NHẬP LIỆU'!$E:$E,'THÀNH PHẨM'!$B11,'NHẬP LIỆU'!$K:$K) -> 260 | J11: =+SUMIF('NHẬP LIỆU'!$E:$E,'THÀNH PHẨM'!$B11,'NHẬP LIỆU'!$L:$L) -> 260 | K11: =+'THÀNH PHẨM'!$H11+'THÀNH PHẨM'!$I11-'THÀNH PHẨM'!$J11 -> 0 | O11: =+('THÀNH PHẨM'!$D11*'THÀNH PHẨM'!$E11*'THÀNH PHẨM'!$F11/1000000)*'THÀNH PHẨM'!$K11 -> 0
A12: =+ROW()-8 -> 4 | B12: LGT210/91-TS | C12: Lưỡi gà trắng 91mm x 800m x 210gsm | D12: 210 | E12: 91 | F12: 800 | G12: Cuộn | H12: 0 | I12: =+SUMIF('NHẬP LIỆU'!$E:$E,'THÀNH PHẨM'!$B12,'NHẬP LIỆU'!$K:$K) -> 80 | J12: =+SUMIF('NHẬP LIỆU'!$E:$E,'THÀNH PHẨM'!$B12,'NHẬP LIỆU'!$L:$L) -> 80 | K12: =+'THÀNH PHẨM'!$H12+'THÀNH PHẨM'!$I12-'THÀNH PHẨM'!$J12 -> 0 | O12: =+('THÀNH PHẨM'!$D12*'THÀNH PHẨM'!$E12*'THÀNH PHẨM'!$F12/1000000)*'THÀNH PHẨM'!$K12 -> 0
A13: =+ROW()-8 -> 5 | B13: LGT210/96.5-TS | C13: Lưỡi gà trắng 96.5mm x 800m x 210gsm | D13: 210 | E13: 96.5 | F13: 800 | G13: Cuộn | H13: 0 | I13: =+SUMIF('NHẬP LIỆU'!$E:$E,'THÀNH PHẨM'!$B13,'NHẬP LIỆU'!$K:$K) -> 22 | J13: =+SUMIF('NHẬP LIỆU'!$E:$E,'THÀNH PHẨM'!$B13,'NHẬP LIỆU'!$L:$L) -> 22 | K13: =+'THÀNH PHẨM'!$H13+'THÀNH PHẨM'!$I13-'THÀNH PHẨM'!$J13 -> 0
A14: =+ROW()-8 -> 6 | B14: LGT210/95-TS | C14: Lưỡi gà trắng 95mm x 800m x 210gsm | D14: 210 | E14: 95 | F14: 800 | G14: Cuộn | H14: 426 | I14: =+SUMIF('NHẬP LIỆU'!$E:$E,'THÀNH PHẨM'!$B14,'NHẬP LIỆU'!$K:$K) -> 9592 | J14: =+SUMIF('NHẬP LIỆU'!$E:$E,'THÀNH PHẨM'!$B14,'NHẬP LIỆU'!$L:$L) -> 8945 | K14: =+'THÀNH PHẨM'!$H14+'THÀNH PHẨM'!$I14-'THÀNH PHẨM'!$J14 -> 1073 | L14: (2*60+18*52 + LẺ 17) | O14: =+('THÀNH PHẨM'!$D14*'THÀNH PHẨM'!$E14*'THÀNH PHẨM'!$F14/1000000)*'THÀNH PHẨM'!$K14 -> 17125.08
A15: =+ROW()-8 -> 7 | B15: LGT230/75-TS | C15: Lưỡi gà trắng 75mm x 800m x 230gsm | D15: 230 | E15: 75 | F15: 800 | G15: Cuộn | H15: 0 | I15: =+SUMIF('NHẬP LIỆU'!$E:$E,'THÀNH PHẨM'!$B15,'NHẬP LIỆU'!$K:$K) -> 186 | J15: =+SUMIF('NHẬP LIỆU'!$E:$E,'THÀNH PHẨM'!$B15,'NHẬP LIỆU'!$L:$L) -> 1 | K15: =+'THÀNH PHẨM'!$H15+'THÀNH PHẨM'!$I15-'THÀNH PHẨM'!$J15 -> 185 | L15: (3*60)+5
A16: =+ROW()-8 -> 8 | B16: LGT230/95-TS | C16: Lưỡi gà trắng 95mm x 800m x 230gsm | D16: 230 | E16: 95 | F16: 800 | G16: Cuộn | H16: 5 | I16: =+SUMIF('NHẬP LIỆU'!$E:$E,'THÀNH PHẨM'!$B16,'NHẬP LIỆU'!$K:$K) -> 5654 | J16: =+SUMIF('NHẬP LIỆU'!$E:$E,'THÀNH PHẨM'!$B16,'NHẬP LIỆU'!$L:$L) -> 5346 | K16: =+'THÀNH PHẨM'!$H16+'THÀNH PHẨM'!$I16-'THÀNH PHẨM'!$J16 -> 313 | L16: (5*60)+5+8 | O16: =+('THÀNH PHẨM'!$D16*'THÀNH PHẨM'!$E16*'THÀNH PHẨM'!$F16/1000000)*'THÀNH PHẨM'!$K16 -> 5471.24
A17: =+ROW()-8 -> 9 | B17: LGT230/97-TS | C17: Lưỡi gà trắng 97mm x 800m x 230gsm | D17: 230 | E17: 97 | F17: 800 | G17: Cuộn | H17: 0 | I17: =+SUMIF('NHẬP LIỆU'!$E:$E,'THÀNH PHẨM'!$B17,'NHẬP LIỆU'!$K:$K) -> 1 | J17: =+SUMIF('NHẬP LIỆU'!$E:$E,'THÀNH PHẨM'!$B17,'NHẬP LIỆU'!$L:$L) -> 1 | K17: =+'THÀNH PHẨM'!$H17+'THÀNH PHẨM'!$I17-'THÀNH PHẨM'!$J17 -> 0 | O17: =+('THÀNH PHẨM'!$D17*'THÀNH PHẨM'!$E17*'THÀNH PHẨM'!$F17/1000000)*'THÀNH PHẨM'!$K17 -> 0
A18: =+ROW()-8 -> 10 | B18: LGT230/98-TS | C18: Lưỡi gà trắng 98mm x 800m x 230gsm | D18: 230 | E18: 98 | F18: 800 | G18: Cuộn | H18: 145 | I18: =+SUMIF('NHẬP LIỆU'!$E:$E,'THÀNH PHẨM'!$B18,'NHẬP LIỆU'!$K:$K) -> 3849 | J18: =+SUMIF('NHẬP LIỆU'!$E:$E,'THÀNH PHẨM'!$B18,'NHẬP LIỆU'!$L:$L) -> 3994 | K18: =+'THÀNH PHẨM'!$H18+'THÀNH PHẨM'!$I18-'THÀNH PHẨM'!$J18 -> 0 | O18: =+('THÀNH PHẨM'!$D18*'THÀNH PHẨM'!$E18*'THÀNH PHẨM'!$F18/1000000)*'THÀNH PHẨM'!$K18 -> 0
A19: =+ROW()-8 -> 11 | B19: LGT250/90-TS | C19: Lưỡi gà trắng 90mm x 800m x 250gsm | D19: 250 | E19: 90 | F19: 800 | G19: Cuộn | H19: 0 | I19: =+SUMIF('NHẬP LIỆU'!$E:$E,'THÀNH PHẨM'!$B19,'NHẬP LIỆU'!$K:$K) -> 15143 | J19: =+SUMIF('NHẬP LIỆU'!$E:$E,'THÀNH PHẨM'!$B19,'NHẬP LIỆU'!$L:$L) -> 13739 | K19: =+'THÀNH PHẨM'!$H19+'THÀNH PHẨM'!$I19-'THÀNH PHẨM'!$J19 -> 1404 | L19: (27*52) | O19: =+('THÀNH PHẨM'!$D19*'THÀNH PHẨM'!$E19*'THÀNH PHẨM'!$F19/1000000)*'THÀNH PHẨM'!$K19 -> 25272
C20: TỔNG | H20: =SUM(H9:H19) -> 1594 | I20: =SUM(I9:I19) -> 60423 | J20: =SUM(J9:J19) -> 59041 | K20: =SUM(K9:K19) -> 2976 | O20: =SUM(O9:O19) -> 47882.264

Sheet BÁN TP
A1: TỒN KHO BTP
A2: STT | B2: MÃ BTP | C2: TÊN HÀNG | D2: ĐL (GSM) | E2: KHỔ (MM) | F2: DÀI (M) | G2: ĐVT | H2: TỒN CUỘN | I2: KG | J2: GHI CHÚ
A3: =+ROW()-2 -> 1
A4: =+ROW()-2 -> 2
A5: =+ROW()-2 -> 3
A6: =+ROW()-2 -> 4
A7: =+ROW()-2 -> 5
A8: =+ROW()-2 -> 6
A9: =+ROW()-2 -> 7
A10: =+ROW()-2 -> 8

Sheet NVL
A8: TỔNG HỢP XUẤT NHẬP TỒN NVL
K9: =+SUBTOTAL(9,$K$11:$K$608) -> 127778
A10: STT | B10: MÃ HÀNG | C10: TÊN HÀNG | D10: ĐL | E10: KHỔ | F10: DÀI | G10: ĐVT | H10: TỒN ĐẦU | I10: NHẬP | J10: XUẤT | K10: TỒN CUỒI | L10: GHI CHÚ
A11: =+SUBTOTAL(3,$B$11:B11) -> 1 | B11: INIB21065 | C11: Ivory Ningbo | D11: 210 | E11: 65 | G11: Kg | H11: 0 | I11: =+SUMIF('NHẬP LIỆU'!$E:$E,NVL!$B11,'NHẬP LIỆU'!$K:$K) -> 315 | J11: =+SUMIF('NHẬP LIỆU'!$E:$E,NVL!$B11,'NHẬP LIỆU'!$L:$L) -> 315 | K11: =+NVL!$H11+NVL!$I11-NVL!$J11 -> 0
A12: =+SUBTOTAL(3,$B$11:B12) -> 2 | B12: INIB21070 | C12: Ivory Ningbo | D12: 210 | E12: 70 | G12: Kg | H12: 0 | I12: =+SUMIF('NHẬP LIỆU'!$E:$E,NVL!$B12,'NHẬP LIỆU'!$K:$K) -> 3834 | J12: =+SUMIF('NHẬP LIỆU'!$E:$E,NVL!$B12,'NHẬP LIỆU'!$L:$L) -> 3834 | K12: =+NVL!$H12+NVL!$I12-NVL!$J12 -> 0
A13: =+SUBTOTAL(3,$B$11:B13) -> 3 | B13: INIB21079 | C13: Ivory Ningbo | D13: 210 | E13: 79 | G13: Kg | H13: 0 | I13: =+SUMIF('NHẬP LIỆU'!$E:$E,NVL!$B13,'NHẬP LIỆU'!$K:$K) -> 20166 | J13: =+SUMIF('NHẬP LIỆU'!$E:$E,NVL!$B13,'NHẬP LIỆU'!$L:$L) -> 20166 | K13: =+NVL!$H13+NVL!$I13-NVL!$J13 -> 0
A14: =+SUBTOTAL(3,$B$11:B14) -> 4 | B14: INIB21086 | C14: Ivory Ningbo | D14: 210 | E14: 86 | G14: Kg | H14: 0 | I14: =+SUMIF('NHẬP LIỆU'!$E:$E,NVL!$B14,'NHẬP LIỆU'!$K:$K) -> 11453 | J14: =+SUMIF('NHẬP LIỆU'!$E:$E,NVL!$B14,'NHẬP LIỆU'!$L:$L) -> 11453 | K14: =+NVL!$H14+NVL!$I14-NVL!$J14 -> 0
A15: =+SUBTOTAL(3,$B$11:B15) -> 5 | B15: INIB210106 | C15: Ivory Ningbo | D15: 210 | E15: 106 | G15: Kg | I15: =+SUMIF('NHẬP LIỆU'!$E:$E,NVL!$B15,'NHẬP LIỆU'!$K:$K) -> 20328 | J15: =+SUMIF('NHẬP LIỆU'!$E:$E,NVL!$B15,'NHẬP LIỆU'!$L:$L) -> 10648 | K15: =+NVL!$H15+NVL!$I15-NVL!$J15 -> 9680 | L15: 10 C * 968 kg
A16: =+SUBTOTAL(3,$B$11:B16) -> 6 | B16: INIB210108 | C16: Ivory Ningbo | D16: 210 | E16: 108 | G16: Kg | H16: 0 | I16: =+SUMIF('NHẬP LIỆU'!$E:$E,NVL!$B16,'NHẬP LIỆU'!$K:$K) -> 277347 | J16: =+SUMIF('NHẬP LIỆU'!$E:$E,NVL!$B16,'NHẬP LIỆU'!$L:$L) -> 220388 | K16: =+NVL!$H16+NVL!$I16-NVL!$J16 -> 56959 | L16: 57C*987 + DC 700KG
A17: =+SUBTOTAL(3,$B$11:B17) -> 7 | B17: INIB210109 | C17: Ivory Ningbo | D17: 210 | E17: 109 | G17: Kg | H17: 0 | I17: =+SUMIF('NHẬP LIỆU'!$E:$E,NVL!$B17,'NHẬP LIỆU'!$K:$K) -> 206218 | J17: =+SUMIF('NHẬP LIỆU'!$E:$E,NVL!$B17,'NHẬP LIỆU'!$L:$L) -> 206218 | K17: =+NVL!$H17+NVL!$I17-NVL!$J17 -> 0
A18: =+SUBTOTAL(3,$B$11:B18) -> 8 | B18: INIB23065 | C18: Ivory Ningbo | D18: 230 | E18: 65 | G18: Kg | H18: 0 | I18: =+SUMIF('NHẬP LIỆU'!$E:$E,NVL!$B18,'NHẬP LIỆU'!$K:$K) -> 30 | J18: =+SUMIF('NHẬP LIỆU'!$E:$E,NVL!$B18,'NHẬP LIỆU'!$L:$L) -> 30 | K18: =+NVL!$H18+NVL!$I18-NVL!$J18 -> 0
A19: =+SUBTOTAL(3,$B$11:B19) -> 9 | B19: INIB23079 | C19: Ivory Ningbo | D19: 230 | E19: 79 | G19: Kg | H19: 0 | I19: =+SUMIF('NHẬP LIỆU'!$E:$E,NVL!$B19,'NHẬP LIỆU'!$K:$K) -> 684 | J19: =+SUMIF('NHẬP LIỆU'!$E:$E,NVL!$B19,'NHẬP LIỆU'!$L:$L) -> 75 | K19: =+NVL!$H19+NVL!$I19-NVL!$J19 -> 609 | L19: 1CD 609kg AVP - nòng to
A20: =+SUBTOTAL(3,$B$11:B20) -> 10 | B20: INIB230106 | C20: Ivory Ningbo | D20: 230 | E20: 106 | G20: Kg | H20: 0 | I20: =+SUMIF('NHẬP LIỆU'!$E:$E,NVL!$B20,'NHẬP LIỆU'!$K:$K) -> 35187 | J20: =+SUMIF('NHẬP LIỆU'!$E:$E,NVL!$B20,'NHẬP LIỆU'!$L:$L) -> 17369 | K20: =+NVL!$H20+NVL!$I20-NVL!$J20 -> 17818 | L20: 18C *951kg + CD700kg
A21: =+SUBTOTAL(3,$B$11:B21) -> 11 | B21: INIB230108 | C21: Ivory Ningbo | D21: 230 | E21: 108 | G21: Kg | H21: 0 | I21: =+SUMIF('NHẬP LIỆU'!$E:$E,NVL!$B21,'NHẬP LIỆU'!$K:$K) -> 86241 | J21: =+SUMIF('NHẬP LIỆU'!$E:$E,NVL!$B21,'NHẬP LIỆU'!$L:$L) -> 58859 | K21: =+NVL!$H21+NVL!$I21-NVL!$J21 -> 27382 | L21: 28C*969 + 1CD 250kg
A22: =+SUBTOTAL(3,$B$11:B22) -> 12 | B22: INIB230109 | C22: Ivory Ningbo | D22: 230 | E22: 109 | G22: Kg | H22: 0 | I22: =+SUMIF('NHẬP LIỆU'!$E:$E,NVL!$B22,'NHẬP LIỆU'!$K:$K) -> 92705 | J22: =+SUMIF('NHẬP LIỆU'!$E:$E,NVL!$B22,'NHẬP LIỆU'!$L:$L) -> 87985 | K22: =+NVL!$H22+NVL!$I22-NVL!$J22 -> 4720 | L22: 4C * 990 + 1CD 760kG
A23: =+SUBTOTAL(3,$B$11:B23) -> 13 | B23: INIB25065 | C23: Ivory Ningbo | D23: 250 | E23: 65 | G23: Kg | H23: 0 | I23: =+SUMIF('NHẬP LIỆU'!$E:$E,NVL!$B23,'NHẬP LIỆU'!$K:$K) -> 3620 | J23: =+SUMIF('NHẬP LIỆU'!$E:$E,NVL!$B23,'NHẬP LIỆU'!$L:$L) -> 3620 | K23: =+NVL!$H23+NVL!$I23-NVL!$J23 -> 0
A24: =+SUBTOTAL(3,$B$11:B24) -> 14 | B24: INIB25075 | C24: Ivory Ningbo | D24: 250 | E24: 75 | G24: Kg | H24: 0 | I24: =+SUMIF('NHẬP LIỆU'!$E:$E,NVL!$B24,'NHẬP LIỆU'!$K:$K) -> 3375 | J24: =+SUMIF('NHẬP LIỆU'!$E:$E,NVL!$B24,'NHẬP LIỆU'!$L:$L) -> 3375 | K24: =+NVL!$H24+NVL!$I24-NVL!$J24 -> 0
A25: =+SUBTOTAL(3,$B$11:B25) -> 15 | B25: INIB250100 | C25: Ivory Ningbo | D25: 250 | E25: 100 | G25: Kg | H25: 0 | I25: =+SUMIF('NHẬP LIỆU'!$E:$E,NVL!$B25,'NHẬP LIỆU'!$K:$K) -> 17100 | J25: =+SUMIF('NHẬP LIỆU'!$E:$E,NVL!$B25,'NHẬP LIỆU'!$L:$L) -> 17100 | K25: =+NVL!$H25+NVL!$I25-NVL!$J25 -> 0
A26: =+SUBTOTAL(3,$B$11:B26) -> 16 | B26: INIB250102 | C26: Ivory Ningbo | D26: 250 | E26: 102 | G26: Kg | H26: 0 | I26: =+SUMIF('NHẬP LIỆU'!$E:$E,NVL!$B26,'NHẬP LIỆU'!$K:$K) -> 5508 | J26: =+SUMIF('NHẬP LIỆU'!$E:$E,NVL!$B26,'NHẬP LIỆU'!$L:$L) -> 5508 | K26: =+NVL!$H26+NVL!$I26-NVL!$J26 -> 0
A27: =+SUBTOTAL(3,$B$11:B27) -> 17 | B27: INIB250109 | C27: Ivory Ningbo | D27: 250 | E27: 109 | G27: Kg | H27: 0 | I27: =+SUMIF('NHẬP LIỆU'!$E:$E,NVL!$B27,'NHẬP LIỆU'!$K:$K) -> 259559 | J27: =+SUMIF('NHẬP LIỆU'!$E:$E,NVL!$B27,'NHẬP LIỆU'!$L:$L) -> 248949 | K27: =+NVL!$H27+NVL!$I27-NVL!$J27 -> 10610 | L27: 10C *981kg + CD 800KG
A28: =+SUBTOTAL(3,$B$11:B28) -> 18 | B28: IIPS210109 | C28: Ivory IPSUN | D28: 210 | E28: 109 | G28: Kg | H28: 0 | I28: =+SUMIF('NHẬP LIỆU'!$E:$E,NVL!$B28,'NHẬP LIỆU'!$K:$K) -> 10195 | J28: =+SUMIF('NHẬP LIỆU'!$E:$E,NVL!$B28,'NHẬP LIỆU'!$L:$L) -> 10195 | K28: =+NVL!$H28+NVL!$I28-NVL!$J28 -> 0
A29: =+SUBTOTAL(3,$B$11:B29) -> 19 | B29: IIPS230109 | C29: Ivory IPSUN | D29: 230 | E29: 109 | G29: Kg | H29: 0 | I29: =+SUMIF('NHẬP LIỆU'!$E:$E,NVL!$B29,'NHẬP LIỆU'!$K:$K) -> 12220 | J29: =+SUMIF('NHẬP LIỆU'!$E:$E,NVL!$B29,'NHẬP LIỆU'!$L:$L) -> 12220 | K29: =+NVL!$H29+NVL!$I29-NVL!$J29 -> 0
A30: =+SUBTOTAL(3,$B$11:B30) -> 20 | B30: IIPS25084 | C30: Ivory IPSUN | D30: 250 | E30: 84 | G30: Kg | H30: 0 | I30: =+SUMIF('NHẬP LIỆU'!$E:$E,NVL!$B30,'NHẬP LIỆU'!$K:$K) -> 149 | J30: =+SUMIF('NHẬP LIỆU'!$E:$E,NVL!$B30,'NHẬP LIỆU'!$L:$L) -> 149 | K30: =+NVL!$H30+NVL!$I30-NVL!$J30 -> 0
A31: =+SUBTOTAL(3,$B$11:B31) -> 21 | B31: IIPS250109 | C31: Ivory IPSUN | D31: 250 | E31: 109 | G31: Kg | H31: 0 | I31: =+SUMIF('NHẬP LIỆU'!$E:$E,NVL!$B31,'NHẬP LIỆU'!$K:$K) -> 134 | J31: =+SUMIF('NHẬP LIỆU'!$E:$E,NVL!$B31,'NHẬP LIỆU'!$L:$L) -> 134 | K31: =+NVL!$H31+NVL!$I31-NVL!$J31 -> 0
A32: =+SUBTOTAL(3,$B$11:B32) -> 21 | H32: 0 | I32: =+SUMIF('NHẬP LIỆU'!$E:$E,NVL!$B32,'NHẬP LIỆU'!$K:$K) -> 0 | J32: =+SUMIF('NHẬP LIỆU'!$E:$E,NVL!$B32,'NHẬP LIỆU'!$L:$L) -> 0 | K32: =+NVL!$H32+NVL!$I32-NVL!$J32 -> 0
A33: =+SUBTOTAL(3,$B$11:B33) -> 21 | I33: =+SUMIF('NHẬP LIỆU'!$E:$E,NVL!$B33,'NHẬP LIỆU'!$K:$K) -> 0 | J33: =+SUMIF('NHẬP LIỆU'!$E:$E,NVL!$B33,'NHẬP LIỆU'!$L:$L) -> 0 | K33: =+NVL!$H33+NVL!$I33-NVL!$J33 -> 0
A34: =+SUBTOTAL(3,$B$11:B34) -> 21 | I34: =+SUMIF('NHẬP LIỆU'!$E:$E,NVL!$B34,'NHẬP LIỆU'!$K:$K) -> 0 | J34: =+SUMIF('NHẬP LIỆU'!$E:$E,NVL!$B34,'NHẬP LIỆU'!$L:$L) -> 0 | K34: =+NVL!$H34+NVL!$I34-NVL!$J34 -> 0
A35: =+SUBTOTAL(3,$B$11:B35) -> 21 | I35: =+SUMIF('NHẬP LIỆU'!$E:$E,NVL!$B35,'NHẬP LIỆU'!$K:$K) -> 0 | J35: =+SUMIF('NHẬP LIỆU'!$E:$E,NVL!$B35,'NHẬP LIỆU'!$L:$L) -> 0 | K35: =+NVL!$H35+NVL!$I35-NVL!$J35 -> 0
A36: =+SUBTOTAL(3,$B$11:B36) -> 21 | I36: =+SUMIF('NHẬP LIỆU'!$E:$E,NVL!$B36,'NHẬP LIỆU'!$K:$K) -> 0 | J36: =+SUMIF('NHẬP LIỆU'!$E:$E,NVL!$B36,'NHẬP LIỆU'!$L:$L) -> 0 | K36: =+NVL!$H36+NVL!$I36-NVL!$J36 -> 0
A37: =+SUBTOTAL(3,$B$11:B37) -> 21 | I37: =+SUMIF('NHẬP LIỆU'!$E:$E,NVL!$B37,'NHẬP LIỆU'!$K:$K) -> 0 | J37: =+SUMIF('NHẬP LIỆU'!$E:$E,NVL!$B37,'NHẬP LIỆU'!$L:$L) -> 0 | K37: =+NVL!$H37+NVL!$I37-NVL!$J37 -> 0
A38: =+SUBTOTAL(3,$B$11:B38) -> 21 | I38: =+SUMIF('NHẬP LIỆU'!$E:$E,NVL!$B38,'NHẬP LIỆU'!$K:$K) -> 0 | J38: =+SUMIF('NHẬP LIỆU'!$E:$E,NVL!$B38,'NHẬP LIỆU'!$L:$L) -> 0 | K38: =+NVL!$H38+NVL!$I38-NVL!$J38 -> 0
A39: =+SUBTOTAL(3,$B$11:B39) -> 21 | I39: =+SUMIF('NHẬP LIỆU'!$E:$E,NVL!$B39,'NHẬP LIỆU'!$K:$K) -> 0 | J39: =+SUMIF('NHẬP LIỆU'!$E:$E,NVL!$B39,'NHẬP LIỆU'!$L:$L) -> 0 | K39: =+NVL!$H39+NVL!$I39-NVL!$J39 -> 0
A40: =+SUBTOTAL(3,$B$11:B40) -> 21 | I40: =+SUMIF('NHẬP LIỆU'!$E:$E,NVL!$B40,'NHẬP LIỆU'!$K:$K) -> 0 | J40: =+SUMIF('NHẬP LIỆU'!$E:$E,NVL!$B40,'NHẬP LIỆU'!$L:$L) -> 0 | K40: =+NVL!$H40+NVL!$I40-NVL!$J40 -> 0
A41: =+SUBTOTAL(3,$B$11:B41) -> 21 | I41: =+SUMIF('NHẬP LIỆU'!$E:$E,NVL!$B41,'NHẬP LIỆU'!$K:$K) -> 0 | J41: =+SUMIF('NHẬP LIỆU'!$E:$E,NVL!$B41,'NHẬP LIỆU'!$L:$L) -> 0 | K41: =+NVL!$H41+NVL!$I41-NVL!$J41 -> 0
A42: =+SUBTOTAL(3,$B$11:B42) -> 21 | I42: =+SUMIF('NHẬP LIỆU'!$E:$E,NVL!$B42,'NHẬP LIỆU'!$K:$K) -> 0 | J42: =+SUMIF('NHẬP LIỆU'!$E:$E,NVL!$B42,'NHẬP LIỆU'!$L:$L) -> 0 | K42: =+NVL!$H42+NVL!$I42-NVL!$J42 -> 0
A43: =+SUBTOTAL(3,$B$11:B43) -> 21 | I43: =+SUMIF('NHẬP LIỆU'!$E:$E,NVL!$B43,'NHẬP LIỆU'!$K:$K) -> 0 | J43: =+SUMIF('NHẬP LIỆU'!$E:$E,NVL!$B43,'NHẬP LIỆU'!$L:$L) -> 0 | K43: =+NVL!$H43+NVL!$I43-NVL!$J43 -> 0
A44: =+SUBTOTAL(3,$B$11:B44) -> 21 | I44: =+SUMIF('NHẬP LIỆU'!$E:$E,NVL!$B44,'NHẬP LIỆU'!$K:$K) -> 0 | J44: =+SUMIF('NHẬP LIỆU'!$E:$E,NVL!$B44,'NHẬP LIỆU'!$L:$L) -> 0 | K44: =+NVL!$H44+NVL!$I44-NVL!$J44 -> 0
... A612: =+SUBTOTAL(3,$B$11:B612) -> 21 | I612: =+SUMIF('NHẬP LIỆU'!$E:$E,NVL!$B612,'NHẬP LIỆU'!$K:$K) -> 0 | J612: =+SUMIF('NHẬP LIỆU'!$E:$E,NVL!$B612,'NHẬP LIỆU'!$L:$L) -> 0 | K612: =+NVL!$H612+NVL!$I612-NVL!$J612 -> 0

Sheet VẬT TƯ
C1: VẬT TƯ SẢN XUẤT
H2: =+SUBTOTAL(9,$H$4:$H$63) -> 14366.139
A3: STT | B3: MÃ HÀNG | C3: TÊN HÀNG | D3: ĐVT | E3: TỒN ĐẦU | F3: NHẬP | G3: XUẤT | H3: TỒN | I3: GHI CHÚ
A4: =+ROW()-3 -> 1 | B4: PL12.12.130 | C4: Pallet gỗ 1200x1200x130mm | D4: Bộ | E4: 3 | F4: =+SUMIF('NHẬP LIỆU'!$E:$E,'VẬT TƯ'!B4,'NHẬP LIỆU'!$K:$K) -> 446 | G4: =+SUMIF('NHẬP LIỆU'!$E:$E,'VẬT TƯ'!B4,'NHẬP LIỆU'!$L:$L) -> 447 | H4: =+E4+F4-G4 -> 2
A5: =+ROW()-3 -> 2 | B5: PL11.11.130 | C5: Pallet gỗ 1100x1100x130mm | D5: Bộ | E5: 0 | F5: =+SUMIF('NHẬP LIỆU'!$E:$E,'VẬT TƯ'!B5,'NHẬP LIỆU'!$K:$K) -> 712 | G5: =+SUMIF('NHẬP LIỆU'!$E:$E,'VẬT TƯ'!B5,'NHẬP LIỆU'!$L:$L) -> 662 | H5: =+E5+F5-G5 -> 50
A6: =+ROW()-3 -> 3 | B6: NEP1.15 | C6: Nẹp gỗ pallet dài 1.15m | D6: Cái | E6: 0 | F6: =+SUMIF('NHẬP LIỆU'!$E:$E,'VẬT TƯ'!B6,'NHẬP LIỆU'!$K:$K) -> 1200 | G6: =+SUMIF('NHẬP LIỆU'!$E:$E,'VẬT TƯ'!B6,'NHẬP LIỆU'!$L:$L) -> 1200 | H6: =+E6+F6-G6 -> 0
A7: =+ROW()-3 -> 4 | B7: OG.12.7.71 | C7: Ống lõi giấy phi 120x7x71mm | D7: Cái | E7: 0 | F7: =+SUMIF('NHẬP LIỆU'!$E:$E,'VẬT TƯ'!B7,'NHẬP LIỆU'!$K:$K) -> 34000 | G7: =+SUMIF('NHẬP LIỆU'!$E:$E,'VẬT TƯ'!B7,'NHẬP LIỆU'!$L:$L) -> 24702 | H7: =+E7+F7-G7 -> 9298
A8: =+ROW()-3 -> 5 | B8: OG.12.7.88 | C8: Ống lõi giấy phi 120x7x88mm | D8: Cái | E8: 0 | F8: =+SUMIF('NHẬP LIỆU'!$E:$E,'VẬT TƯ'!B8,'NHẬP LIỆU'!$K:$K) -> 260 | G8: =+SUMIF('NHẬP LIỆU'!$E:$E,'VẬT TƯ'!B8,'NHẬP LIỆU'!$L:$L) -> 260 | H8: =+E8+F8-G8 -> 0
A9: =+ROW()-3 -> 6 | B9: OG.12.7.90 | C9: Ống lõi giấy phi 120x7x90mm | D9: Cái | E9: 0 | F9: =+SUMIF('NHẬP LIỆU'!$E:$E,'VẬT TƯ'!B9,'NHẬP LIỆU'!$K:$K) -> 14000 | G9: =+SUMIF('NHẬP LIỆU'!$E:$E,'VẬT TƯ'!B9,'NHẬP LIỆU'!$L:$L) -> 13850 | H9: =+E9+F9-G9 -> 150
A10: =+ROW()-3 -> 7 | B10: OG.12.7.95 | C10: Ống lõi giấy phi 120x7x95mm | D10: Cái | E10: 0 | F10: =+SUMIF('NHẬP LIỆU'!$E:$E,'VẬT TƯ'!B10,'NHẬP LIỆU'!$K:$K) -> 16500 | G10: =+SUMIF('NHẬP LIỆU'!$E:$E,'VẬT TƯ'!B10,'NHẬP LIỆU'!$L:$L) -> 14729 | H10: =+E10+F10-G10 -> 1771 | K10: =1.1*1.1*0.23 -> 0.2783
A11: =+ROW()-3 -> 8 | B11: OG.12.7.98 | C11: Ống lõi giấy phi 120x7x98mm | D11: Cái | E11: 0 | F11: =+SUMIF('NHẬP LIỆU'!$E:$E,'VẬT TƯ'!B11,'NHẬP LIỆU'!$K:$K) -> 5000 | G11: =+SUMIF('NHẬP LIỆU'!$E:$E,'VẬT TƯ'!B11,'NHẬP LIỆU'!$L:$L) -> 3605 | H11: =+E11+F11-G11 -> 1395
A12: =+ROW()-3 -> 9 | B12: OG.12.7.1000 | C12: Ống lõi giấy phi 120x7x1000mm | D12: Cái | E12: 0 | F12: =+SUMIF('NHẬP LIỆU'!$E:$E,'VẬT TƯ'!B12,'NHẬP LIỆU'!$K:$K) -> 436 | G12: =+SUMIF('NHẬP LIỆU'!$E:$E,'VẬT TƯ'!B12,'NHẬP LIỆU'!$L:$L) -> 370 | H12: =+E12+F12-G12 -> 66
A13: =+ROW()-3 -> 10 | B13: MANGPE | C13: Màng Strecth Film 5.0-0.6kg | D13: Kg | E13: 36.62 | F13: =+SUMIF('NHẬP LIỆU'!$E:$E,'VẬT TƯ'!B13,'NHẬP LIỆU'!$K:$K) -> 640.2 | G13: =+SUMIF('NHẬP LIỆU'!$E:$E,'VẬT TƯ'!B13,'NHẬP LIỆU'!$L:$L) -> 566.62875 | H13: =+E13+F13-G13 -> 110.19125 | I13: (1c = 4,4kg) | K13: =+'VẬT TƯ'!$H13/4.4 -> 25.043466
A14: =+ROW()-3 -> 11 | B14: KRAFT | C14: Kraft nâu LG (cuộn) | D14: Kg | E14: 0 | F14: =+SUMIF('NHẬP LIỆU'!$E:$E,'VẬT TƯ'!B14,'NHẬP LIỆU'!$K:$K) -> 1562 | G14: =+SUMIF('NHẬP LIỆU'!$E:$E,'VẬT TƯ'!B14,'NHẬP LIỆU'!$L:$L) -> 1084 | H14: =+E14+F14-G14 -> 478 | I14: 65+413
A15: =+ROW()-3 -> 12 | B15: GIAYBAOLG | C15: Giấy bao gói lưỡi gà | D15: Kg | E15: 0 | F15: =+SUMIF('NHẬP LIỆU'!$E:$E,'VẬT TƯ'!B15,'NHẬP LIỆU'!$K:$K) -> 1157 | G15: =+SUMIF('NHẬP LIỆU'!$E:$E,'VẬT TƯ'!B15,'NHẬP LIỆU'!$L:$L) -> 808.53997 | H15: =+E15+F15-G15 -> 348.46003
A16: =+ROW()-3 -> 13 | B16: DAY.DAI.PET | C16: Dây đai PET xanh (B) | D16: Kg | E16: 112.31 | F16: =+SUMIF('NHẬP LIỆU'!$E:$E,'VẬT TƯ'!B16,'NHẬP LIỆU'!$K:$K) -> 700 | G16: =+SUMIF('NHẬP LIỆU'!$E:$E,'VẬT TƯ'!B16,'NHẬP LIỆU'!$L:$L) -> 781.37206 | H16: =+E16+F16-G16 -> 30.93794 | I16: (1c=20kg) | K16: =+'VẬT TƯ'!$H16/20 -> 1.546897
A17: =+ROW()-3 -> 14 | B17: GIAYLOTDG | C17: Giấy lót đóng gói | D17: Kg | E17: 0 | F17: =+SUMIF('NHẬP LIỆU'!$E:$E,'VẬT TƯ'!B17,'NHẬP LIỆU'!$K:$K) -> 990.55 | G17: =+SUMIF('NHẬP LIỆU'!$E:$E,'VẬT TƯ'!B17,'NHẬP LIỆU'!$L:$L) -> 324 | H17: =+E17+F17-G17 -> 666.55

Sheet NKSX
A2: NKSX | P2: =+SUBTOTAL(9,$P$5:$P$490) -> 767430.98
A3: STT | B3: NGÀY CẮT | C3: Số ĐH | D3: LSX | E3: Khách | F3: MÃ NVL | G3: Loại Giấy | H3: NVL | K3: MÃ TP | L3: TP | Q3: BTP | T3: Bao bì (kg) | U3: Nòng Ống | W3: Giấy phế(Kg) | X3: Cuộn dở(Kg) | Y3: Hao hụt (kg) | AC3: Vật Tư | AK3: Thợ cắt | AL3: Ngày hoàn thành | AM3: Ghi Chú
H4: ĐL (Gsm) | I4: Khổ (cm) | J4: Trọng Lượng (kg) | L4: ĐL (Gsm) | M4: Khổ (mm) | N4: dài (m) | O4: Số Cuộn | P4: Trọng Lượng (kg) | Q4: dài (m) | R4: Số Cuộn | S4: Trọng Lượng (kg) | U4: Trọng lượng (kg) | V4: Số lượng (cái) | Y4: Hao hụt (kg) | Z4: Tổng hao hụt(Kg) | AA4: % Hao Hụt | AB4: Hiệu Suất | AC4: Kích Thước pallet | AD4: số lượng (cái) | AE4: Nẹp Gỗ | AF4: Ống giấy (cái) | AG4: Màng Pe (kg) | AH4: Dây đai pet (kg) | AI4: Giấy bao gói (kg) | AJ4: Giấy lot ĐG (kg)
A5: =+ROW()-4 -> 1 | B5: 45499 | C5: 01.07/LGT-BBMN | D5: 39/2024 | E5: BBMN | F5: INIB250109 | G5: =+IFERROR(VLOOKUP(F5,NVL!$B:$C,2,0),"") -> Ivory Ningbo | H5: =+IFERROR(VLOOKUP(F5,NVL!$B:$D,3,0),"") -> 250 | I5: =+IFERROR(VLOOKUP(F5,NVL!$B:$F,4,0),"") -> 109 | J5: =3*981 -> 2943 | K5: LGT250/90-TS | L5: =+IFERROR(VLOOKUP(K5,'THÀNH PHẨM'!$B:$F,3,0),"") -> 250 | M5: =+IFERROR(VLOOKUP(K5,'THÀNH PHẨM'!$B:$F,4,0),"") -> 90 | N5: =+IFERROR(VLOOKUP(K5,'THÀNH PHẨM'!$B:$F,5,0),"") -> 800 | O5: 162 | P5: =+IFERROR(((L5*M5*N5)*O5/1000000),"") -> 2916 | S5: =+IFERROR(((L5*M5*Q5)*R5/1000000),"") -> 0 | T5: 6 | U5: 18 | V5: 3 | W5: 27 | Y5: =+IF(J5="","",J5-P5-S5-W5-X5) -> 0 | Z5: =+IF(J5<>"",Y5+W5,0) -> 27 | AA5: =+IF(IF(J5=";",Z5/J5)<0,0%,(IF(J5="","",Z5/J5))) -> 0.0091743119 | AK5: Vinh | AL5: 45506
A6: =+ROW()-4 -> 2 | B6: 45499 | C6: 01.07/LGT-BBMN | D6: 39/2024 | E6: BBMN | F6: INIB25065 | G6: =+IFERROR(VLOOKUP(F6,NVL!$B:$C,2,0),"") -> Ivory Ningbo | H6: =+IFERROR(VLOOKUP(F6,NVL!$B:$D,3,0),"") -> 250 | I6: =+IFERROR(VLOOKUP(F6,NVL!$B:$F,4,0),"") -> 65 | J6: =6*585 -> 3510 | K6: LGT250/90-TS | L6: =+IFERROR(VLOOKUP(K6,'THÀNH PHẨM'!$B:$F,3,0),"") -> 250 | M6: =+IFERROR(VLOOKUP(K6,'THÀNH PHẨM'!$B:$F,4,0),"") -> 90 | N6: =+IFERROR(VLOOKUP(K6,'THÀNH PHẨM'!$B:$F,5,0),"") -> 800 | O6: 181 | P6: =+IFERROR(((L6*M6*N6)*O6/1000000),"") -> 3258 | Q6: 420 | R6: 1 | S6: =+IFERROR(((L6*M6*Q6)*R6/1000000),"") -> 9.45 | T6: 12 | U6: 36 | V6: 6 | W6: 212.85 | Y6: =+IF(J6="","",J6-P6-S6-W6-X6-S7) -> 0 | Z6: =+IF(J6<>"",Y6+W6,0) -> 212.85 | AA6: =+IF(IF(J6=";",Z6/J6)<0,0%,(IF(J6="","",Z6/J6))) -> 0.060641026 | AK6: Vinh | AL6: 45506
A7: =+ROW()-4 -> 3 | B7: 45499 | C7: 01.07/LGT-BBMN | D7: 39/2024 | E7: BBMN | F7: INIB25065 | G7: =+IFERROR(VLOOKUP(F7,NVL!$B:$C,2,0),"") -> Ivory Ningbo | H7: =+IFERROR(VLOOKUP(F7,NVL!$B:$D,3,0),"") -> 250 | I7: =+IFERROR(VLOOKUP(F7,NVL!$B:$F,4,0),"") -> 65 | K7: LGT250/90-TS | L7: =+IFERROR(VLOOKUP(K7,'THÀNH PHẨM'!$B:$F,3,0),"") -> 250 | M7: =+IFERROR(VLOOKUP(K7,'THÀNH PHẨM'!$B:$F,4,0),"") -> 90 | N7: =+IFERROR(VLOOKUP(K7,'THÀNH PHẨM'!$B:$F,5,0),"") -> 800 | P7: =+IFERROR(((L7*M7*N7)*O7/1000000),"") -> 0 | Q7: 330 | R7: 4 | S7: =+IFERROR(((L7*M7*Q7)*R7/1000000),"") -> 29.7 | AK7: Vinh | AL7: 45506
A8: =+ROW()-4 -> 4 | B8: 45499 | C8: 01.07/LGT-BBMN | D8: 39/2024 | E8: BBMN | F8: INIB25075 | G8: =+IFERROR(VLOOKUP(F8,NVL!$B:$C,2,0),"") -> Ivory Ningbo | H8: =+IFERROR(VLOOKUP(F8,NVL!$B:$D,3,0),"") -> 250 | I8: =+IFERROR(VLOOKUP(F8,NVL!$B:$F,4,0),"") -> 75 | J8: =675*5 -> 3375 | K8: LGT250/90-TS | L8: =+IFERROR(VLOOKUP(K8,'THÀNH PHẨM'!$B:$F,3,0),"") -> 250 | M8: =+IFERROR(VLOOKUP(K8,'THÀNH PHẨM'!$B:$F,4,0),"") -> 90 | N8: =+IFERROR(VLOOKUP(K8,'THÀNH PHẨM'!$B:$F,5,0),"") -> 800 | O8: 180 | P8: =+IFERROR(((L8*M8*N8)*O8/1000000),"") -> 3240 | S8: =+IFERROR(((L8*M8*Q8)*R8/1000000),"") -> 0 | T8: 10 | U8: 30 | V8: 5 | W8: 135 | Y8: =+IF(J8="","",J8-P8-S8-W8-X8) -> 0 | Z8: =+IF(J8<>"",Y8+W8,0) -> 135 | AA8: =+IF(IF(J8=";",Z8/J8)<0,0%,(IF(J8="","",Z8/J8))) -> 0.04 | AK8: Vinh | AL8: 45506
A9: =+ROW()-4 -> 5 | B9: 45499 | C9: 01.07/LGT-BBMN | D9: 39/2024 | E9: BBMN | F9: IIPS25084 | G9: =+IFERROR(VLOOKUP(F9,NVL!$B:$C,2,0),"") -> Ivory IPSUN | H9: =+IFERROR(VLOOKUP(F9,NVL!$B:$D,3,0),"") -> 250 | I9: =+IFERROR(VLOOKUP(F9,NVL!$B:$F,4,0),"") -> 84 | J9: 128 | K9: LGT250/90-TS | L9: =+IFERROR(VLOOKUP(K9,'THÀNH PHẨM'!$B:$F,3,0),"") -> 250 | M9: =+IFERROR(VLOOKUP(K9,'THÀNH PHẨM'!$B:$F,4,0),"") -> 90 | N9: =+IFERROR(VLOOKUP(K9,'THÀNH PHẨM'!$B:$F,5,0),"") -> 800 | O9: 5 | P9: =+IFERROR(((L9*M9*N9)*O9/1000000),"") -> 90 | S9: =+IFERROR(((L9*M9*Q9)*R9/1000000),"") -> 0 | T9: 1 | W9: 8 | X9: 30 | Y9: =+IF(J9="","",J9-P9-S9-W9-X9) -> 0 | Z9: =+IF(J9<>"",Y9+W9,0) -> 8 | AA9: =+IF(IF(J9=";",Z9/J9)<0,0%,(IF(J9="","",Z9/J9))) -> 0.0625 | AK9: Vinh | AL9: 45506
A10: =+ROW()-4 -> 6 | B10: 45511 | C10: 24/LGT/08 | D10: 40/2024 | E10: TLTL | F10: IIPS230109 | G10: =+IFERROR(VLOOKUP(F10,NVL!$B:$C,2,0),"") -> Ivory IPSUN | H10: =+IFERROR(VLOOKUP(F10,NVL!$B:$D,3,0),"") -> 230 | I10: =+IFERROR(VLOOKUP(F10,NVL!$B:$F,4,0),"") -> 109 | J10: =6*1028+912 -> 7080 | K10: LGT230/98-TS | L10: =+IFERROR(VLOOKUP(K10,'THÀNH PHẨM'!$B:$F,3,0),"") -> 230 | M10: =+IFERROR(VLOOKUP(K10,'THÀNH PHẨM'!$B:$F,4,0),"") -> 98 | N10: =+IFERROR(VLOOKUP(K10,'THÀNH PHẨM'!$B:$F,5,0),"") -> 800 | O10: 363 | P10: =+IFERROR(((L10*M10*N10)*O10/1000000),"") -> 6545.616 | S10: =+IFERROR(((L10*M10*Q10)*R10/1000000),"") -> 0 | T10: 10 | U10: 36 | V10: 6 | W10: 107.38 | X10: 427 | Y10: =+IF(J10="","",J10-P10-S10-W10-X10) -> 0.004 | Z10: =+IF(J10<>"",Y10+W10,0) -> 107.384 | AA10: =+IF(IF(J10=";",Z10/J10)<0,0%,(IF(J10="","",Z10/J10))) -> 0.015167232 | AK10: Vinh | AL10: 45517
A11: =+ROW()-4 -> 7 | B11: 45516 | C11: Hàng mẫu | D11: 41/2024 | E11: VPMN | F11: INIB23065 | G11: =+IFERROR(VLOOKUP(F11,NVL!$B:$C,2,0),"") -> Ivory Ningbo | H11: =+IFERROR(VLOOKUP(F11,NVL!$B:$D,3,0),"") -> 230 | I11: =+IFERROR(VLOOKUP(F11,NVL!$B:$F,4,0),"") -> 65 | J11: 30 | K11: LGT23090 | L11: 230 | M11: 90 | N11: 200 | O11: 2 | P11: =+IFERROR(((L11*M11*N11)*O11/1000000),"") -> 8.28 | S11: =+IFERROR(((L11*M11*Q11)*R11/1000000),"") -> 0 | W11: 4.1 | Y11: =+IF(J11="","",J11-P11-S11-W11-X11-P12-P13) -> 0.002 | Z11: =+IF(J11<>"",Y11+W11,0) -> 4.102 | AA11: =+IF(IF(J11=";",Z11/J11)<0,0%,(IF(J11="","",Z11/J11))) -> 0.13673333 | AK11: Vinh | AL11: 45517
A12: =+ROW()-4 -> 8 | B12: 45516 | C12: Hàng mẫu | D12: 41/2024 | E12: VPMN | K12: LGT23095 | L12: 230 | M12: 95 | N12: 200 | O12: 2 | P12: =+IFERROR(((L12*M12*N12)*O12/1000000),"") -> 8.74 | S12: =+IFERROR(((L12*M12*Q12)*R12/1000000),"") -> 0 | AK12: Vinh | AL12: 45517
A13: =+ROW()-4 -> 9 | B13: 45516 | C13: Hàng mẫu | D13: 41/2024 | E13: VPMN | K13: LGT23096.5 | L13: 230 | M13: 96.5 | N13: 200 | O13: 2 | P13: =+IFERROR(((L13*M13*N13)*O13/1000000),"") -> 8.878 | S13: =+IFERROR(((L13*M13*Q13)*R13/1000000),"") -> 0 | AK13: Vinh | AL13: 45517
A14: =+ROW()-4 -> 10 | B14: 45519 | C14: 01.07/LGT-BBMN (95mm), 24/LGT/08 (71mm), Hàng mẫu (83mm) | D14: 42/2024 | E14: TLBT | F14: IIPS210109 | G14: =+IFERROR(VLOOKUP(F14,NVL!$B:$C,2,0),"") -> Ivory IPSUN | H14: =+IFERROR(VLOOKUP(F14,NVL!$B:$D,3,0),"") -> 210 | I14: =+IFERROR(VLOOKUP(F14,NVL!$B:$F,4,0),"") -> 109 | J14: =1053*5+655+63 -> 5983 | K14: LGT210/95-TS | L14: =+IFERROR(VLOOKUP(K14,'THÀNH PHẨM'!$B:$F,3,0),"") -> 210 | M14: =+IFERROR(VLOOKUP(K14,'THÀNH PHẨM'!$B:$F,4,0),"") -> 95 | N14: =+IFERROR(VLOOKUP(K14,'THÀNH PHẨM'!$B:$F,5,0),"") -> 800 | O14: 286 | P14: =+IFERROR(((L14*M14*N14)*O14/1000000),"") -> 4564.56 | S14: =+IFERROR(((L14*M14*Q14)*R14/1000000),"") -> 0 | T14: 14 | U14: 36 | V14: 6 | W14: 160.84 | X14: 48 | Y14: =+IF(J14="","",J14-P14-S14-W14-X14-P15-P16) -> 0 | Z14: =+IF(J14<>"",Y14+W14,0) -> 160.84 | AA14: =+IF(IF(J14=";",Z14/J14)<0,0%,(IF(J14="","",Z14/J14))) -> 0.026882835 | AK14: Vinh | AL14: 45523
A15: =+ROW()-4 -> 11 | B15: 45519 | C15: 01.07/LGT-BBMN (95mm), 24/LGT/08 (71mm), Hàng mẫu (83mm) | D15: 42/2024 | E15: TLTL | K15: LGT210/83-TS | L15: =+IFERROR(VLOOKUP(K15,'THÀNH PHẨM'!$B:$F,3,0),"") -> 210 | M15: =+IFERROR(VLOOKUP(K15,'THÀNH PHẨM'!$B:$F,4,0),"") -> 83 | N15: =+IFERROR(VLOOKUP(K15,'THÀNH PHẨM'!$B:$F,5,0),"") -> 800 | O15: 32 | P15: =+IFERROR(((L15*M15*N15)*O15/1000000),"") -> 446.208 | S15: =+IFERROR(((L15*M15*Q15)*R15/1000000),"") -> 0 | AK15: Vinh | AL15: 45523
A16: =+ROW()-4 -> 12 | B16: 45519 | C16: 01.07/LGT-BBMN (95mm), 24/LGT/08 (71mm), Hàng mẫu (83mm) | D16: 42/2024 | E16: TLTL | K16: LGT210/71-TS | L16: =+IFERROR(VLOOKUP(K16,'THÀNH PHẨM'!$B:$F,3,0),"") -> 210 | M16: =+IFERROR(VLOOKUP(K16,'THÀNH PHẨM'!$B:$F,4,0),"") -> 71 | N16: =+IFERROR(VLOOKUP(K16,'THÀNH PHẨM'!$B:$F,5,0),"") -> 800 | O16: 64 | P16: =+IFERROR(((L16*M16*N16)*O16/1000000),"") -> 763.392 | S16: =+IFERROR(((L16*M16*Q16)*R16/1000000),"") -> 0 | AK16: Vinh | AL16: 45523
A17: =+ROW()-4 -> 13 | B17: 45524 | C17: 01.08/LGT-BBMN | D17: 43/2024 | E17: BBMN | F17: INIB250102 | G17: =+IFERROR(VLOOKUP(F17,NVL!$B:$C,2,0),"") -> Ivory Ningbo | H17: =+IFERROR(VLOOKUP(F17,NVL!$B:$D,3,0),"") -> 250 | I17: =+IFERROR(VLOOKUP(F17,NVL!$B:$F,4,0),"") -> 102 | J17: =918*6 -> 5508 | K17: LGT250/90-TS | L17: =+IFERROR(VLOOKUP(K17,'THÀNH PHẨM'!$B:$F,3,0),"") -> 250 | M17: =+IFERROR(VLOOKUP(K17,'THÀNH PHẨM'!$B:$F,4,0),"") -> 90 | N17: =+IFERROR(VLOOKUP(K17,'THÀNH PHẨM'!$B:$F,5,0),"") -> 800 | O17: 286 | P17: =+IFERROR(((L17*M17*N17)*O17/1000000),"") -> 5148 | S17: =+IFERROR(((L17*M17*Q17)*R17/1000000),"") -> 0 | T17: 14 | U17: 36 | V17: 6 | W17: 203 | X17: 157 | Y17: =+IF(J17="","",J17-P17-S17-W17-X17) -> 0 | Z17: =+IF(J17<>"",Y17+W17,0) -> 203 | AA17: =+IF(IF(J17=";",Z17/J17)<0,0%,(IF(J17="","",Z17/J17))) -> 0.036855483 | AK17: Vinh | AL17: 45526
A18: =+ROW()-4 -> 14 | B18: 45528 | C18: 02.08/LGT-BBMN (520 cuộn) và 01.09/LGT-BBMN (1040 cuộn) | D18: 44/2024 | E18: BBMN | F18: INIB250102 | G18: =+IFERROR(VLOOKUP(F18,NVL!$B:$C,2,0),"") -> Ivory Ningbo | H18: =+IFERROR(VLOOKUP(F18,NVL!$B:$D,3,0),"") -> 250 | I18: =+IFERROR(VLOOKUP(F18,NVL!$B:$F,4,0),"") -> 102 | J18: 157 | K18: LGT250/90-TS | L18: =+IFERROR(VLOOKUP(K18,'THÀNH PHẨM'!$B:$F,3,0),"") -> 250 | M18: =+IFERROR(VLOOKUP(K18,'THÀNH PHẨM'!$B:$F,4,0),"") -> 90 | N18: =+IFERROR(VLOOKUP(K18,'THÀNH PHẨM'!$B:$F,5,0),"") -> 800 | P18: =+IFERROR(((L18*M18*N18)*O18/1000000),"") -> 0 | Q18: 420 | R18: 11 | S18: =+IFERROR(((L18*M18*Q18)*R18/1000000),"") -> 103.95 | T18: 2 | U18: 7 | V18: 1 | W18: 53.05 | Y18: =+IF(J18="","",J18-P18-S18-W18-X18) -> 0 | Z18: =+IF(J18<>"",Y18+W18,0) -> 53.05 | AA18: =+IF(IF(J18=";",Z18/J18)<0,0%,(IF(J18="","",Z18/J18))) -> 0.33789809 | AK18: Vinh | AL18: 45547
A19: =+ROW()-4 -> 15 | B19: 45528 | C19: 02.08/LGT-BBMN (520 cuộn) và 01.09/LGT-BBMN (1040 cuộn) | D19: 44/2024 | E19: BBMN | F19: INIB250100 | G19: =+IFERROR(VLOOKUP(F19,NVL!$B:$C,2,0),"") -> Ivory Ningbo | H19: =+IFERROR(VLOOKUP(F19,NVL!$B:$D,3,0),"") -> 250 | I19: =+IFERROR(VLOOKUP(F19,NVL!$B:$F,4,0),"") -> 100 | J19: =19*900 -> 17100 | K19: LGT250/90-TS | L19: =+IFERROR(VLOOKUP(K19,'THÀNH PHẨM'!$B:$F,3,0),"") -> 250 | M19: =+IFERROR(VLOOKUP(K19,'THÀNH PHẨM'!$B:$F,4,0),"") -> 90 | N19: =+IFERROR(VLOOKUP(K19,'THÀNH PHẨM'!$B:$F,5,0),"") -> 800 | O19: 935 | P19: =+IFERROR(((L19*M19*N19)*O19/1000000),"") -> 16830 | S19: =+IFERROR(((L19*M19*Q19)*R19/1000000),"") -> 0 | T19: 38 | U19: =18*7 -> 126 | V19: 18 | W19: 187 | X19: 83 | Y19: =+IF(J19="","",J19-P19-S19-W19-X19) -> 0 | Z19: =+IF(J19<>"",Y19+W19,0) -> 187 | AA19: =+IF(IF(J19=";",Z19/J19)<0,0%,(IF(J19="","",Z19/J19))) -> 0.010935673 | AK19: Vinh | AL19: 45547
A20: =+ROW()-4 -> 16 | B20: 45548 | C20: 24/LGT/08 | D20: 45/2024 | E20: TLTL | F20: INIB21086 | G20: =+IFERROR(VLOOKUP(F20,NVL!$B:$C,2,0),"") -> Ivory Ningbo | H20: =+IFERROR(VLOOKUP(F20,NVL!$B:$D,3,0),"") -> 210 | I20: =+IFERROR(VLOOKUP(F20,NVL!$B:$F,4,0),"") -> 86 | J20: =7*813 -> 5691 | K20: LGT210/71-TS | L20: =+IFERROR(VLOOKUP(K20,'THÀNH PHẨM'!$B:$F,3,0),"") -> 210 | M20: =+IFERROR(VLOOKUP(K20,'THÀNH PHẨM'!$B:$F,4,0),"") -> 71 | N20: =+IFERROR(VLOOKUP(K20,'THÀNH PHẨM'!$B:$F,5,0),"") -> 800 | O20: 419 | P20: =+IFERROR(((L20*M20*N20)*O20/1000000),"") -> 4997.832 | Q20: 400 | R20: 12 | S20: =IFERROR(((H20*M20*R20/1000000)*Q20),"") -> 71.568 | T20: 14 | U20: 42 | V20: 6 | W20: 81.6 | X20: 540 | Y20: =+IF(J20="","",J20-P20-S20-W20-X20) -> 0 | Z20: =+IF(J20<>"",Y20+W20,0) -> 81.6 | AA20: =+IF(IF(J20=";",Z20/J20)<0,0%,(IF(J20="","",Z20/J20))) -> 0.014338429 | AK20: Vinh | AL20: 45553
A21: =+ROW()-4 -> 17 | B21: 45553 | C21: 01.09/LGT-BBMN (1040 cuộn | D21: 46/2024 | E21: TLSG | F21: INIB250109 | G21: =+IFERROR(VLOOKUP(F21,NVL!$B:$C,2,0),"") -> Ivory Ningbo | H21: =+IFERROR(VLOOKUP(F21,NVL!$B:$D,3,0),"") -> 250 | I21: =+IFERROR(VLOOKUP(F21,NVL!$B:$F,4,0),"") -> 109 | J21: =9*981 -> 8829 | K21: LGT250/90-TS | L21: =+IFERROR(VLOOKUP(K21,'THÀNH PHẨM'!$B:$F,3,0),"") -> 250 | M21: =+IFERROR(VLOOKUP(K21,'THÀNH PHẨM'!$B:$F,4,0),"") -> 90 | N21: =+IFERROR(VLOOKUP(K21,'THÀNH PHẨM'!$B:$F,5,0),"") -> 800 | O21: 463 | P21: =+IFERROR(((L21*M21*N21)*O21/1000000),"") -> 8334 | Q21: 800 | R21: 5 | S21: =IFERROR(((H21*M21*R21/1000000)*Q21),"") -> 90 | T21: 18 | U21: 56 | V21: 8 | W21: 195 | X21: 210 | Y21: =+IF(J21="","",J21-P21-S21-W21-X21) -> 0 | Z21: =+IF(J21<>"",Y21+W21,0) -> 195 | AA21: =+IF(IF(J21=";",Z21/J21)<0,0%,(IF(J21="","",Z21/J21))) -> 0.022086306 | AK21: Vinh | AL21: 45559
A22: =+ROW()-4 -> 18 | B22: 45560 | C22: 24/LGT/08 và 02.09/LGT-BBMN | D22: 47/2024 | E22: TLBT | F22: IIPS210109 | G22: =+IFERROR(VLOOKUP(F22,NVL!$B:$C,2,0),"") -> Ivory IPSUN | H22: =+IFERROR(VLOOKUP(F22,NVL!$B:$D,3,0),"") -> 210 | I22: =+IFERROR(VLOOKUP(F22,NVL!$B:$F,4,0),"") -> 109 | J22: =1053*4 -> 4212 | K22: LGT210/95-TS | L22: =+IFERROR(VLOOKUP(K22,'THÀNH PHẨM'!$B:$F,3,0),"") -> 210 | M22: =+IFERROR(VLOOKUP(K22,'THÀNH PHẨM'!$B:$F,4,0),"") -> 95 | N22: =+IFERROR(VLOOKUP(K22,'THÀNH PHẨM'!$B:$F,5,0),"") -> 800 | O22: 173 | P22: =+IFERROR(((L22*M22*N22)*O22/1000000),"") -> 2761.08 | Q22: 800 | R22: 12 | S22: 191.52 | T22: 8 | U22: 21 | V22: 3 | W22: 122.17 | X22: 200 | Y22: =+IF(J22="","",J22-P22-S22-W22-X22-P23-P24-P25-S23) -> 0 | Z22: =+IF(J22<>"",Y22+W22,0) -> 122.17 | AA22: =+IF(IF(J22=";",Z22/J22)<0,0%,(IF(J22="","",Z22/J22))) -> 0.029005223 | AK22: Vinh | AL22: 45565
A23: =+ROW()-4 -> 19 | D23: 47/2024 | E23: TLBT | K23: LGT210/95-TS | L23: =+IFERROR(VLOOKUP(K23,'THÀNH PHẨM'!$B:$F,3,0),"") -> 210 | M23: =+IFERROR(VLOOKUP(K23,'THÀNH PHẨM'!$B:$F,4,0),"") -> 95 | N23: =+IFERROR(VLOOKUP(K23,'THÀNH PHẨM'!$B:$F,5,0),"") -> 800 | P23: =+IFERROR(((L23*M23*N23)*O23/1000000),"") -> 0 | Q23: 600 | R23: 7 | S23: 83.79 | AK23: Vinh | AL23: 45565
A24: =+ROW()-4 -> 20 | D24: 47/2024 | E24: TLTL | K24: LGT210/71-TS | L24: =+IFERROR(VLOOKUP(K24,'THÀNH PHẨM'!$B:$F,3,0),"") -> 210 | M24: =+IFERROR(VLOOKUP(K24,'THÀNH PHẨM'!$B:$F,4,0),"") -> 71 | N24: =+IFERROR(VLOOKUP(K24,'THÀNH PHẨM'!$B:$F,5,0),"") -> 800 | O24: 47 | P24: =+IFERROR(((L24*M24*N24)*O24/1000000),"") -> 560.616 | S24: 0 | AK24: Vinh | AL24: 45565
A25: =+ROW()-4 -> 21 | D25: 47/2024 | E25: TLTL | K25: LGT210/83-TS | L25: =+IFERROR(VLOOKUP(K25,'THÀNH PHẨM'!$B:$F,3,0),"") -> 210 | M25: =+IFERROR(VLOOKUP(K25,'THÀNH PHẨM'!$B:$F,4,0),"") -> 83 | N25: =+IFERROR(VLOOKUP(K25,'THÀNH PHẨM'!$B:$F,5,0),"") -> 800 | O25: 21 | P25: =+IFERROR(((L25*M25*N25)*O25/1000000),"") -> 292.824 | S25: 0 | AK25: Vinh | AL25: 45565
A26: =+ROW()-4 -> 22 | B26: 45566 | C26: 03.09/LGT-BBMN | D26: 48/2024 | E26: TLBT | F26: INIB21086 | G26: =+IFERROR(VLOOKUP(F26,NVL!$B:$C,2,0),"") -> Ivory Ningbo | H26: =+IFERROR(VLOOKUP(F26,NVL!$B:$D,3,0),"") -> 210 | I26: =+IFERROR(VLOOKUP(F26,NVL!$B:$F,4,0),"") -> 86 | J26: =813*5+540 -> 4605 | K26: LGT210/95-TS | L26: =+IFERROR(VLOOKUP(K26,'THÀNH PHẨM'!$B:$F,3,0),"") -> 210 | M26: =+IFERROR(VLOOKUP(K26,'THÀNH PHẨM'!$B:$F,4,0),"") -> 95 | N26: =+IFERROR(VLOOKUP(K26,'THÀNH PHẨM'!$B:$F,5,0),"") -> 800 | O26: 279 | P26: =+IFERROR(((L26*M26*N26)*O26/1000000),"") -> 4452.84 | S26: =+IFERROR(((L26*M26*Q26)*R26/1000000),"") -> 0 | T26: 12 | U26: 30 | V26: 5 | W26: 102.16 | X26: 50 | Y26: =+IF(J26="","",J26-P26-S26-W26-X26) -> 0 | Z26: =+IF(J26<>"",Y26+W26,0) -> 102.16 | AA26: =+IF(IF(J26=";",Z26/J26)<0,0%,(IF(J26="","",Z26/J26))) -> 0.022184582 | AK26: Vinh | AL26: 45569
A27: =+ROW()-4 -> 23 | B27: 45568 | C27: 24/LGT/08 | D27: 49/2024 | E27: TLTL | F27: INIB21086 | G27: =+IFERROR(VLOOKUP(F27,NVL!$B:$C,2,0),"") -> Ivory Ningbo | H27: =+IFERROR(VLOOKUP(F27,NVL!$B:$D,3,0),"") -> 210 | I27: =+IFERROR(VLOOKUP(F27,NVL!$B:$F,4,0),"") -> 86 | J27: =+ 813*2+50 -> 1676 | K27: LGT210/71-TS | L27: =+IFERROR(VLOOKUP(K27,'THÀNH PHẨM'!$B:$F,3,0),"") -> 210 | M27: =+IFERROR(VLOOKUP(K27,'THÀNH PHẨM'!$B:$F,4,0),"") -> 71 | N27: =+IFERROR(VLOOKUP(K27,'THÀNH PHẨM'!$B:$F,5,0),"") -> 800 | O27: 92 | P27: =+IFERROR(((L27*M27*N27)*O27/1000000),"") -> 1097.376 | S27: =+IFERROR(((L27*M27*Q27)*R27/1000000),"") -> 0 | T27: 6 | U27: 14 | V27: 2 | W27: 14.98 | X27: 105 | Y27: =+IF(J27="","",J27-P27-S27-W27-X27-P28) -> 0.004 | Z27: =+IF(J27<>"",Y27+W27,0) -> 14.984 | AA27: =+IF(IF(J27=";",Z27/J27)<0,0%,(IF(J27="","",Z27/J27))) -> 0.0089403341 | AK27: Vinh | AL27: 45572
A28: =+ROW()-4 -> 24 | B28: 45568 | C28: 24/LGT/11 | D28: 49/2024 | E28: TLTL | K28: LGT210/91-TS | L28: =+IFERROR(VLOOKUP(K28,'THÀNH PHẨM'!$B:$F,3,0),"") -> 210 | M28: =+IFERROR(VLOOKUP(K28,'THÀNH PHẨM'!$B:$F,4,0),"") -> 91 | N28: =+IFERROR(VLOOKUP(K28,'THÀNH PHẨM'!$B:$F,5,0),"") -> 800 | O28: 30 | P28: =+IFERROR(((L28*M28*N28)*O28/1000000),"") -> 458.64 | S28: =+IFERROR(((L28*M28*Q28)*R28/1000000),"") -> 0 | AK28: Vinh | AL28: 45572
A29: =+ROW()-4 -> 25 | B29: 45573 | C29: 24/LGT/08 và 24/LGT/10 | D29: 50/2024 | E29: TLTL | F29: INIB21079 | G29: =+IFERROR(VLOOKUP(F29,NVL!$B:$C,2,0),"") -> Ivory Ningbo | H29: =+IFERROR(VLOOKUP(F29,NVL!$B:$D,3,0),"") -> 210 | I29: =+IFERROR(VLOOKUP(F29,NVL!$B:$F,4,0),"") -> 79 | J29: =16*747+2*713+6*747 -> 17860 | K29: LGT210/71-TS | L29: =+IFERROR(VLOOKUP(K29,'THÀNH PHẨM'!$B:$F,3,0),"") -> 210 | M29: =+IFERROR(VLOOKUP(K29,'THÀNH PHẨM'!$B:$F,4,0),"") -> 71 | N29: =+IFERROR(VLOOKUP(K29,'THÀNH PHẨM'!$B:$F,5,0),"") -> 800 | O29: =1440-29 -> 1411 | P29: =+IFERROR(((L29*M29*N29)*O29/1000000),"") -> 16830.408 | S29: =+IFERROR(((L29*M29*Q29)*R29/1000000),"") -> 0 | T29: 48 | U29: 144 | V29: 24 | W29: 434.59 | X29: 700 | Y29: =+IF(J29="","",J29+J30-P29-S29-W29-X29) -> 0.002 | Z29: =+IF(J29<>"",Y29+W29,0) -> 434.592 | AA29: =+IF(IF(J29=";",Z29/J29)<0,0%,(IF(J29="","",Z29/J29))) -> 0.024333259 | AK29: Vinh | AL29: 45591
A30: =+ROW()-4 -> 26 | D30: 50/2024 | E30: TLTL | F30: INIB21086 | G30: =+IFERROR(VLOOKUP(F30,NVL!$B:$C,2,0),"") -> Ivory Ningbo | H30: =+IFERROR(VLOOKUP(F30,NVL!$B:$D,3,0),"") -> 210 | I30: =+IFERROR(VLOOKUP(F30,NVL!$B:$F,4,0),"") -> 86 | J30: 105 | K30: LGT210/71-TS | L30: =+IFERROR(VLOOKUP(K30,'THÀNH PHẨM'!$B:$F,3,0),"") -> 210 | M30: =+IFERROR(VLOOKUP(K30,'THÀNH PHẨM'!$B:$F,4,0),"") -> 71 | N30: =+IFERROR(VLOOKUP(K30,'THÀNH PHẨM'!$B:$F,5,0),"") -> 800 | P30: =+IFERROR(((L30*M30*N30)*O30/1000000),"") -> 0 | S30: =+IFERROR(((L30*M30*Q30)*R30/1000000),"") -> 0 | Z30: =+IF(J30<>"",Y30+W30,0) -> 0 | AA30: =+IF(IF(J30=";",Z30/J30)<0,0%,(IF(J30="","",Z30/J30))) -> 0 | AK30: Vinh | AL30: 45591
A31: =+ROW()-4 -> 27 | B31: 45593 | C31: 01.09/LGT-BBMN và 01.10/LGT-BBMN | D31: 51/2024 | E31: TLSG | F31: INIB250109 | G31: =+IFERROR(VLOOKUP(F31,NVL!$B:$C,2,0),"") -> Ivory Ningbo | H31: =+IFERROR(VLOOKUP(F31,NVL!$B:$D,3,0),"") -> 250 | I31: =+IFERROR(VLOOKUP(F31,NVL!$B:$F,4,0),"") -> 109 | J31: =981*9+210 -> 9039 | K31: LGT250/90-TS | L31: =+IFERROR(VLOOKUP(K31,'THÀNH PHẨM'!$B:$F,3,0),"") -> 250 | M31: =+IFERROR(VLOOKUP(K31,'THÀNH PHẨM'!$B:$F,4,0),"") -> 90 | N31: =+IFERROR(VLOOKUP(K31,'THÀNH PHẨM'!$B:$F,5,0),"") -> 800 | O31: 456 | P31: =+IFERROR(((L31*M31*N31)*O31/1000000),"") -> 8208 | S31: =+IFERROR(((L31*M31*Q31)*R31/1000000),"") -> 0 | T31: 18 | U31: 63 | V31: 9 | W31: 111 | X31: 720 | Y31: =+IF(J31="","",J31-P31-S31-W31-X31) -> 0 | Z31: =+IF(J31<>"",Y31+W31,0) -> 111 | AA31: =+IF(IF(J31=";",Z31/J31)<0,0%,(IF(J31="","",Z31/J31))) -> 0.012280119 | AK31: Vinh | AL31: 45597
A32: =+ROW()-4 -> 28 | B32: 45598 | C32: 24/LGT/12 | D32: 52/2024 | E32: TLTL | F32: INIB210109 | G32: =+IFERROR(VLOOKUP(F32,NVL!$B:$C,2,0),"") -> Ivory Ningbo | H32: =+IFERROR(VLOOKUP(F32,NVL!$B:$D,3,0),"") -> 210 | I32: =+IFERROR(VLOOKUP(F32,NVL!$B:$F,4,0),"") -> 109 | J32: =6*1030+610 -> 6790 | K32: LGT210/71-TS | L32: =+IFERROR(VLOOKUP(K32,'THÀNH PHẨM'!$B:$F,3,0),"") -> 210 | M32: =+IFERROR(VLOOKUP(K32,'THÀNH PHẨM'!$B:$F,4,0),"") -> 71 | N32: =+IFERROR(VLOOKUP(K32,'THÀNH PHẨM'!$B:$F,5,0),"") -> 800 | O32: 69 | P32: =+IFERROR(((L32*M32*N32)*O32/1000000),"") -> 823.032 | S32: =+IFERROR(((L32*M32*Q32)*R32/1000000),"") -> 0 | T32: 12 | U32: 42 | V32: 6 | W32: 135.42 | X32: 350 | Y32: =+IF(J32="","",J32-P32-S32-W32-X32-P33-P34-S34) -> 0.002 | Z32: =+IF(J32<>"",Y32+W32,0) -> 135.422 | AA32: =+IF(IF(J32=";",Z32/J32)<0,0%,(IF(J32="","",Z32/J32))) -> 0.01994433 | AK32: Vinh | AL32: 45602
A33: =+ROW()-4 -> 29 | B33: 45598 | C33: 24/LGT/13 | D33: 52/2024 | E33: TLTL | K33: LGT210/83-TS | L33: =+IFERROR(VLOOKUP(K33,'THÀNH PHẨM'!$B:$F,3,0),"") -> 210 | M33: =+IFERROR(VLOOKUP(K33,'THÀNH PHẨM'!$B:$F,4,0),"") -> 83 | N33: =+IFERROR(VLOOKUP(K33,'THÀNH PHẨM'!$B:$F,5,0),"") -> 800 | O33: 34 | P33: =+IFERROR(((L33*M33*N33)*O33/1000000),"") -> 474.096 | S33: =+IFERROR(((L33*M33*Q33)*R33/1000000),"") -> 0 | AK33: Vinh | AL33: 45602
A34: =+ROW()-4 -> 30 | B34: 45598 | C34: 01.10/LGT-BBNM | D34: 52/2024 | E34: TLBT | K34: LGT210/95-TS | L34: =+IFERROR(VLOOKUP(K34,'THÀNH PHẨM'!$B:$F,3,0),"") -> 210 | M34: =+IFERROR(VLOOKUP(K34,'THÀNH PHẨM'!$B:$F,4,0),"") -> 95 | N34: =+IFERROR(VLOOKUP(K34,'THÀNH PHẨM'!$B:$F,5,0),"") -> 800 | O34: 305 | P34: =+IFERROR(((L34*M34*N34)*O34/1000000),"") -> 4867.8 | Q34: 700 | R34: 10 | S34: =+IFERROR(((L34*M34*Q34)*R34/1000000),"") -> 139.65 | AK34: Vinh | AL34: 45602
A35: =+ROW()-4 -> 31 | B35: 45603 | C35: 24/LGT/12 | D35: 53/2024 | E35: TLTL | F35: IIPS230109 | G35: =+IFERROR(VLOOKUP(F35,NVL!$B:$C,2,0),"") -> Ivory IPSUN | H35: =+IFERROR(VLOOKUP(F35,NVL!$B:$D,3,0),"") -> 230 | I35: =+IFERROR(VLOOKUP(F35,NVL!$B:$F,4,0),"") -> 109 | J35: =5*1028+427 -> 5567 | K35: LGT230/98-TS | L35: =+IFERROR(VLOOKUP(K35,'THÀNH PHẨM'!$B:$F,3,0),"") -> 230 | M35: =+IFERROR(VLOOKUP(K35,'THÀNH PHẨM'!$B:$F,4,0),"") -> 98 | N35: =+IFERROR(VLOOKUP(K35,'THÀNH PHẨM'!$B:$F,5,0),"") -> 800 | O35: 351 | P35: =+IFERROR(((L35*M35*N35)*O35/1000000),"") -> 6329.232 | S35: =+IFERROR(((L35*M35*Q35)*R35/1000000),"") -> 0 | T35: 12 | U35: 42 | V35: 6 | W35: 127.77 | Y35: =+IF(J35="","",J35+J36-P35-S35-W35-X35-X36) -> -0.002 | Z35: =+IF(J35<>"",Y35+W35,0) -> 127.768 | AA35: =+IF(IF(J35=";",Z35/J35)<0,0%,(IF(J35="","",Z35/J35))) -> 0.022950961 | AK35: Vinh | AL35: 45608
A36: =+ROW()-4 -> 32 | B36: 45603 | C36: 24/LGT/12 | D36: 53/2024 | E36: TLTL | F36: INIB230109 | G36: =+IFERROR(VLOOKUP(F36,NVL!$B:$C,2,0),"") -> Ivory Ningbo | H36: =+IFERROR(VLOOKUP(F36,NVL!$B:$D,3,0),"") -> 230 | I36: =+IFERROR(VLOOKUP(F36,NVL!$B:$F,4,0),"") -> 109 | J36: 990 | K36: LGT230/98-TS | L36: =+IFERROR(VLOOKUP(K36,'THÀNH PHẨM'!$B:$F,3,0),"") -> 230 | M36: =+IFERROR(VLOOKUP(K36,'THÀNH PHẨM'!$B:$F,4,0),"") -> 98 | N36: =+IFERROR(VLOOKUP(K36,'THÀNH PHẨM'!$B:$F,5,0),"") -> 800 | P36: =+IFERROR(((L36*M36*N36)*O36/1000000),"") -> 0 | S36: =+IFERROR(((L36*M36*Q36)*R36/1000000),"") -> 0 | X36: 100 | Z36: =+IF(J36<>"",Y36+W36,0) -> 0 | AA36: =+IF(IF(J36=";",Z36/J36)<0,0%,(IF(J36="","",Z36/J36))) -> 0 | AK36: Vinh | AL36: 45608
A37: =+ROW()-4 -> 33 | B37: 45608 | C37: 24/LGT/12 và 24/LGT/13 | D37: 54/2024 | E37: TLTL | F37: IIPS210109 | G37: =+IFERROR(VLOOKUP(F37,NVL!$B:$C,2,0),"") -> Ivory IPSUN | H37: =+IFERROR(VLOOKUP(F37,NVL!$B:$D,3,0),"") -> 210 | I37: =+IFERROR(VLOOKUP(F37,NVL!$B:$F,4,0),"") -> 109 | J37: =200+48 -> 248 | K37: LGT210/83-TS | L37: =+IFERROR(VLOOKUP(K37,'THÀNH PHẨM'!$B:$F,3,0),"") -> 210 | M37: =+IFERROR(VLOOKUP(K37,'THÀNH PHẨM'!$B:$F,4,0),"") -> 83 | N37: =+IFERROR(VLOOKUP(K37,'THÀNH PHẨM'!$B:$F,5,0),"") -> 800 | P37: =+IFERROR(((L37*M37*N37)*O37/1000000),"") -> 0 | Q37: 800 | R37: 1 | S37: =+IFERROR(((L37*M37*Q37)*R37/1000000),"") -> 13.944 | T37: 28 | U37: 60 | V37: 12 | W37: 151.56 | Y37: =+IF(J37="","",J37+J38-P37-S37-W37-X37-P38-P39-S38-S39-S40) -> -0.0005 | Z37: =+IF(J37<>"",Y37+W37,0) -> 151.5595 | AA37: =+IF(IF(J37=";",Z37/J37)<0,0%,(IF(J37="","",Z37/(J37+J38)))) -> 0.011696211 | AK37: Vinh | AL37: 45616
A38: =+ROW()-4 -> 34 | B38: 45608 | C38: 24/LGT/12 và 24/LGT/13 | D38: 54/2024 | E38: TLTL | F38: INIB210109 | G38: =+IFERROR(VLOOKUP(F38,NVL!$B:$C,2,0),"") -> Ivory Ningbo | H38: =+IFERROR(VLOOKUP(F38,NVL!$B:$D,3,0),"") -> 210 | I38: =+IFERROR(VLOOKUP(F38,NVL!$B:$F,4,0),"") -> 109 | J38: =12*1030+350 -> 12710 | K38: LGT210/71-TS | L38: =+IFERROR(VLOOKUP(K38,'THÀNH PHẨM'!$B:$F,3,0),"") -> 210 | M38: =+IFERROR(VLOOKUP(K38,'THÀNH PHẨM'!$B:$F,4,0),"") -> 71 | N38: =+IFERROR(VLOOKUP(K38,'THÀNH PHẨM'!$B:$F,5,0),"") -> 800 | O38: 839 | P38: =+IFERROR(((L38*M38*N38)*O38/1000000),"") -> 10007.592 | Q38: 800 | R38: 4 | S38: =+IFERROR(((L38*M38*Q38)*R38/1000000),"") -> 47.712 | AK38: Vinh | AL38: 45616
A39: =+ROW()-4 -> 35 | B39: 45608 | C39: 24/LGT/12 và 24/LGT/13 | D39: 54/2024 | E39: TLTL | K39: LGT210/83-TS | L39: =+IFERROR(VLOOKUP(K39,'THÀNH PHẨM'!$B:$F,3,0),"") -> 210 | M39: =+IFERROR(VLOOKUP(K39,'THÀNH PHẨM'!$B:$F,4,0),"") -> 83 | N39: =+IFERROR(VLOOKUP(K39,'THÀNH PHẨM'!$B:$F,5,0),"") -> 800 | O39: 189 | P39: =+IFERROR(((L39*M39*N39)*O39/1000000),"") -> 2635.416 | Q39: 450 | R39: 1 | S39: =+IFERROR(((L39*M39*Q39)*R39/1000000),"") -> 7.8435 | AK39: Vinh | AL39: 45616
A40: =+ROW()-4 -> 36 | B40: 45608 | C40: 24/LGT/12 và 24/LGT/13 | D40: 54/2024 | E40: TLTL | K40: LGT210/71-TS | L40: =+IFERROR(VLOOKUP(K40,'THÀNH PHẨM'!$B:$F,3,0),"") -> 210 | M40: =+IFERROR(VLOOKUP(K40,'THÀNH PHẨM'!$B:$F,4,0),"") -> 71 | N40: =+IFERROR(VLOOKUP(K40,'THÀNH PHẨM'!$B:$F,5,0),"") -> 800 | P40: =+IFERROR(((L40*M40*N40)*O40/1000000),"") -> 0 | Q40: 450 | R40: 14 | S40: =+IFERROR(((L40*M40*Q40)*R40/1000000),"") -> 93.933 | AK40: Vinh | AL40: 45616
A41: =+ROW()-4 -> 37 | B41: 45617 | C41: 02.10/LGT-BBMN | D41: 55/2024 | E41: TLSG | F41: INIB250109 | G41: =+IFERROR(VLOOKUP(F41,NVL!$B:$C,2,0),"") -> Ivory Ningbo | H41: =+IFERROR(VLOOKUP(F41,NVL!$B:$D,3,0),"") -> 250 | I41: =+IFERROR(VLOOKUP(F41,NVL!$B:$F,4,0),"") -> 109 | J41: =8*981+720 -> 8568 | K41: LGT250/90-TS | L41: =+IFERROR(VLOOKUP(K41,'THÀNH PHẨM'!$B:$F,3,0),"") -> 250 | M41: =+IFERROR(VLOOKUP(K41,'THÀNH PHẨM'!$B:$F,4,0),"") -> 90 | N41: =+IFERROR(VLOOKUP(K41,'THÀNH PHẨM'!$B:$F,5,0),"") -> 800 | O41: 474 | P41: =+IFERROR(((L41*M41*N41)*O41/1000000),"") -> 8532 | S41: =+IFERROR(((L41*M41*Q41)*R41/1000000),"") -> 0 | T41: 18 | U41: 45 | V41: 9 | W41: 36 | Y41: =+IF(J41="","",J41-P41-S41-W41-X41) -> 0 | Z41: =+IF(J41<>"",Y41+W41,0) -> 36 | AA41: =+IF(IF(J41=";",Z41/J41)<0,0%,(IF(J41="","",Z41/J41))) -> 0.0042016807 | AK41: Vinh | AL41: 45622
A42: =+ROW()-4 -> 38 | B42: 45622 | C42: 24/LGT/14 và 01.10/LGT-BBMN | D42: 56/2024 | E42: TLTL | F42: INIB210109 | G42: =+IFERROR(VLOOKUP(F42,NVL!$B:$C,2,0),"") -> Ivory Ningbo | H42: =+IFERROR(VLOOKUP(F42,NVL!$B:$D,3,0),"") -> 210 | I42: =+IFERROR(VLOOKUP(F42,NVL!$B:$F,4,0),"") -> 109 | J42: =7*1030 -> 7210 | K42: LGT210/71-TS | L42: =+IFERROR(VLOOKUP(K42,'THÀNH PHẨM'!$B:$F,3,0),"") -> 210 | M42: =+IFERROR(VLOOKUP(K42,'THÀNH PHẨM'!$B:$F,4,0),"") -> 71 | N42: =+IFERROR(VLOOKUP(K42,'THÀNH PHẨM'!$B:$F,5,0),"") -> 800 | O42: 102 | P42: =+IFERROR(((L42*M42*N42)*O42/1000000),"") -> 1216.656 | S42: =+IFERROR(((L42*M42*Q42)*R42/1000000),"") -> 0 | T42: 12 | U42: 36 | V42: 6 | W42: 144.58 | X42: 965 | Y42: =+IF(J42="","",J42-P42-S42-W42-X42-P43) -> 0.004 | Z42: =+IF(J42<>"",Y42+W42,0) -> 144.584 | AA42: =+IF(IF(J42=";",Z42/J42)<0,0%,(IF(J42="","",Z42/J42))) -> 0.020053259 | AK42: Vinh | AL42: 45625
A43: =+ROW()-4 -> 39 | B43: 45622 | C43: 24/LGT/14 và 01.10/LGT-BBMN | D43: 56/2024 | E43: TLBT | K43: LGT210/95-TS | L43: =+IFERROR(VLOOKUP(K43,'THÀNH PHẨM'!$B:$F,3,0),"") -> 210 | M43: =+IFERROR(VLOOKUP(K43,'THÀNH PHẨM'!$B:$F,4,0),"") -> 95 | N43: =+IFERROR(VLOOKUP(K43,'THÀNH PHẨM'!$B:$F,5,0),"") -> 800 | O43: 306 | P43: =+IFERROR(((L43*M43*N43)*O43/1000000),"") -> 4883.76 | S43: =+IFERROR(((L43*M43*Q43)*R43/1000000),"") -> 0 | AK43: Vinh | AL43: 45625
A44: =+ROW()-4 -> 40 | B44: 45626 | C44: 24/LGT/14 | D44: 57/2024 | E44: TLTL | F44: INIB230109 | G44: =+IFERROR(VLOOKUP(F44,NVL!$B:$C,2,0),"") -> Ivory Ningbo | H44: =+IFERROR(VLOOKUP(F44,NVL!$B:$D,3,0),"") -> 230 | I44: =+IFERROR(VLOOKUP(F44,NVL!$B:$F,4,0),"") -> 109 | J44: =100+6*990 -> 6040 | K44: LGT230/98-TS | L44: =+IFERROR(VLOOKUP(K44,'THÀNH PHẨM'!$B:$F,3,0),"") -> 230 | M44: =+IFERROR(VLOOKUP(K44,'THÀNH PHẨM'!$B:$F,4,0),"") -> 98 | N44: =+IFERROR(VLOOKUP(K44,'THÀNH PHẨM'!$B:$F,5,0),"") -> 800 | O44: 297 | P44: =+IFERROR(((L44*M44*N44)*O44/1000000),"") -> 5355.504 | S44: =+IFERROR(((L44*M44*Q44)*R44/1000000),"") -> 0 | T44: 12 | U44: 36 | V44: 6 | W44: 74.5 | X44: 610 | Y44: =+IF(J44="","",J44-P44-S44-W44-X44) -> -0.004 | Z44: =+IF(J44<>"",Y44+W44,0) -> 74.496 | AA44: =+IF(IF(J44=";",Z44/J44)<0,0%,(IF(J44="","",Z44/J44))) -> 0.012333775 | AK44: Vinh | AL44: 45629
A45: =+ROW()-4 -> 41 | B45: 45630 | C45: 24/LGT/14 | D45: 58/2024 | E45: TLTL | F45: INIB210109 | G45: =+IFERROR(VLOOKUP(F45,NVL!$B:$C,2,0),"") -> Ivory Ningbo | H45: =+IFERROR(VLOOKUP(F45,NVL!$B:$D,3,0),"") -> 210 | I45: =+IFERROR(VLOOKUP(F45,NVL!$B:$F,4,0),"") -> 109 | J45: =965+1030*10 -> 11265 | K45: LGT210/71-TS | L45: =+IFERROR(VLOOKUP(K45,'THÀNH PHẨM'!$B:$F,3,0),"") -> 210 | M45: =+IFERROR(VLOOKUP(K45,'THÀNH PHẨM'!$B:$F,4,0),"") -> 71 | N45: =+IFERROR(VLOOKUP(K45,'THÀNH PHẨM'!$B:$F,5,0),"") -> 800 | O45: 826 | P45: =+IFERROR(((L45*M45*N45)*O45/1000000),"") -> 9852.528 | Q45: 800 | R45: 2 | S45: =+IFERROR(((L45*M45*Q45)*R45/1000000),"") -> 23.856 | T45: 22 | U45: 55 | V45: 10 | W45: 166.98 | X45: 260 | Y45: =+IF(J45="","",J45-P45-S45-W45-X45-P46-P47) -> 0.004 | Z45: =+IF(J45<>"",Y45+W45,0) -> 166.984 | AA45: =+IF(IF(J45=";",Z45/J45)<0,0%,(IF(J45="","",Z45/J45))) -> 0.014823258 | AK45: Vinh | AL45: 45637
A46: =+ROW()-4 -> 42 | B46: 45630 | C46: 24/LGT/14 | D46: 58/2024 | E46: TLTL | K46: LGT210/83-TS | L46: =+IFERROR(VLOOKUP(K46,'THÀNH PHẨM'!$B:$F,3,0),"") -> 210 | M46: =+IFERROR(VLOOKUP(K46,'THÀNH PHẨM'!$B:$F,4,0),"") -> 83 | N46: =+IFERROR(VLOOKUP(K46,'THÀNH PHẨM'!$B:$F,5,0),"") -> 800 | O46: 58 | P46: =+IFERROR(((L46*M46*N46)*O46/1000000),"") -> 808.752 | Q46: 800 | R46: 1 | S46: =+IFERROR(((L46*M46*Q46)*R46/1000000),"") -> 13.944 | AK46: Vinh | AL46: 45637
A47: =+ROW()-4 -> 43 | B47: 45630 | C47: 24/LGT/15 | D47: 58/2024 | E47: TLTL | K47: LGT210/91-TS | L47: =+IFERROR(VLOOKUP(K47,'THÀNH PHẨM'!$B:$F,3,0),"") -> 210 | M47: =+IFERROR(VLOOKUP(K47,'THÀNH PHẨM'!$B:$F,4,0),"") -> 91 | N47: =+IFERROR(VLOOKUP(K47,'THÀNH PHẨM'!$B:$F,5,0),"") -> 800 | O47: 10 | P47: =+IFERROR(((L47*M47*N47)*O47/1000000),"") -> 152.88 | S47: =+IFERROR(((L47*M47*Q47)*R47/1000000),"") -> 0 | AK47: Vinh | AL47: 45637
A48: =+ROW()-4 -> 44 | B48: 45638 | C48: 24/LGT/14 + 24/LGT/16 | D48: 59/2024 | E48: TLTL | F48: INIB230109 | G48: =+IFERROR(VLOOKUP(F48,NVL!$B:$C,2,0),"") -> Ivory Ningbo | H48: =+IFERROR(VLOOKUP(F48,NVL!$B:$D,3,0),"") -> 230 | I48: =+IFERROR(VLOOKUP(F48,NVL!$B:$F,4,0),"") -> 109 | J48: =10*990+940+610 -> 11450 | K48: LGT230/98-TS | L48: =+IFERROR(VLOOKUP(K48,'THÀNH PHẨM'!$B:$F,3,0),"") -> 230 | M48: =+IFERROR(VLOOKUP(K48,'THÀNH PHẨM'!$B:$F,4,0),"") -> 98 | N48: =+IFERROR(VLOOKUP(K48,'THÀNH PHẨM'!$B:$F,5,0),"") -> 800 | O48: 616 | P48: =+IFERROR(((L48*M48*N48)*O48/1000000),"") -> 11107.712 | S48: =+IFERROR(((L48*M48*Q48)*R48/1000000),"") -> 0 | T48: 33 | U48: 55 | V48: 11 | W48: 102.29 | X48: 240 | Y48: =+IF(J48="","",J48-P48-S48-W48-X48) -> -0.002 | Z48: =+IF(J48<>"",Y48+W48,0) -> 102.288 | AA48: =+IF(IF(J48=";",Z48/J48)<0,0%,(IF(J48="","",Z48/J48))) -> 0.0089334498 | AC48: Pallet gỗ 1200x1200x130mm | AD48: 11 | AK48: Vinh | AL48: 45644
A49: =+ROW()-4 -> 45 | B49: 45645 | C49: 24/GLT/14 + 01.10/LGT-BBMN | D49: 60/2024 | E49: TLTL | F49: INIB210109 | G49: =+IFERROR(VLOOKUP(F49,NVL!$B:$C,2,0),"") -> Ivory Ningbo | H49: =+IFERROR(VLOOKUP(F49,NVL!$B:$D,3,0),"") -> 210 | I49: =+IFERROR(VLOOKUP(F49,NVL!$B:$F,4,0),"") -> 109 | J49: 10560 | K49: LGT210/71-TS | L49: =+IFERROR(VLOOKUP(K49,'THÀNH PHẨM'!$B:$F,3,0),"") -> 210 | M49: =+IFERROR(VLOOKUP(K49,'THÀNH PHẨM'!$B:$F,4,0),"") -> 71 | N49: =+IFERROR(VLOOKUP(K49,'THÀNH PHẨM'!$B:$F,5,0),"") -> 800 | O49: 616 | P49: =+IFERROR(((L49*M49*N49)*O49/1000000),"") -> 7347.648 | Q49: 620 | R49: 11 | S49: =+IFERROR(((L49*M49*Q49)*R49/1000000),"") -> 101.6862 | T49: 30 | U49: 50 | V49: 10 | W49: 252.28 | X49: 140 | Y49: =+IF(J49="","",J49-P49-S49-W49-X49-P50-S50) -> -0.0012 | Z49: =+IF(J49<>"",Y49+W49,0) -> 252.2788 | AA49: =+IF(IF(J49=";",Z49/J49)<0,0%,(IF(J49="","",Z49/J49))) -> 0.023890038 | AC49: Pallet gỗ 1100x1100x130mm | AD49: 14 | AK49: Việt | AL49: 45651
A50: =+ROW()-4 -> 46 | B50: 45645 | C50: 24/GLT/14 + 01.10/LGT-BBMN | D50: 60/2024 | E50: TLTL | F50: INIB210109 | G50: =+IFERROR(VLOOKUP(F50,NVL!$B:$C,2,0),"") -> Ivory Ningbo | H50: =+IFERROR(VLOOKUP(F50,NVL!$B:$D,3,0),"") -> 210 | I50: =+IFERROR(VLOOKUP(F50,NVL!$B:$F,4,0),"") -> 109 | K50: LGT210/95-TS | L50: =+IFERROR(VLOOKUP(K50,'THÀNH PHẨM'!$B:$F,3,0),"") -> 210 | M50: =+IFERROR(VLOOKUP(K50,'THÀNH PHẨM'!$B:$F,4,0),"") -> 95 | N50: =+IFERROR(VLOOKUP(K50,'THÀNH PHẨM'!$B:$F,5,0),"") -> 800 | O50: 168 | P50: =+IFERROR(((L50*M50*N50)*O50/1000000),"") -> 2681.28 | Q50: 620 | R50: 3 | S50: =+IFERROR(((L50*M50*Q50)*R50/1000000),"") -> 37.107 | Y50: =+IF(J50="","",J50-P50-S50-W50-X50) | Z50: =+IF(J50<>"",Y50+W50,0) -> 0 | AA50: =+IF(IF(J50=";",Z50/J50)<0,0%,(IF(J50="","",Z50/J50))) | AK50: Việt | AL50: 45651
A51: =+ROW()-4 -> 47 | B51: 45652 | C51: 01.11/LGT-BBMN | D51: 61/2024 | E51: BBMN | F51: INIB250109 | G51: =+IFERROR(VLOOKUP(F51,NVL!$B:$C,2,0),"") -> Ivory Ningbo | H51: =+IFERROR(VLOOKUP(F51,NVL!$B:$D,3,0),"") -> 250 | I51: =+IFERROR(VLOOKUP(F51,NVL!$B:$F,4,0),"") -> 109 | J51: =10*981 -> 9810 | K51: LGT250/90-TS | L51: =+IFERROR(VLOOKUP(K51,'THÀNH PHẨM'!$B:$F,3,0),"") -> 250 | M51: =+IFERROR(VLOOKUP(K51,'THÀNH PHẨM'!$B:$F,4,0),"") -> 90 | N51: =+IFERROR(VLOOKUP(K51,'THÀNH PHẨM'!$B:$F,5,0),"") -> 800 | O51: 525 | P51: =+IFERROR(((L51*M51*N51)*O51/1000000),"") -> 9450 | S51: =+IFERROR(((L51*M51*Q51)*R51/1000000),"") -> 0 | T51: 27 | U51: 45 | V51: 9 | W51: 178 | X51: 182 | Y51: =+IF(J51="","",J51-P51-S51-W51-X51) -> 0 | Z51: =+IF(J51<>"",Y51+W51,0) -> 178 | AA51: =+IF(IF(J51=";",Z51/J51)<0,0%,(IF(J51="","",Z51/J51))) -> 0.01814475 | AC51: Pallet gỗ 1200x1200x130mm | AD51: 10 | AK51: VIỆT | AL51: 45657
A52: =+ROW()-4 -> 48 | B52: 45657 | C52: 25/KHVT/008 | D52: 62/2024 | E52: TLTL | F52: INIB210109 | G52: =+IFERROR(VLOOKUP(F52,NVL!$B:$C,2,0),"") -> Ivory Ningbo | H52: =+IFERROR(VLOOKUP(F52,NVL!$B:$D,3,0),"") -> 210 | I52: =+IFERROR(VLOOKUP(F52,NVL!$B:$F,4,0),"") -> 109 | J52: =8*1030+140 -> 8380 | K52: LGT210/71-TS | L52: =+IFERROR(VLOOKUP(K52,'THÀNH PHẨM'!$B:$F,3,0),"") -> 210 | M52: =+IFERROR(VLOOKUP(K52,'THÀNH PHẨM'!$B:$F,4,0),"") -> 71 | N52: =+IFERROR(VLOOKUP(K52,'THÀNH PHẨM'!$B:$F,5,0),"") -> 800 | O52: 495 | P52: =+IFERROR(((L52*M52*N52)*O52/1000000),"") -> 5904.36 | S52: =+IFERROR(((L52*M52*Q52)*R52/1000000),"") -> 0 | T52: 24 | U52: 40 | V52: 8 | W52: 219.65 | X52: 140 | Y52: =+IF(J52="","",J52-P52-S52-W52-X52-P53-P54) -> 0.03 | Z52: =+IF(J52<>"",Y52+W52,0) -> 219.68 | AA52: =+IF(IF(J52=";",Z52/J52)<0,0%,(IF(J52="","",Z52/J52))) -> 0.026214797 | AC52: Pallet gỗ 1100x1100x130mm | AD52: 10 | AK52: VIỆT | AL52: 45664
A53: =+ROW()-4 -> 49 | B53: 45657 | C53: 25/KHVT/008 | D53: 62/2024 | E53: TLTL | F53: INIB210109 | G53: =+IFERROR(VLOOKUP(F53,NVL!$B:$C,2,0),"") -> Ivory Ningbo | H53: =+IFERROR(VLOOKUP(F53,NVL!$B:$D,3,0),"") -> 210 | I53: =+IFERROR(VLOOKUP(F53,NVL!$B:$F,4,0),"") -> 109 | K53: LGT210/95-TS | L53: =+IFERROR(VLOOKUP(K53,'THÀNH PHẨM'!$B:$F,3,0),"") -> 210 | M53: =+IFERROR(VLOOKUP(K53,'THÀNH PHẨM'!$B:$F,4,0),"") -> 95 | N53: =+IFERROR(VLOOKUP(K53,'THÀNH PHẨM'!$B:$F,5,0),"") -> 800 | O53: 123 | P53: =+IFERROR(((L53*M53*N53)*O53/1000000),"") -> 1963.08 | S53: =+IFERROR(((L53*M53*Q53)*R53/1000000),"") -> 0
A54: =+ROW()-4 -> 50 | B54: 45657 | C54: 25/KHVT/008 | D54: 62/2024 | E54: TLTL | F54: INIB210109 | G54: =+IFERROR(VLOOKUP(F54,NVL!$B:$C,2,0),"") -> Ivory Ningbo | H54: =+IFERROR(VLOOKUP(F54,NVL!$B:$D,3,0),"") -> 210 | I54: =+IFERROR(VLOOKUP(F54,NVL!$B:$F,4,0),"") -> 109 | K54: LGT210/91-TS | L54: =+IFERROR(VLOOKUP(K54,'THÀNH PHẨM'!$B:$F,3,0),"") -> 210 | M54: =+IFERROR(VLOOKUP(K54,'THÀNH PHẨM'!$B:$F,4,0),"") -> 91 | N54: =+IFERROR(VLOOKUP(K54,'THÀNH PHẨM'!$B:$F,5,0),"") -> 800 | O54: 10 | P54: =+IFERROR(((L54*M54*N54)*O54/1000000),"") -> 152.88 | S54: =+IFERROR(((L54*M54*Q54)*R54/1000000),"") -> 0
A55: =+ROW()-4 -> 51 | B55: 45665 | C55: 25/KHVT/008 | D55: 01/2025 | E55: TLTL | F55: INIB230109 | G55: =+IFERROR(VLOOKUP(F55,NVL!$B:$C,2,0),"") -> Ivory Ningbo | H55: =+IFERROR(VLOOKUP(F55,NVL!$B:$D,3,0),"") -> 230 | I55: =+IFERROR(VLOOKUP(F55,NVL!$B:$F,4,0),"") -> 109 | J55: 9150 | K55: LGT230/98-TS | L55: =+IFERROR(VLOOKUP(K55,'THÀNH PHẨM'!$B:$F,3,0),"") -> 230 | M55: =+IFERROR(VLOOKUP(K55,'THÀNH PHẨM'!$B:$F,4,0),"") -> 98 | N55: =+IFERROR(VLOOKUP(K55,'THÀNH PHẨM'!$B:$F,5,0),"") -> 800 | O55: 494 | P55: =+IFERROR(((L55*M55*N55)*O55/1000000),"") -> 8907.808 | S55: =+IFERROR(((L55*M55*Q55)*R55/1000000),"") -> 0 | T55: 27 | U55: 45 | V55: 9 | W55: 142 | X55: 100 | Y55: =+IF(J55="","",J55-P55-S55-W55-X55) -> 0.192 | Z55: =+IF(J55<>"",Y55+W55,0) -> 142.192 | AA55: =+IF(IF(J55=";",Z55/J55)<0,0%,(IF(J55="","",Z55/J55))) -> 0.015540109 | AC55: Pallet gỗ 1200x1200x130mm | AD55: 8 | AK55: VIỆT | AL55: 45670
A56: =+ROW()-4 -> 52 | B56: 45670 | C56: 25/KHVT/008 | D56: 02/2025 | E56: TLTL | F56: INIB210109 | G56: =+IFERROR(VLOOKUP(F56,NVL!$B:$C,2,0),"") -> Ivory Ningbo | H56: =+IFERROR(VLOOKUP(F56,NVL!$B:$D,3,0),"") -> 210 | I56: =+IFERROR(VLOOKUP(F56,NVL!$B:$F,4,0),"") -> 109 | J56: =+(1030*4+140) -> 4260 | K56: LGT210/71-TS | L56: =+IFERROR(VLOOKUP(K56,'THÀNH PHẨM'!$B:$F,3,0),"") -> 210 | M56: =+IFERROR(VLOOKUP(K56,'THÀNH PHẨM'!$B:$F,4,0),"") -> 71 | N56: =+IFERROR(VLOOKUP(K56,'THÀNH PHẨM'!$B:$F,5,0),"") -> 800 | O56: 242 | P56: =+IFERROR(((L56*M56*N56)*O56/1000000),"") -> 2886.576 | Q56: 487 | R56: 10 | S56: =+IFERROR(((L56*M56*Q56)*R56/1000000),"") -> 72.6117 | T56: 12 | U56: 20 | V56: 4 | W56: 113 | X56: 105 | Y56: =+IF(J56="","",J56-P56-S56-W56-X56-P57-S57) -> 0.30535 | Z56: =+IF(J56<>"",Y56+W56,0) -> 113.30535 | AA56: =+IF(IF(J56=";",Z56/J56)<0,0%,(IF(J56="","",Z56/J56))) -> 0.0265975 | AC56: Pallet gỗ 1100x1100x130mm | AD56: 5 | AK56: VIỆT | AL56: 45672
A57: =+ROW()-4 -> 53 | B57: 45670 | C57: 25/KHVT/008 | D57: 02/2025 | E57: TLTL | F57: INIB210109 | G57: =+IFERROR(VLOOKUP(F57,NVL!$B:$C,2,0),"") -> Ivory Ningbo | H57: =+IFERROR(VLOOKUP(F57,NVL!$B:$D,3,0),"") -> 210 | I57: =+IFERROR(VLOOKUP(F57,NVL!$B:$F,4,0),"") -> 109 | K57: LGT210/95-TS | L57: =+IFERROR(VLOOKUP(K57,'THÀNH PHẨM'!$B:$F,3,0),"") -> 210 | M57: =+IFERROR(VLOOKUP(K57,'THÀNH PHẨM'!$B:$F,4,0),"") -> 95 | N57: =+IFERROR(VLOOKUP(K57,'THÀNH PHẨM'!$B:$F,5,0),"") -> 800 | O57: 66 | P57: =+IFERROR(((L57*M57*N57)*O57/1000000),"") -> 1053.36 | Q57: 487 | R57: 3 | S57: =+IFERROR(((L57*M57*Q57)*R57/1000000),"") -> 29.14695
A58: =+ROW()-4 -> 54 | B58: 45672 | C58: 25/KHVT/008 | D58: 03/2025 | E58: TLTL | F58: INIB21079 | G58: =+IFERROR(VLOOKUP(F58,NVL!$B:$C,2,0),"") -> Ivory Ningbo | H58: =+IFERROR(VLOOKUP(F58,NVL!$B:$D,3,0),"") -> 210 | I58: =+IFERROR(VLOOKUP(F58,NVL!$B:$F,4,0),"") -> 79 | J58: =747*3+700 -> 2941 | K58: LGT210/71-TS | L58: =+IFERROR(VLOOKUP(K58,'THÀNH PHẨM'!$B:$F,3,0),"") -> 210 | M58: =+IFERROR(VLOOKUP(K58,'THÀNH PHẨM'!$B:$F,4,0),"") -> 71 | N58: =+IFERROR(VLOOKUP(K58,'THÀNH PHẨM'!$B:$F,5,0),"") -> 800 | O58: 231 | P58: =+IFERROR(((L58*M58*N58)*O58/1000000),"") -> 2755.368 | Q58: 500 | R58: 11 | S58: =+IFERROR(((L58*M58*Q58)*R58/1000000),"") -> 82.005 | T58: 8 | U58: 16 | V58: 4 | W58: 38.63 | X58: 65 | Y58: =+IF(J58="","",J58-P58-S58-W58-X58) -> -0.003 | Z58: =+IF(J58<>"",Y58+W58,0) -> 38.627 | AA58: =+IF(IF(J58=";",Z58/J58)<0,0%,(IF(J58="","",Z58/J58))) -> 0.013133968 | AC58: Pallet gỗ 1100x1100x130mm | AD58: 3 | AK58: VIỆT | AL58: 45674
A59: =+ROW()-4 -> 55 | B59: 45674 | C59: 01.11/LGT-BBMN | D59: 04/2025 | E59: BBMN | F59: INIB210109 | G59: =+IFERROR(VLOOKUP(F59,NVL!$B:$C,2,0),"") -> Ivory Ningbo | H59: =+IFERROR(VLOOKUP(F59,NVL!$B:$D,3,0),"") -> 210 | I59: =+IFERROR(VLOOKUP(F59,NVL!$B:$F,4,0),"") -> 109 | J59: =182+13*981 -> 12935 | K59: LGT250/90-TS | L59: =+IFERROR(VLOOKUP(K59,'THÀNH PHẨM'!$B:$F,3,0),"") -> 250 | M59: =+IFERROR(VLOOKUP(K59,'THÀNH PHẨM'!$B:$F,4,0),"") -> 90 | N59: =+IFERROR(VLOOKUP(K59,'THÀNH PHẨM'!$B:$F,5,0),"") -> 800 | O59: 704 | P59: =+IFERROR(((L59*M59*N59)*O59/1000000),"") -> 12672 | S59: =+IFERROR(((L59*M59*Q59)*R59/1000000),"") -> 0 | T59: 39 | U59: 65 | V59: 13 | W59: 233 | X59: 30 | Y59: =+IF(J59="","",J59-P59-S59-W59-X59) -> 0 | Z59: =+IF(J59<>"",Y59+W59,0) -> 233 | AA59: =+IF(IF(J59=";",Z59/J59)<0,0%,(IF(J59="","",Z59/J59))) -> 0.018013143 | AC59: Pallet gỗ 1200x1200x130mm | AD59: =2+3+3+2+1+2 -> 13 | AK59: VIỆT | AL59: 45681
A60: =+ROW()-4 -> 56 | B60: 45692 | C60: 25/KHVT/0094 | D60: 05/2025 | E60: TLTL | F60: INIB230109 | G60: =+IFERROR(VLOOKUP(F60,NVL!$B:$C,2,0),"") -> Ivory Ningbo | H60: =+IFERROR(VLOOKUP(F60,NVL!$B:$D,3,0),"") -> 230 | I60: =+IFERROR(VLOOKUP(F60,NVL!$B:$F,4,0),"") -> 109 | J60: 6930 | K60: LGT230/98-TS | L60: =+IFERROR(VLOOKUP(K60,'THÀNH PHẨM'!$B:$F,3,0),"") -> 230 | M60: =+IFERROR(VLOOKUP(K60,'THÀNH PHẨM'!$B:$F,4,0),"") -> 98 | N60: =+IFERROR(VLOOKUP(K60,'THÀNH PHẨM'!$B:$F,5,0),"") -> 800 | O60: 341 | P60: =+IFERROR(((L60*M60*N60)*O60/1000000),"") -> 6148.912 | S60: =+IFERROR(((L60*M60*Q60)*R60/1000000),"") -> 0 | T60: 21 | U60: 30 | V60: 6 | W60: 76.088 | X60: 705 | Y60: =+IF(J60="","",J60-P60-S60-W60-X60) -> 0 | Z60: =+IF(J60<>"",Y60+W60,0) -> 76.088 | AA60: =+IF(IF(J60=";",Z60/J60)<0,0%,(IF(J60="","",Z60/J60))) -> 0.010979509 | AC60: Pallet gỗ 1200x1200x130mm | AD60: 6 | AF60: 341 | AG60: 4.04 | AH60: 6.83 | AI60: 5.08 | AK60: Việt | AL60: 45694
A61: =+ROW()-4 -> 57 | B61: 45329 | C61: 25/KHVT/0094+ 01.01/LGT-BBMN | D61: 06/2025 | E61: TLTL + KLA | F61: INIB210109 | G61: =+IFERROR(VLOOKUP(F61,NVL!$B:$C,2,0),"") -> Ivory Ningbo | H61: =+IFERROR(VLOOKUP(F61,NVL!$B:$D,3,0),"") -> 210 | I61: =+IFERROR(VLOOKUP(F61,NVL!$B:$F,4,0),"") -> 109 | J61: 20705 | K61: LGT210/71-TS | L61: =+IFERROR(VLOOKUP(K61,'THÀNH PHẨM'!$B:$F,3,0),"") -> 210 | M61: =+IFERROR(VLOOKUP(K61,'THÀNH PHẨM'!$B:$F,4,0),"") -> 71 | N61: =+IFERROR(VLOOKUP(K61,'THÀNH PHẨM'!$B:$F,5,0),"") -> 800 | O61: 1210 | P61: =+IFERROR(((L61*M61*N61)*O61/1000000),"") -> 14432.88 | S61: =+IFERROR(((L61*M61*Q61)*R61/1000000),"") -> 0 | T61: 60 | U61: 100 | V61: 20 | W61: 534.24 | X61: 503 | Y61: =+IF(J61="","",J61-P61-S61-W61-X61-P62) -> 0 | Z61: =+IF(J61<>"",Y61+W61,0) -> 534.24 | AA61: =+IF(IF(J61=";",Z61/J61)<0,0%,(IF(J61="","",Z61/J61))) -> 0.025802463 | AC61: Pallet gỗ 1100x1100x130mm | AD61: =16+3+1 -> 20 | AF61: 1215 | AG61: 13.455 | AH61: 22.77 | AI61: 13.070777 | AK61: Việt | AL61: 45707
A62: =+ROW()-4 -> 58 | B62: 45329 | C62: 25/KHVT/0094+ 01.01/LGT-BBMN | D62: 06/2025 | E62: TLTL + KLA | F62: INIB210109 | G62: =+IFERROR(VLOOKUP(F62,NVL!$B:$C,2,0),"") -> Ivory Ningbo | H62: =+IFERROR(VLOOKUP(F62,NVL!$B:$D,3,0),"") -> 210 | I62: =+IFERROR(VLOOKUP(F62,NVL!$B:$F,4,0),"") -> 109 | K62: LGT210/95-TS | L62: =+IFERROR(VLOOKUP(K62,'THÀNH PHẨM'!$B:$F,3,0),"") -> 210 | M62: =+IFERROR(VLOOKUP(K62,'THÀNH PHẨM'!$B:$F,4,0),"") -> 95 | N62: =+IFERROR(VLOOKUP(K62,'THÀNH PHẨM'!$B:$F,5,0),"") -> 800 | O62: 328 | P62: =+IFERROR(((L62*M62*N62)*O62/1000000),"") -> 5234.88 | S62: =+IFERROR(((L62*M62*Q62)*R62/1000000),"") -> 0 | AC62: Pallet gỗ 1100x1100x130mm | AD62: 7 | AE62: 20 | AF62: 330 | AG62: 4.70925 | AH62: 7.9695 | AI62: 4.7408382
A63: =+ROW()-4 -> 59 | B63: 45707 | C63: 25/KHVT/0094+ 01.02/LGT-BBMN | D63: 07/2025 | E63: TLTL + KLA | F63: INIB210109 | G63: =+IFERROR(VLOOKUP(F63,NVL!$B:$C,2,0),"") -> Ivory Ningbo | H63: =+IFERROR(VLOOKUP(F63,NVL!$B:$D,3,0),"") -> 210 | I63: =+IFERROR(VLOOKUP(F63,NVL!$B:$F,4,0),"") -> 109 | J63: 5653 | K63: LGT210/88-TS | L63: =+IFERROR(VLOOKUP(K63,'THÀNH PHẨM'!$B:$F,3,0),"") -> 210 | M63: =+IFERROR(VLOOKUP(K63,'THÀNH PHẨM'!$B:$F,4,0),"") -> 88 | N63: =+IFERROR(VLOOKUP(K63,'THÀNH PHẨM'!$B:$F,5,0),"") -> 800 | O63: 260 | P63: =+IFERROR(((L63*M63*N63)*O63/1000000),"") -> 3843.84 | S63: =+IFERROR(((L63*M63*Q63)*R63/1000000),"") -> 0 | T63: 15 | U63: 25 | V63: 5 | W63: 99.24 | X63: 880 | Y63: =+IF(J63="","",J63-P63-S63-W63-X63-P64) -> 0 | Z63: =+IF(J63<>"",Y63+W63,0) -> 99.24 | AA63: =+IF(IF(J63=";",Z63/J63)<0,0%,(IF(J63="","",Z63/J63))) -> 0.01755528 | AC63: Pallet gỗ 1100x1100x130mm | AD63: 5 | AF63: 260 | AG63: 3.36375 | AH63: 5.6925 | AI63: 3.4810776 | AK63: Việt | AL63: 45709
A64: =+ROW()-4 -> 60 | B64: 45707 | C64: 25/KHVT/0094+ 01.02/LGT-BBMN | D64: 07/2025 | E64: TLTL + KLA | F64: INIB210109 | G64: =+IFERROR(VLOOKUP(F64,NVL!$B:$C,2,0),"") -> Ivory Ningbo | H64: =+IFERROR(VLOOKUP(F64,NVL!$B:$D,3,0),"") -> 210 | I64: =+IFERROR(VLOOKUP(F64,NVL!$B:$F,4,0),"") -> 109 | K64: LGT210/95-TS | L64: =+IFERROR(VLOOKUP(K64,'THÀNH PHẨM'!$B:$F,3,0),"") -> 210 | M64: =+IFERROR(VLOOKUP(K64,'THÀNH PHẨM'!$B:$F,4,0),"") -> 95 | N64: =+IFERROR(VLOOKUP(K64,'THÀNH PHẨM'!$B:$F,5,0),"") -> 800 | O64: 52 | P64: =+IFERROR(((L64*M64*N64)*O64/1000000),"") -> 829.92 | S64: =+IFERROR(((L64*M64*Q64)*R64/1000000),"") -> 0 | AC64: Pallet gỗ 1100x1100x130mm | AF64: 52 | AI64: 0.7515963
A65: =+ROW()-4 -> 61 | B65: 45710 | C65: 01.01/LGT-BBMN | D65: 08/2025 | E65: KLA | F65: INIB250109 | G65: =+IFERROR(VLOOKUP(F65,NVL!$B:$C,2,0),"") -> Ivory Ningbo | H65: =+IFERROR(VLOOKUP(F65,NVL!$B:$D,3,0),"") -> 250 | I65: =+IFERROR(VLOOKUP(F65,NVL!$B:$F,4,0),"") -> 109 | J65: 13734 | K65: LGT250/90-TS | L65: =+IFERROR(VLOOKUP(K65,'THÀNH PHẨM'!$B:$F,3,0),"") -> 250 | M65: =+IFERROR(VLOOKUP(K65,'THÀNH PHẨM'!$B:$F,4,0),"") -> 90 | N65: =+IFERROR(VLOOKUP(K65,'THÀNH PHẨM'!$B:$F,5,0),"") -> 800 | O65: 732 | P65: =+IFERROR(((L65*M65*N65)*O65/1000000),"") -> 13176 | S65: =+IFERROR(((L65*M65*Q65)*R65/1000000),"") -> 0 | T65: =13*3 -> 39 | U65: =13*5 -> 65 | V65: 13 | W65: 153 | X65: 405 | Y65: =+IF(J65="","",J65-P65-S65-W65-X65) -> 0 | Z65: =+IF(J65<>"",Y65+W65,0) -> 153 | AA65: =+IF(IF(J65=";",Z65/J65)<0,0%,(IF(J65="","",Z65/J65))) -> 0.011140236 | AC65: Pallet gỗ 1200x1200x130mm | AD65: =12+2 -> 14 | AE65: =14*4 -> 56 | AF65: =24+144+144+144+144+132 -> 732 | AG65: 9.4185 | AH65: 15.939 | AI65: 10.023313 | AK65: Việt | AL65: 45716
A66: =+ROW()-4 -> 62 | B66: 45719 | C66: 25/KHVT/0217 | D66: 09/2025 | E66: TLTL | F66: INIB230109 | G66: =+IFERROR(VLOOKUP(F66,[2]NVL!$B:$C,2,0),"") -> #ERROR! | H66: =+IFERROR(VLOOKUP(F66,[2]NVL!$B:$D,3,0),"") -> #ERROR! | I66: =+IFERROR(VLOOKUP(F66,[2]NVL!$B:$F,4,0),"") -> #ERROR! | J66: =11*990+705+100 -> 11695 | K66: LGT230/98-TS | L66: =+IFERROR(VLOOKUP(K66,'[2]THÀNH PHẨM'!$B:$F,3,0),"") | M66: =+IFERROR(VLOOKUP(K66,'[2]THÀNH PHẨM'!$B:$F,4,0),"") | N66: =+IFERROR(VLOOKUP(K66,'[2]THÀNH PHẨM'!$B:$F,5,0),"") | O66: =76+132+132+132+132+33 -> 637 | P66: =+IFERROR(((L66*M66*N66)*O66/1000000),"") -> 0 | S66: =+IFERROR(((L66*M66*Q66)*R66/1000000),"") -> 0 | T66: =13*3 -> 39 | U66: =13*5 -> 65 | V66: 13 | W66: 191.136 | X66: 0 | Y66: =+IF(J66="","",J66-P66-P67-S66-S67-W66-X66) -> 11503.864 | Z66: =+IF(J66<>"",W66+Y66,0) -> 11695 | AA66: =+IF(IF(J66=";",Z66/J66)<0,0%,(IF(J66="","",Z66/J66))) -> 1 | AB66: =+IF(AA66>=3%,"KHÔNG ĐẠT","ĐẠT") -> KHÔNG ĐẠT | AC66: Pallet gỗ 1200x1200x130mm | AD66: =11 -> 11 | AF66: 637 | AG66: 7.40025 | AH66: 12.5235 | AI66: 9.5 | AK66: Việt | AL66: 45724
A67: =+ROW()-4 -> 63 | B67: 45719 | C67: 25/LGT/04 | D67: 09/2025 | E67: TLTL | F67: INIB230109 | G67: =+IFERROR(VLOOKUP(F67,[2]NVL!$B:$C,2,0),"") -> #ERROR! | H67: =+IFERROR(VLOOKUP(F67,[2]NVL!$B:$D,3,0),"") -> #ERROR! | I67: =+IFERROR(VLOOKUP(F67,[2]NVL!$B:$F,4,0),"") -> #ERROR! | K67: LGT230/95-TS | L67: =+IFERROR(VLOOKUP(K67,'[2]THÀNH PHẨM'!$B:$F,3,0),"") | M67: =+IFERROR(VLOOKUP(K67,'[2]THÀNH PHẨM'!$B:$F,4,0),"") | N67: =+IFERROR(VLOOKUP(K67,'[2]THÀNH PHẨM'!$B:$F,5,0),"") | O67: 1 | P67: =+IFERROR(((L67*M67*N67)*O67/1000000),"") -> 0 | S67: =+IFERROR(((L67*M67*Q67)*R67/1000000),"") -> 0 | AF67: 1
A68: =+ROW()-4 -> 64 | B68: 45726 | C68: 25/KHVT/0217 | D68: 10/2025 | E68: TLTL | F68: INIB210109 | G68: =+IFERROR(VLOOKUP(F68,[2]NVL!$B:$C,2,0),"") -> #ERROR! | H68: =+IFERROR(VLOOKUP(F68,[2]NVL!$B:$D,3,0),"") -> #ERROR! | I68: =+IFERROR(VLOOKUP(F68,[2]NVL!$B:$F,4,0),"") -> #ERROR! | J68: =13*1030+880 -> 14270 | K68: LGT210/71-TS | L68: =+IFERROR(VLOOKUP(K68,'[2]THÀNH PHẨM'!$B:$F,3,0),"") | M68: =+IFERROR(VLOOKUP(K68,'[2]THÀNH PHẨM'!$B:$F,4,0),"") | N68: =+IFERROR(VLOOKUP(K68,'[2]THÀNH PHẨM'!$B:$F,5,0),"") | O68: =36+23+36+36+36+18+36 -> 221 | P68: =+IFERROR(((L68*M68*N68)*O68/1000000),"") -> 0 | S68: =+IFERROR(((L68*M68*Q68)*R68/1000000),"") -> 0 | T68: =14*3 -> 42 | U68: =13*5 -> 65 | V68: 13 | W68: 354.552 | X68: 650 | Y68: =+IF(J68="","",J68-P68-P69-S68-S69-W68-X68) -> 13265.448 | Z68: =+IF(J68<>"",W68+Y68,0) -> 13620 | AA68: =+IF(IF(J68=";",Z68/J68)<0,0%,(IF(J68="","",Z68/J68))) -> 0.95444989 | AB68: =+IF(AA68>=3%,"KHÔNG ĐẠT","ĐẠT") -> KHÔNG ĐẠT | AC68: Pallet gỗ 1100x1100x130mm | AD68: 4 | AF68: 221 | AG68: 2.691 | AH68: 4.554 | AI68: 2.3873072 | AK68: Việt | AL68: 45734
A69: =+ROW()-4 -> 65 | B69: 45726 | C69: 01.03/LGT - BBMN | D69: 10/2025 | E69: BBMN | K69: LGT210/95-TS | L69: =+IFERROR(VLOOKUP(K69,'[2]THÀNH PHẨM'!$B:$F,3,0),"") | M69: =+IFERROR(VLOOKUP(K69,'[2]THÀNH PHẨM'!$B:$F,4,0),"") | N69: =+IFERROR(VLOOKUP(K69,'[2]THÀNH PHẨM'!$B:$F,5,0),"") | O69: =108+72+108+108+108+54+108 -> 666 | P69: =+IFERROR(((L69*M69*N69)*O69/1000000),"") -> 0 | S69: =+IFERROR(((L69*M69*Q69)*R69/1000000),"") -> 0 | AC69: Pallet gỗ 1100x1100x130mm | AD69: 13 | AE69: =12*4 -> 48 | AF69: 666 | AG69: 8.073 | AH69: 13.662 | AI69: 9.6262141
A70: =+ROW()-4 -> 66 | B70: 45735 | C70: 25/KHVT/0217 | D70: 11/2025 | E70: TLTL | F70: INIB210109 | G70: =+IFERROR(VLOOKUP(F70,[2]NVL!$B:$C,2,0),"") -> #ERROR! | H70: =+IFERROR(VLOOKUP(F70,[2]NVL!$B:$D,3,0),"") -> #ERROR! | I70: =+IFERROR(VLOOKUP(F70,[2]NVL!$B:$F,4,0),"") -> #ERROR! | J70: =18*1030+650 -> 19190 | K70: LGT210/71-TS | L70: =+IFERROR(VLOOKUP(K70,'[2]THÀNH PHẨM'!$B:$F,3,0),"") | M70: =+IFERROR(VLOOKUP(K70,'[2]THÀNH PHẨM'!$B:$F,4,0),"") | N70: =+IFERROR(VLOOKUP(K70,'[2]THÀNH PHẨM'!$B:$F,5,0),"") | O70: =74+180+180+90+180+180+180+180+180+90 -> 1514 | P70: =+IFERROR(((L70*M70*N70)*O70/1000000),"") -> 0 | S70: =+IFERROR(((L70*M70*Q70)*R70/1000000),"") -> 0 | T70: =18*3 -> 54 | U70: =18*5 -> 90 | V70: 18 | W70: 419.488 | X70: 520 | Y70: =+IF(J70="","",J70-P70-P71-S70-S71-W70-X70) -> 18250.512 | Z70: =+IF(J70<>"",W70+Y70,0) -> 18670 | AA70: =+IF(IF(J70=";",Z70/J70)<0,0%,(IF(J70="","",Z70/J70))) -> 0.97290255 | AC70: Pallet gỗ 1100x1100x130mm | AD70: 25 | AF70: 1514 | AG70: 16.81875 | AH70: 28.4625 | AI70: 16.354675 | AK70: Việt | AL70: 45745
A71: =+ROW()-4 -> 67 | B71: 45735 | C71: 01.03/LGT - BBMN | D71: 11/2025 | E71: BBMN | K71: LGT210/95-TS | L71: =+IFERROR(VLOOKUP(K71,'[2]THÀNH PHẨM'!$B:$F,3,0),"") | M71: =+IFERROR(VLOOKUP(K71,'[2]THÀNH PHẨM'!$B:$F,4,0),"") | N71: =+IFERROR(VLOOKUP(K71,'[2]THÀNH PHẨM'!$B:$F,5,0),"") | O71: 12 | P71: =+IFERROR(((L71*M71*N71)*O71/1000000),"") -> 0 | S71: =+IFERROR(((L71*M71*Q71)*R71/1000000),"") -> 0 | AC71: Pallet gỗ 1100x1100x130mm | AF71: 12 | AI71: 0.1734453
A72: =+ROW()-4 -> 68 | B72: 45748 | C72: 01/TS/25 | D72: 12/2025 | E72: TLTL + TLTH | F72: INIB230109 | G72: =+IFERROR(VLOOKUP(F72,[3]NVL!$B:$C,2,0),"") -> #ERROR! | H72: =+IFERROR(VLOOKUP(F72,[3]NVL!$B:$D,3,0),"") -> #ERROR! | I72: =+IFERROR(VLOOKUP(F72,[3]NVL!$B:$F,4,0),"") -> #ERROR! | J72: =11*990 -> 10890 | K72: LGT230/95-TS | L72: =+IFERROR(VLOOKUP(K72,'[3]THÀNH PHẨM'!$B:$F,3,0),"") | M72: =+IFERROR(VLOOKUP(K72,'[3]THÀNH PHẨM'!$B:$F,4,0),"") | N72: =+IFERROR(VLOOKUP(K72,'[3]THÀNH PHẨM'!$B:$F,5,0),"") | O72: 300 | P72: =+IFERROR(((L72*M72*N72)*O72/1000000),"") -> 0 | S72: =+IFERROR(((L72*M72*Q72)*R72/1000000),"") -> 0 | T72: =10*3 -> 30 | U72: =10*5 -> 50 | V72: 10 | W72: 383 | X72: 755 | Y72: =+IF(J72="","",J72-P72-P73-S72-S73-W72-X72) -> 9752 | Z72: =+IF(J72<>"",W72+Y72,0) -> 10135 | AA72: =+IF(IF(J72=";",Z72/J72)<0,0%,(IF(J72="","",Z72/J72))) -> 0.93067034 | AB72: =+IF(AA72>=3%,"KHÔNG ĐẠT","ĐẠT") -> KHÔNG ĐẠT | AC72: Pallet gỗ 1200x1200x130mm | AD72: 5 | AF72: 300 | AG72: 3.36375 | AH72: 5.6925 | AI72: 4.3361325 | AK72: Việt | AL72: 45751 | AM72: Giấy NVL Khổ 109 k phù hợp đơn hàng
A73: =+ROW()-4 -> 69 | B73: 45748 | C73: 01/TS/25 | D73: 12/2025 | E73: TLTL + TLTH | F73: INIB230109 | G73: =+IFERROR(VLOOKUP(F73,[3]NVL!$B:$C,2,0),"") -> #ERROR! | H73: =+IFERROR(VLOOKUP(F73,[3]NVL!$B:$D,3,0),"") -> #ERROR! | I73: =+IFERROR(VLOOKUP(F73,[3]NVL!$B:$F,4,0),"") -> #ERROR! | K73: LGT230/98-TS | L73: =+IFERROR(VLOOKUP(K73,'[3]THÀNH PHẨM'!$B:$F,3,0),"") | M73: =+IFERROR(VLOOKUP(K73,'[3]THÀNH PHẨM'!$B:$F,4,0),"") | N73: =+IFERROR(VLOOKUP(K73,'[3]THÀNH PHẨM'!$B:$F,5,0),"") | O73: 250 | P73: =+IFERROR(((L73*M73*N73)*O73/1000000),"") -> 0 | S73: =+IFERROR(((L73*M73*Q73)*R73/1000000),"") -> 0 | AC73: Pallet gỗ 1200x1200x130mm | AD73: 4 | AF73: 250 | AG73: 2.691 | AH73: 4.554 | AI73: 2.7005737
A74: =+ROW()-4 -> 70 | B74: 45752 | C74: 01.04/LGT-BBMN | D74: 13/2025 | E74: TLTL + BBMN | F74: INIB210109 | G74: =+IFERROR(VLOOKUP(F74,[3]NVL!$B:$C,2,0),"") -> #ERROR! | H74: =+IFERROR(VLOOKUP(F74,[3]NVL!$B:$D,3,0),"") -> #ERROR! | I74: =+IFERROR(VLOOKUP(F74,[3]NVL!$B:$F,4,0),"") -> #ERROR! | J74: =12*1030+520 -> 12880 | K74: LGT210/95-TS | L74: =+IFERROR(VLOOKUP(K74,'[3]THÀNH PHẨM'!$B:$F,3,0),"") | M74: =+IFERROR(VLOOKUP(K74,'[3]THÀNH PHẨM'!$B:$F,4,0),"") | N74: =+IFERROR(VLOOKUP(K74,'[3]THÀNH PHẨM'!$B:$F,5,0),"") | O74: 594 | P74: =+IFERROR(((L74*M74*N74)*O74/1000000),"") -> 0 | S74: =+IFERROR(((L74*M74*Q74)*R74/1000000),"") -> 0 | T74: =12*3 -> 36 | U74: =12*5 -> 60 | V74: 12 | W74: 303.94 | X74: 746 | Y74: =+IF(J74="","",J74-P74-P75-S74-S75-W74-X74) -> 11830.06 | Z74: =+IF(J74<>"",W74+Y74,0) -> 12134 | AA74: =+IF(IF(J74=";",Z74/J74)<0,0%,(IF(J74="","",Z74/J74))) -> 0.94208075 | AB74: =+IF(AA74>=3%,"KHÔNG ĐẠT","ĐẠT") -> KHÔNG ĐẠT | AC74: Pallet gỗ 1100x1100x130mm | AD74: 12 | AE74: 48 | AF74: 650 | AG74: 8.07 | AH74: 13.66 | AI74: 8.59 | AK74: Việt | AL74: 45763
A75: =+ROW()-4 -> 71 | B75: 45752 | C75: 01.04/LGT-BBMN | D75: 13/2025 | E75: TLTL + BBMN | F75: INIB210109 | G75: =+IFERROR(VLOOKUP(F75,[3]NVL!$B:$C,2,0),"") -> #ERROR! | H75: =+IFERROR(VLOOKUP(F75,[3]NVL!$B:$D,3,0),"") -> #ERROR! | I75: =+IFERROR(VLOOKUP(F75,[3]NVL!$B:$F,4,0),"") -> #ERROR! | K75: LGT210/71-TS | L75: =+IFERROR(VLOOKUP(K75,'[3]THÀNH PHẨM'!$B:$F,3,0),"") | M75: =+IFERROR(VLOOKUP(K75,'[3]THÀNH PHẨM'!$B:$F,4,0),"") | N75: =+IFERROR(VLOOKUP(K75,'[3]THÀNH PHẨM'!$B:$F,5,0),"") | O75: 197 | P75: =+IFERROR(((L75*M75*N75)*O75/1000000),"") -> 0 | S75: =+IFERROR(((L75*M75*Q75)*R75/1000000),"") -> 0 | AC75: Pallet gỗ 1100x1100x130mm | AD75: 3 | AF75: 207 | AG75: 2.02 | AH75: 3.42 | AI75: 2.12
A76: =+ROW()-4 -> 72 | B76: 45764 | C76: LGT-BBMN | D76: 14/2025 | E76: BBMN | F76: INIB250109 | G76: =+IFERROR(VLOOKUP(F76,[3]NVL!$B:$C,2,0),"") -> #ERROR! | H76: =+IFERROR(VLOOKUP(F76,[3]NVL!$B:$D,3,0),"") -> #ERROR! | I76: =+IFERROR(VLOOKUP(F76,[3]NVL!$B:$F,4,0),"") -> #ERROR! | J76: =22*981+405 -> 21987 | K76: LGT250/90-TS | L76: =+IFERROR(VLOOKUP(K76,'[3]THÀNH PHẨM'!$B:$F,3,0),"") | M76: =+IFERROR(VLOOKUP(K76,'[3]THÀNH PHẨM'!$B:$F,4,0),"") | N76: =+IFERROR(VLOOKUP(K76,'[3]THÀNH PHẨM'!$B:$F,5,0),"") | O76: =22*52+12 -> 1156 | P76: =+IFERROR(((L76*M76*N76)*O76/1000000),"") -> 0 | S76: =+IFERROR(((L76*M76*Q76)*R76/1000000),"") -> 0 | T76: =22*3 -> 66 | U76: =22*5 -> 110 | V76: 22 | W76: 396 | X76: 783 | Y76: =+IF(J76="","",J76-P76-S76-W76-X76) -> 20808 | Z76: =+IF(J76<>"",W76+Y76,0) -> 21204 | AA76: =+IF(IF(J76=";",Z76/J76)<0,0%,(IF(J76="","",Z76/J76))) -> 0.96438805 | AC76: Pallet gỗ 1200x1200x130mm | AD76: 23 | AE76: 88 | AF76: =1156+20 -> 1176 | AG76: 15.47 | AH76: 26.19 | AI76: 15.83 | AK76: Việt | AL76: 45765
A77: =+ROW()-4 -> 73 | B77: 45775 | C77: 02.04/LGT-BBMN | D77: 15/2025 | E77: TLTL + BBMN | F77: INIB210109 | G77: =+IFERROR(VLOOKUP(F77,NVL!$B:$C,2,0),"") -> Ivory Ningbo | H77: =+IFERROR(VLOOKUP(F77,NVL!$B:$D,3,0),"") -> 210 | I77: =+IFERROR(VLOOKUP(F77,NVL!$B:$F,4,0),"") -> 109 | J77: =20*1030+746 -> 21346 | K77: LGT210/95-TS | L77: =+IFERROR(VLOOKUP(K77,'THÀNH PHẨM'!$B:$F,3,0),"") -> 210 | M77: =+IFERROR(VLOOKUP(K77,'THÀNH PHẨM'!$B:$F,4,0),"") -> 95 | N77: =+IFERROR(VLOOKUP(K77,'THÀNH PHẨM'!$B:$F,5,0),"") -> 800 | O77: =1035-4 -> 1031 | P77: =+IFERROR(((L77*M77*N77)*O77/1000000),"") -> 16454.76 | S77: =+IFERROR(((L77*M77*Q77)*R77/1000000),"") -> 0 | T77: =20*3 -> 60 | U77: =20*5 -> 100 | V77: 20 | W77: 630.72 | X77: 205 | Y77: =+IF(J77="","",J77-P77-P78-S77-W77-X77) -> 0 | Z77: =+IF(J77<>"",W77+Y77,0) -> 630.72 | AA77: =+IF(IF(J77=";",Z77/J77)<0,0%,(IF(J77="","",Z77/J77))) -> 0.029547456 | AC77: Pallet gỗ 1100x1100x130mm | AD77: 18 | AE77: 64 | AF77: 1045 | AG77: 12.11 | AH77: 20.49 | AI77: 14.9 | AK77: Việt | AL77: 45790
A78: =+ROW()-4 -> 74 | B78: 45775 | C78: 02.04/LGT-BBMN | D78: 15/2025 | E78: TLTL + BBMN | F78: INIB210109 | G78: =+IFERROR(VLOOKUP(F78,NVL!$B:$C,2,0),"") -> Ivory Ningbo | H78: =+IFERROR(VLOOKUP(F78,NVL!$B:$D,3,0),"") -> 210 | I78: =+IFERROR(VLOOKUP(F78,NVL!$B:$F,4,0),"") -> 109 | K78: LGT210/71-TS | L78: =+IFERROR(VLOOKUP(K78,'THÀNH PHẨM'!$B:$F,3,0),"") -> 210 | M78: =+IFERROR(VLOOKUP(K78,'THÀNH PHẨM'!$B:$F,4,0),"") -> 71 | N78: =+IFERROR(VLOOKUP(K78,'THÀNH PHẨM'!$B:$F,5,0),"") -> 800 | O78: =345-5 -> 340 | P78: =+IFERROR(((L78*M78*N78)*O78/1000000),"") -> 4055.52 | S78: =+IFERROR(((L78*M78*Q78)*R78/1000000),"") -> 0 | AC78: Pallet gỗ 1100x1100x130mm | AD78: 6 | AF78: 363 | AG78: 4.04 | AH78: 6.83 | AI78: 3.67
A79: =+ROW()-4 -> 75 | B79: 45790 | C79: NỐI BTP | D79: 15BTP1 | E79: BBMN | G79: =+IFERROR(VLOOKUP(F79,NVL!$B:$C,2,0),"") | H79: 210 | I79: 95 | J79: =0.21*0.095*3*620+0.21*0.095*3*487 -> 66.25395 | K79: LGT210/95-TS | L79: 210 | M79: 95 | N79: 800 | O79: 4 | P79: =+IFERROR(((L79*M79*N79)*O79/1000000),"") -> 63.84 | W79: 2.41 | Y79: =+IF(J79="","",J79-P79-S79-W79-X79) -> 0.00395 | Z79: =+IF(J79<>"",W79+Y79,0) -> 2.41395 | AA79: =+IF(IF(J79=";",Z79/J79)<0,0%,(IF(J79="","",Z79/J79))) -> 0.036434809 | AI79: 0.06 | AK79: Việt | AL79: 45790
A80: =+ROW()-4 -> 76 | B80: 45790 | C80: NỐI BTP | D80: 15BTP2 | E80: TLTL | H80: 210 | I80: 71 | J80: =0.21*0.071*8*150+0.21*0.071*170+0.21*0.071*2*720+0.21*0.071*2*620 -> 60.3855 | K80: LGT210/71-TS | L80: 210 | M80: 71 | N80: 800 | O80: 5 | P80: =+IFERROR(((L80*M80*N80)*O80/1000000),"") -> 59.64 | X80: =0.21*0.071*50 -> 0.7455 | Y80: =+IF(J80="","",J80-P80-S80-W80-X80) -> 0 | Z80: =+IF(J80<>"",W80+Y80,0) -> 0 | AA80: =+IF(IF(J80=";",Z80/J80)<0,0%,(IF(J80="","",Z80/J80))) -> 0 | AI80: 0.05 | AK80: Việt | AL80: 45790
A81: =+ROW()-4 -> 77 | B81: 45790 | C81: 02/TS/25 | D81: 16/2025 | E81: TLTL + TLTH | F81: INIB230109 | G81: =+IFERROR(VLOOKUP(F81,[3]NVL!$B:$C,2,0),"") -> #ERROR! | H81: =+IFERROR(VLOOKUP(F81,[3]NVL!$B:$D,3,0),"") -> #ERROR! | I81: =+IFERROR(VLOOKUP(F81,[3]NVL!$B:$F,4,0),"") -> #ERROR! | J81: =20*990+755 -> 20555 | K81: LGT230/95-TS | L81: =+IFERROR(VLOOKUP(K81,'[3]THÀNH PHẨM'!$B:$F,3,0),"") | M81: =+IFERROR(VLOOKUP(K81,'[3]THÀNH PHẨM'!$B:$F,4,0),"") | N81: =+IFERROR(VLOOKUP(K81,'[3]THÀNH PHẨM'!$B:$F,5,0),"") | O81: 600 | P81: =+IFERROR(((L81*M81*N81)*O81/1000000),"") -> 0 | S81: =+IFERROR(((L81*M81*Q81)*R81/1000000),"") -> 0 | T81: =20*3 -> 60 | U81: =20*5 -> 100 | V81: 20 | W81: 586 | X81: 465 | Y81: =+IF(J81="","",J81-P81-P82-S81-S82-W81-X81) -> 19504 | Z81: =+IF(J81<>"",W81+Y81,0) -> 20090 | AA81: =+IF(IF(J81=";",Z81/J81)<0,0%,(IF(J81="","",Z81/J81))) -> 0.97737777 | AB81: =+IF(AA81>=3%,"KHÔNG ĐẠT","ĐẠT") -> KHÔNG ĐẠT | AC81: Pallet gỗ 1200x1200x130mm | AD81: 10 | AF81: 608 | AG81: 6.73 | AH81: 11.38 | AI81: 8.67 | AK81: Việt | AL81: 45800 | AM81: Giấy NVL Khổ 109 k phù hợp đơn hàng
A82: =+ROW()-4 -> 78 | B82: 45790 | C82: 02/TS/25 | D82: 16/2025 | E82: TLTL + TLTH | F82: INIB230109 | G82: =+IFERROR(VLOOKUP(F82,[3]NVL!$B:$C,2,0),"") -> #ERROR! | H82: =+IFERROR(VLOOKUP(F82,[3]NVL!$B:$D,3,0),"") -> #ERROR! | I82: =+IFERROR(VLOOKUP(F82,[3]NVL!$B:$F,4,0),"") -> #ERROR! | K82: LGT230/98-TS | L82: =+IFERROR(VLOOKUP(K82,'[3]THÀNH PHẨM'!$B:$F,3,0),"") | M82: =+IFERROR(VLOOKUP(K82,'[3]THÀNH PHẨM'!$B:$F,4,0),"") | N82: =+IFERROR(VLOOKUP(K82,'[3]THÀNH PHẨM'!$B:$F,5,0),"") | O82: 500 | P82: =+IFERROR(((L82*M82*N82)*O82/1000000),"") -> 0 | S82: =+IFERROR(((L82*M82*Q82)*R82/1000000),"") -> 0 | AC82: Pallet gỗ 1200x1200x130mm | AD82: 9 | AF82: 507 | AG82: 6.05 | AH82: 10.25 | AI82: 7.46
A83: =+ROW()-4 -> 79 | B83: 45801 | C83: 25/KHVT/0484 | D83: 17/2025 | E83: TLTL | F83: INIB210109 | G83: =+IFERROR(VLOOKUP(F83,NVL!$B:$C,2,0),"") -> Ivory Ningbo | H83: =+IFERROR(VLOOKUP(F83,NVL!$B:$D,3,0),"") -> 210 | I83: =+IFERROR(VLOOKUP(F83,NVL!$B:$F,4,0),"") -> 109 | J83: =34*1030+205 -> 35225 | K83: LGT210/95-TS | L83: =+IFERROR(VLOOKUP(K83,'THÀNH PHẨM'!$B:$F,3,0),"") -> 210 | M83: =+IFERROR(VLOOKUP(K83,'THÀNH PHẨM'!$B:$F,4,0),"") -> 95 | N83: =+IFERROR(VLOOKUP(K83,'THÀNH PHẨM'!$B:$F,5,0),"") -> 800 | O83: 573 | P83: =+IFERROR(((L83*M83*N83)*O83/1000000),"") -> 9145.08 | S83: =+IFERROR(((L83*M83*Q83)*R83/1000000),"") -> 0 | T83: =34*3 -> 102 | U83: =34*5 -> 170 | V83: 34 | W83: 1049.62 | X83: 65 | Y83: =+IF(J83="","",J83-P83-P84-S83-W83-X83) -> -0.004 | Z83: =+IF(J83<>"",W83+Y83,0) -> 1049.616 | AA83: =+IF(IF(J83=";",Z83/J83)<0,0%,(IF(J83="","",Z83/J83))) -> 0.029797473 | AC83: Pallet gỗ 1100x1100x130mm | AD83: 10 | AF83: 578 | AG83: 6.5 | AH83: 7 | AI83: 8.28 | AK83: Việt | AL83: 45822
A84: =+ROW()-4 -> 80 | B84: 45801 | C84: 25/KHVT/0484 | D84: 17/2025 | E84: TLTL | F84: INIB210109 | G84: =+IFERROR(VLOOKUP(F84,NVL!$B:$C,2,0),"") -> Ivory Ningbo | H84: =+IFERROR(VLOOKUP(F84,NVL!$B:$D,3,0),"") -> 210 | I84: =+IFERROR(VLOOKUP(F84,NVL!$B:$F,4,0),"") -> 109 | K84: LGT210/71-TS | L84: =+IFERROR(VLOOKUP(K84,'THÀNH PHẨM'!$B:$F,3,0),"") -> 210 | M84: =+IFERROR(VLOOKUP(K84,'THÀNH PHẨM'!$B:$F,4,0),"") -> 71 | N84: =+IFERROR(VLOOKUP(K84,'THÀNH PHẨM'!$B:$F,5,0),"") -> 800 | O84: =2101-8 -> 2093 | P84: =+IFERROR(((L84*M84*N84)*O84/1000000),"") -> 24965.304 | S84: =+IFERROR(((L84*M84*Q84)*R84/1000000),"") -> 0 | AC84: Pallet gỗ 1100x1100x130mm | AD84: 35 | AF84: 2110 | AG84: 22.75 | AH84: 24.5 | AI84: 22.61
A85: =+ROW()-4 -> 81 | B85: 45822 | C85: NỐI BTP | D85: 17BTP1 | E85: TLTL | H85: 210 | I85: 71 | J85: =0.21*0.071*50+0.21*0.071*9*620+0.21*0.071*487+0.21*0.071*283 -> 95.424 | K85: LGT210/71-TS | L85: 210 | M85: 71 | N85: 800 | O85: 8 | P85: =+IFERROR(((L85*M85*N85)*O85/1000000),"") -> 95.424 | W85: 0 | Y85: =+IF(J85="","",J85-P85-S85-W85-X85) -> 0 | Z85: =+IF(J85<>"",W85+Y85,0) -> 0 | AA85: =+IF(IF(J85=";",Z85/J85)<0,0%,(IF(J85="","",Z85/J85))) -> 0 | AI85: 0.09 | AK85: Việt | AL85: 45822
A86: =+ROW()-4 -> 82 | B86: 45824 | C86: LGT-BBMN | D86: 18/2025 | E86: BBMN | F86: INIB250109 | G86: =+IFERROR(VLOOKUP(F86,[3]NVL!$B:$C,2,0),"") -> #ERROR! | H86: =+IFERROR(VLOOKUP(F86,[3]NVL!$B:$D,3,0),"") -> #ERROR! | I86: =+IFERROR(VLOOKUP(F86,[3]NVL!$B:$F,4,0),"") -> #ERROR! | J86: =37*981+783 -> 37080 | K86: LGT250/90-TS | L86: =+IFERROR(VLOOKUP(K86,'[3]THÀNH PHẨM'!$B:$F,3,0),"") | M86: =+IFERROR(VLOOKUP(K86,'[3]THÀNH PHẨM'!$B:$F,4,0),"") | N86: =+IFERROR(VLOOKUP(K86,'[3]THÀNH PHẨM'!$B:$F,5,0),"") | O86: =2016-4 -> 2012 | P86: =+IFERROR(((L86*M86*N86)*O86/1000000),"") -> 0 | S86: =+IFERROR(((L86*M86*Q86)*R86/1000000),"") -> 0 | T86: =37*3 -> 111 | U86: =37*5 -> 185 | V86: 37 | W86: =460+72 -> 532 | X86: 332 | Y86: =+IF(J86="","",J86-P86-S86-W86-X86) -> 36216 | Z86: =+IF(J86<>"",W86+Y86,0) -> 36748 | AA86: =+IF(IF(J86=";",Z86/J86)<0,0%,(IF(J86="","",Z86/J86))) -> 0.99104639 | AC86: Pallet gỗ 1200x1200x130mm | AD86: 39 | AE86: =38*4 -> 152 | AF86: 2100 | AG86: 25.35 | AH86: 27.3 | AI86: 27.55 | AK86: Việt | AL86: 45841
A87: =+ROW()-4 -> 83 | B87: 45841 | C87: NỐI BTP | D87: 18BTP1 | E87: TLTL | H87: 250 | I87: 90 | J87: =0.25*0.09*10*300+0.25*0.09*200 -> 72 | K87: LGT250/90-TS | L87: 250 | M87: 90 | N87: 800 | O87: 4 | P87: =+IFERROR(((L87*M87*N87)*O87/1000000),"") -> 72 | W87: 0 | Y87: =+IF(J87="","",J87-P87-S87-W87-X87) -> 0 | Z87: =+IF(J87<>"",W87+Y87,0) -> 0 | AA87: =+IF(IF(J87=";",Z87/J87)<0,0%,(IF(J87="","",Z87/J87))) -> 0 | AI87: 0.05 | AK87: Việt | AL87: 45841
A88: =+ROW()-4 -> 84 | B88: 45845 | C88: LGT-BBMN | D88: 19/2025 | E88: BBMN | F88: INIB210109 | G88: =+IFERROR(VLOOKUP(F88,NVL!$B:$C,2,0),"") -> Ivory Ningbo | H88: =+IFERROR(VLOOKUP(F88,NVL!$B:$D,3,0),"") -> 210 | I88: =+IFERROR(VLOOKUP(F88,NVL!$B:$F,4,0),"") -> 109 | J88: =16*1030+65 -> 16545 | K88: LGT210/95-TS | L88: =+IFERROR(VLOOKUP(K88,'THÀNH PHẨM'!$B:$F,3,0),"") -> 210 | M88: =+IFERROR(VLOOKUP(K88,'THÀNH PHẨM'!$B:$F,4,0),"") -> 95 | N88: =+IFERROR(VLOOKUP(K88,'THÀNH PHẨM'!$B:$F,5,0),"") -> 800 | O88: 1134 | P88: =+IFERROR(((L88*M88*N88)*O88/1000000),"") -> 18098.64 | S88: =+IFERROR(((L88*M88*Q88)*R88/1000000),"") -> 0 | T88: =16*3 -> 48 | U88: =16*5 -> 80 | V88: 16 | W88: 658.5 | Y88: =+IF(J89="","",J89+J88-P88-S88-P89-W88-X88-S89-W89-X89) -> 0.004 | Z88: =+IF(J89<>"",W88+Y88,0) -> 658.504 | AA88: =+IF(IF(J89=";",Z88/J89)<0,0%,(IF(J89="","",Z88/(J89+J88)))) -> 0.028076405 | AC88: Pallet gỗ 1100x1100x130mm | AD88: 22 | AF88: 1189 | AG88: 14.3 | AH88: 24.2 | AI88: 16.39 | AK88: Việt | AL88: 45859
A89: =+ROW()-4 -> 85 | B89: 45845 | C89: LGT-BBMN | D89: 19/2025 | E89: BBMN | F89: INIB210108 | G89: =+IFERROR(VLOOKUP(F89,NVL!$B:$C,2,0),"") -> Ivory Ningbo | H89: =+IFERROR(VLOOKUP(F89,NVL!$B:$D,3,0),"") -> 210 | I89: =+IFERROR(VLOOKUP(F89,NVL!$B:$F,4,0),"") -> 108 | J89: =7*987 -> 6909 | K89: LGT210/71-TS | L89: =+IFERROR(VLOOKUP(K89,'THÀNH PHẨM'!$B:$F,3,0),"") -> 210 | M89: =+IFERROR(VLOOKUP(K89,'THÀNH PHẨM'!$B:$F,4,0),"") -> 71 | N89: =+IFERROR(VLOOKUP(K89,'THÀNH PHẨM'!$B:$F,5,0),"") -> 800 | O89: 377 | P89: =+IFERROR(((L89*M89*N89)*O89/1000000),"") -> 4496.856 | S89: =+IFERROR(((L89*M89*Q89)*R89/1000000),"") -> 0 | T89: =7*3 -> 21 | U89: =7*5 -> 35 | V89: 7 | X89: 200 | AC89: Pallet gỗ 1100x1100x130mm | AD89: 7 | AF89: 398 | AG89: 4.55 | AH89: 7.7 | AI89: 4.07 | AK89: Việt | AL89: 45859
A90: =+ROW()-4 -> 86 | B90: 45859 | C90: 04/TS/25 | D90: 20/2025 | E90: TLTH | F90: INIB230108 | G90: =+IFERROR(VLOOKUP(F90,NVL!$B:$C,2,0),"") -> Ivory Ningbo | H90: =+IFERROR(VLOOKUP(F90,NVL!$B:$D,3,0),"") -> 230 | I90: =+IFERROR(VLOOKUP(F90,NVL!$B:$F,4,0),"") -> 108 | J90: =6*969 -> 5814 | K90: LGT230/95-TS | L90: =+IFERROR(VLOOKUP(K90,'THÀNH PHẨM'!$B:$F,3,0),"") -> 230 | M90: =+IFERROR(VLOOKUP(K90,'THÀNH PHẨM'!$B:$F,4,0),"") -> 95 | N90: =+IFERROR(VLOOKUP(K90,'THÀNH PHẨM'!$B:$F,5,0),"") -> 800 | O90: 308 | P90: =+IFERROR(((L90*M90*N90)*O90/1000000),"") -> 5383.84 | S90: =+IFERROR(((L90*M90*Q90)*R90/1000000),"") -> 0 | T90: =6*3 -> 18 | U90: =6*5 -> 30 | V90: 6 | W90: 214.16 | X90: 216 | Y90: =+IF(J90="","",J90-P90-S90-W90-X90) -> 0 | Z90: =+IF(J90<>"",W90+Y90,0) -> 214.16 | AA90: =+IF(IF(J90=";",Z90/J90)<0,0%,(IF(J90="","",Z90/J90))) -> 0.036835225 | AC90: Pallet gỗ 1200x1200x130mm | AD90: 5 | AF90: 315 | AG90: 3.25 | AH90: 1.5 | AI90: 4.45 | AK90: Việt | AL90: 45863 | AM90: Giấy NVL Khổ 108 k phù hợp đơn hàng
A91: =+ROW()-4 -> 87 | B91: 45863 | C91: TLTL | D91: 21/2025 | E91: BBMN | F91: INIB210108 | G91: =+IFERROR(VLOOKUP(F91,NVL!$B:$C,2,0),"") -> Ivory Ningbo | H91: =+IFERROR(VLOOKUP(F91,NVL!$B:$D,3,0),"") -> 210 | I91: =+IFERROR(VLOOKUP(F91,NVL!$B:$F,4,0),"") -> 108 | J91: =200+35*987 -> 34745 | K91: LGT210/71-TS | L91: =+IFERROR(VLOOKUP(K91,'THÀNH PHẨM'!$B:$F,3,0),"") -> 210 | M91: =+IFERROR(VLOOKUP(K91,'THÀNH PHẨM'!$B:$F,4,0),"") -> 71 | N91: =+IFERROR(VLOOKUP(K91,'THÀNH PHẨM'!$B:$F,5,0),"") -> 800 | O91: =2834-12 -> 2822 | P91: =+IFERROR(((L91*M91*N91)*O91/1000000),"") -> 33660.816 | S91: =+IFERROR(((L91*M91*Q91)*R91/1000000),"") -> 0 | T91: =36*3 -> 108 | U91: =36*5 -> 180 | V91: 36 | W91: 1034.18 | X91: 50 | Y91: =+IF(J91="","",J91-P91-S91-W91-X91) -> 0.004 | Z91: =+IF(J91<>"",W91+Y91,0) -> 1034.184 | AA91: =+IF(IF(J91=";",Z91/J91)<0,0%,(IF(J91="","",Z91/J91))) -> 0.029764973 | AC91: Pallet gỗ 1100x1100x130mm | AD91: 46 | AF91: 2870 | AG91: 29.9 | AH91: 13.8 | AI91: 30.61 | AK91: Việt | AL91: 45885
A92: =+ROW()-4 -> 88 | B92: 45885 | C92: NỐI BTP | D92: 21BTP1 | E92: TLTL | H92: 210 | I92: 71 | J92: =0.21*0.071*204+0.21*0.071*8*487+0.21*0.071*11*500 -> 143.136 | K92: LGT210/71-TS | L92: 210 | M92: 71 | N92: 800 | O92: 12 | P92: =+IFERROR(((L92*M92*N92)*O92/1000000),"") -> 143.136 | W92: 0 | Y92: =+IF(J92="","",J92-P92-S92-W92-X92) -> 0 | Z92: =+IF(J92<>"",W92+Y92,0) -> 0 | AA92: =+IF(IF(J92=";",Z92/J92)<0,0%,(IF(J92="","",Z92/J92))) -> 0 | AI92: 0.13 | AK92: Việt | AL92: 45885
A93: =+ROW()-4 -> 89 | B93: 45887 | C93: 05+06/TS/25 | D93: 22/2025 | E93: TLTH | F93: INIB230108 | G93: =+IFERROR(VLOOKUP(F93,NVL!$B:$C,2,0),"") -> Ivory Ningbo | H93: =+IFERROR(VLOOKUP(F93,NVL!$B:$D,3,0),"") -> 230 | I93: =+IFERROR(VLOOKUP(F93,NVL!$B:$F,4,0),"") -> 108 | J93: =216+17*969 -> 16689 | K93: LGT230/95-TS | L93: =+IFERROR(VLOOKUP(K93,'THÀNH PHẨM'!$B:$F,3,0),"") -> 230 | M93: =+IFERROR(VLOOKUP(K93,'THÀNH PHẨM'!$B:$F,4,0),"") -> 95 | N93: =+IFERROR(VLOOKUP(K93,'THÀNH PHẨM'!$B:$F,5,0),"") -> 800 | O93: 898 | P93: =+IFERROR(((L93*M93*N93)*O93/1000000),"") -> 15697.04 | S93: =+IFERROR(((L93*M93*Q93)*R93/1000000),"") -> 0 | T93: =17*3 -> 51 | U93: =+V93*5 -> 85 | V93: 17 | W93: 730.96 | X93: 261 | Y93: =+IF(J93="","",J93-P93-S93-W93-X93) -> 0 | Z93: =+IF(J93<>"",W93+Y93,0) -> 730.96 | AA93: =+IF(IF(J93=";",Z93/J93)<0,0%,(IF(J93="","",Z93/J93))) -> 0.043798909 | AC93: Pallet gỗ 1200x1200x130mm | AD93: 15 | AF93: =1116+53 -> 1169 | AG93: 9.75 | AH93: 4.5 | AI93: 12.98 | AK93: Việt | AL93: 45894 | AM93: Giấy NVL Khổ 108 k phù hợp đơn hàng
A94: =+ROW()-4 -> 90 | B94: 45895 | C94: LGT-BBMN | D94: 23/2025 | E94: BBMN | F94: INIB250109 | G94: =+IFERROR(VLOOKUP(F94,NVL!$B:$C,2,0),"") -> Ivory Ningbo | H94: =+IFERROR(VLOOKUP(F94,NVL!$B:$D,3,0),"") -> 250 | I94: =+IFERROR(VLOOKUP(F94,NVL!$B:$F,4,0),"") -> 109 | J94: =332+21*981 -> 20933 | K94: LGT250/90-TS | L94: =+IFERROR(VLOOKUP(K94,'THÀNH PHẨM'!$B:$F,3,0),"") -> 250 | M94: =+IFERROR(VLOOKUP(K94,'THÀNH PHẨM'!$B:$F,4,0),"") -> 90 | N94: =+IFERROR(VLOOKUP(K94,'THÀNH PHẨM'!$B:$F,5,0),"") -> 800 | O94: 1104 | P94: =+IFERROR(((L94*M94*N94)*O94/1000000),"") -> 19872 | S94: =+IFERROR(((L94*M94*Q94)*R94/1000000),"") -> 0 | T94: =21*3 -> 63 | U94: =+V94*5 -> 105 | V94: 21 | W94: 271 | X94: 790 | Y94: =+IF(J94="","",J94-P94-S94-W94-X94) -> 0 | Z94: =+IF(J94<>"",W94+Y94,0) -> 271 | AA94: =+IF(IF(J94=";",Z94/J94)<0,0%,(IF(J94="","",Z94/J94))) -> 0.012946066 | AC94: Pallet gỗ 1200x1200x130mm | AD94: 20 | AE94: 80 | AF94: 1104 | AG94: 6 | AH94: 10 | AI94: 15.12 | AK94: Việt | AL94: 45908
A95: =+ROW()-4 -> 91 | B95: 45908 | C95: LGT-BBMN | D95: 24/2025 | E95: BBMN | F95: INIB210108 | G95: =+IFERROR(VLOOKUP(F95,NVL!$B:$C,2,0),"") -> Ivory Ningbo | H95: =+IFERROR(VLOOKUP(F95,NVL!$B:$D,3,0),"") -> 210 | I95: =+IFERROR(VLOOKUP(F95,NVL!$B:$F,4,0),"") -> 108 | J95: =24*987+50 -> 23738 | K95: LGT210/95-TS | L95: =+IFERROR(VLOOKUP(K95,'THÀNH PHẨM'!$B:$F,3,0),"") -> 210 | M95: =+IFERROR(VLOOKUP(K95,'THÀNH PHẨM'!$B:$F,4,0),"") -> 95 | N95: =+IFERROR(VLOOKUP(K95,'THÀNH PHẨM'!$B:$F,5,0),"") -> 800 | O95: 387 | P95: =+IFERROR(((L95*M95*N95)*O95/1000000),"") -> 6176.52 | S95: =+IFERROR(((L95*M95*Q95)*R95/1000000),"") -> 0 | T95: =24*3 -> 72 | U95: =25*5 -> 125 | V95: 25 | W95: 635.65 | X95: 0 | Y95: =+IF(J95="","",J95-P95-P96-S95-W95-X95) -> -0.002 | Z95: =+IF(J95<>"",W95+Y95,0) -> 635.648 | AA95: =+IF(IF(J95=";",Z95/J95)<0,0%,(IF(J95="","",Z95/J95))) -> 0.026777656 | AC95: Pallet gỗ 1100x1100x130mm | AD95: 7 | AE95: =7*4 -> 28 | AF95: 390 | AG95: 2.1 | AH95: 2.1 | AI95: 5.59 | AK95: Việt | AL95: 45923
A96: =+ROW()-4 -> 92 | B96: 45908 | C96: LGT-BBMN | D96: 24/2025 | E96: BBMN | F96: INIB210108 | G96: =+IFERROR(VLOOKUP(F96,NVL!$B:$C,2,0),"") -> Ivory Ningbo | H96: =+IFERROR(VLOOKUP(F96,NVL!$B:$D,3,0),"") -> 210 | I96: =+IFERROR(VLOOKUP(F96,NVL!$B:$F,4,0),"") -> 108 | K96: LGT210/71-TS | L96: =+IFERROR(VLOOKUP(K96,'THÀNH PHẨM'!$B:$F,3,0),"") -> 210 | M96: =+IFERROR(VLOOKUP(K96,'THÀNH PHẨM'!$B:$F,4,0),"") -> 71 | N96: =+IFERROR(VLOOKUP(K96,'THÀNH PHẨM'!$B:$F,5,0),"") -> 800 | O96: 1419 | P96: =+IFERROR(((L96*M96*N96)*O96/1000000),"") -> 16925.832 | S96: =+IFERROR(((L96*M96*Q96)*R96/1000000),"") -> 0 | AC96: Pallet gỗ 1100x1100x130mm | AD96: 24 | AF96: 1419 | AG96: 7.2 | AH96: 7.2 | AI96: 15.33 | AK96: Việt | AL96: 45923
A97: =+ROW()-4 -> 93 | B97: 45923 | C97: TLTH | D97: 25/2025 | E97: TLTH | F97: INIB230108 | G97: =+IFERROR(VLOOKUP(F97,NVL!$B:$C,2,0),"") -> Ivory Ningbo | H97: =+IFERROR(VLOOKUP(F97,NVL!$B:$D,3,0),"") -> 230 | I97: =+IFERROR(VLOOKUP(F97,NVL!$B:$F,4,0),"") -> 108 | J97: =14*969+261 -> 13827 | K97: LGT230/95-TS | L97: =+IFERROR(VLOOKUP(K97,'THÀNH PHẨM'!$B:$F,3,0),"") -> 230 | M97: =+IFERROR(VLOOKUP(K97,'THÀNH PHẨM'!$B:$F,4,0),"") -> 95 | N97: =+IFERROR(VLOOKUP(K97,'THÀNH PHẨM'!$B:$F,5,0),"") -> 800 | O97: 759 | P97: =+IFERROR(((L97*M97*N97)*O97/1000000),"") -> 13267.32 | S97: =+IFERROR(((L97*M97*Q97)*R97/1000000),"") -> 0 | T97: =14*3 -> 42 | U97: =+V97*5 -> 75 | V97: 15 | W97: 529.68 | X97: 30 | Y97: =+IF(J97="","",J97-P97-S97-W97-X97) -> 0 | Z97: =+IF(J97<>"",W97+Y97,0) -> 529.68 | AA97: =+IF(IF(J97=";",Z97/J97)<0,0%,(IF(J97="","",Z97/J97))) -> 0.038307659 | AC97: Pallet gỗ 1200x1200x130mm | AD97: 12 | AE97: 48 | AF97: 765 | AG97: 3.6 | AH97: 6 | AI97: 10.97 | AK97: Việt | AL97: 45931 | AM97: Giấy NVL Khổ 108 k phù hợp đơn hàng
A98: =+ROW()-4 -> 94 | B98: 45937 | C98: TLTL | D98: 27/2025 | E98: TLTL | F98: INIB21070 | G98: =+IFERROR(VLOOKUP(F98,NVL!$B:$C,2,0),"") -> Ivory Ningbo | H98: =+IFERROR(VLOOKUP(F98,NVL!$B:$D,3,0),"") -> 210 | I98: =+IFERROR(VLOOKUP(F98,NVL!$B:$F,4,0),"") -> 70 | J98: 3834 | K98: LGT210/83-TS | L98: =+IFERROR(VLOOKUP(K98,'THÀNH PHẨM'!$B:$F,3,0),"") -> 210 | M98: =+IFERROR(VLOOKUP(K98,'THÀNH PHẨM'!$B:$F,4,0),"") -> 83 | N98: =+IFERROR(VLOOKUP(K98,'THÀNH PHẨM'!$B:$F,5,0),"") -> 800 | O98: 255 | P98: =+IFERROR(((L98*M98*N98)*O98/1000000),"") -> 3555.72 | S98: =+IFERROR(((L98*M98*Q98)*R98/1000000),"") -> 0 | T98: =6*3 -> 18 | U98: =6*5 -> 30 | V98: 6 | W98: 278.28 | X98: 0 | Y98: =+IF(J98="","",J98-P98-S98-W98-X98) -> 0 | Z98: =+IF(J98<>"",W98+Y98,0) -> 278.28 | AA98: =+IF(IF(J98=";",Z98/J98)<0,0%,(IF(J98="","",Z98/J98))) -> 0.07258216 | AC98: Pallet gỗ 1100x1100x130mm | AF98: 10 | AG98: 1.2 | AH98: 2.6 | AI98: 3.22 | AK98: Việt | AL98: 45940 | AM98: Giấy NVL Khổ 70 k phù hợp đơn hàng
A99: =+ROW()-4 -> 95 | B99: 45940 | C99: NỐI BTP | D99: 27BTP1 | E99: TLTL | H99: 210 | I99: 83 | J99: =0.21*0.083*720+0.21*0.083*200+0.21*0.083*300 -> 21.2646 | K99: LGT210/83-TS | L99: 210 | M99: 83 | N99: 800 | O99: 1 | P99: =+IFERROR(((L99*M99*N99)*O99/1000000),"") -> 13.944 | W99: 7.32 | Y99: =+IF(J99="","",J99-P99-S99-W99-X99) -> 0.0006 | Z99: =+IF(J99<>"",W99+Y99,0) -> 7.3206 | AA99: =+IF(IF(J99=";",Z99/J99)<0,0%,(IF(J99="","",Z99/J99))) -> 0.3442623 | AI99: 0.01 | AK99: Việt | AL99: 45940
A100: =+ROW()-4 -> 96 | B100: 45931 | C100: LGT-BBMN | D100: 26/2025 | E100: BBMN | F100: INIB250109 | G100: =+IFERROR(VLOOKUP(F100,NVL!$B:$C,2,0),"") -> Ivory Ningbo | H100: =+IFERROR(VLOOKUP(F100,NVL!$B:$D,3,0),"") -> 250 | I100: =+IFERROR(VLOOKUP(F100,NVL!$B:$F,4,0),"") -> 109 | J100: =790+21*981 -> 21391 | K100: LGT250/90-TS | L100: =+IFERROR(VLOOKUP(K100,'THÀNH PHẨM'!$B:$F,3,0),"") -> 250 | M100: =+IFERROR(VLOOKUP(K100,'THÀNH PHẨM'!$B:$F,4,0),"") -> 90 | N100: =+IFERROR(VLOOKUP(K100,'THÀNH PHẨM'!$B:$F,5,0),"") -> 800 | O100: 1140 | P100: =+IFERROR(((L100*M100*N100)*O100/1000000),"") -> 20520 | S100: =+IFERROR(((L100*M100*Q100)*R100/1000000),"") -> 0 | T100: =21*3 -> 63 | U100: =+V100*5 -> 105 | V100: 21 | W100: 391 | X100: 480 | Y100: =+IF(J100="","",J100-P100-S100-W100-X100) -> 0 | Z100: =+IF(J100<>"",W100+Y100,0) -> 391 | AA100: =+IF(IF(J100=";",Z100/J100)<0,0%,(IF(J100="","",Z100/J100))) -> 0.018278715 | AC100: Pallet gỗ 1200x1200x130mm | AD100: 22 | AF100: 1140 | AG100: 6 | AH100: 10 | AI100: 15.12 | AK100: Việt | AL100: 45951
A101: =+ROW()-4 -> 97 | B101: 45952 | C101: TLTL | D101: 28/2025 | E101: BBMN | F101: INIB210108 | G101: =+IFERROR(VLOOKUP(F101,NVL!$B:$C,2,0),"") -> Ivory Ningbo | H101: =+IFERROR(VLOOKUP(F101,NVL!$B:$D,3,0),"") -> 210 | I101: =+IFERROR(VLOOKUP(F101,NVL!$B:$F,4,0),"") -> 108 | J101: =23*987 -> 22701 | K101: LGT210/71-TS | L101: =+IFERROR(VLOOKUP(K101,'THÀNH PHẨM'!$B:$F,3,0),"") -> 210 | M101: =+IFERROR(VLOOKUP(K101,'THÀNH PHẨM'!$B:$F,4,0),"") -> 71 | N101: =+IFERROR(VLOOKUP(K101,'THÀNH PHẨM'!$B:$F,5,0),"") -> 800 | O101: 1785 | P101: =+IFERROR(((L101*M101*N101)*O101/1000000),"") -> 21291.48 | S101: =+IFERROR(((L101*M101*Q101)*R101/1000000),"") -> 0 | T101: =23*3 -> 69 | U101: =+V101*5 -> 110 | V101: 22 | W101: 500.52 | X101: 909 | Y101: =+IF(J101="","",J101-P101-S101-W101-X101) -> 0 | Z101: =+IF(J101<>"",W101+Y101,0) -> 500.52 | AA101: =+IF(IF(J101=";",Z101/J101)<0,0%,(IF(J101="","",Z101/J101))) -> 0.022048368 | AC101: Pallet gỗ 1100x1100x130mm | AD101: 30 | AF101: 1785 | AG101: 9 | AH101: 12 | AI101: 19.28 | AK101: Việt | AL101: 45964
...

Sheet DANH MỤC
C5: MÃ | D5: TÊN HÀNG | E5: QUY CÁCH | H5: ĐVT
C6: LGT210/71-TS | D6: Lưỡi gà trắng 71mm x 800m x 210gsm | E6: 210 | F6: 71 | G6: 800 | H6: Cuộn
C7: LGT210/83-TS | D7: Lưỡi gà trắng 83mm x 800m x 210gsm | E7: 210 | F7: 83 | G7: 800 | H7: Cuộn
C8: LGT210/91-TS | D8: Lưỡi gà trắng 91mm x 800m x 210gsm | E8: 210 | F8: 91 | G8: 800 | H8: Cuộn
C9: LGT210/95-TS | D9: Lưỡi gà trắng 95mm x 800m x 210gsm | E9: 210 | F9: 95 | G9: 800 | H9: Cuộn
C10: LGT230/75-TS | D10: Lưỡi gà trắng 75mm x 800m x 230gsm | E10: 230 | F10: 75 | G10: 800 | H10: Cuộn
C11: LGT230/95-TS | D11: Lưỡi gà trắng 95mm x 800m x 230gsm | E11: 230 | F11: 95 | G11: 800 | H11: Cuộn
C12: LGT210/96.5-TS | D12: Lưỡi gà trắng 96.5mm x 800m x 210gsm | E12: 210 | F12: 96.5 | G12: 800 | H12: Cuộn
C13: LGT230/97-TS | D13: Lưỡi gà trắng 97mm x 800m x 230gsm | E13: 230 | F13: 97 | G13: 800 | H13: Cuộn
C14: LGT230/98-TS | D14: Lưỡi gà trắng 98mm x 800m x 230gsm | E14: 230 | F14: 98 | G14: 800 | H14: Cuộn
C15: LGT250/90-TS | D15: Lưỡi gà trắng 90mm x 800m x 250gsm | E15: 250 | F15: 90 | G15: 800 | H15: Cuộn
C16: LGT210/88-TS | D16: Lưỡi gà trắng 88mm x 800m x 210gsm | E16: 210 | F16: 88 | G16: 800 | H16: Cuộn
C17: BTP.LGT210/71/150-TS | D17: Lưỡi gà trắng 71mm x 150m x 210gsm | E17: 210 | F17: 71 | G17: 150 | H17: Cuộn
... C30: BTP.LGT250/90/400-TS | D30: Lưỡi gà trắng 90mm x 400m x 250gsm | E30: 250 | F30: 90 | G30: 400 | H30: Cuộn
C31: INIB21065 | D31: Ivory Ningbo | E31: 210 | F31: 65 | H31: Kg
C32: INIB21079 | D32: Ivory Ningbo | E32: 210 | F32: 79 | H32: Kg
C33: INIB21086 | D33: Ivory Ningbo | E33: 210 | F33: 86 | H33: Kg
C34: INIB210106 | D34: Ivory Ningbo | E34: 210 | F34: 106 | H34: Kg
C35: INIB210108 | D35: Ivory Ningbo | E35: 210 | F35: 108 | H35: Kg
C36: INIB210109 | D36: Ivory Ningbo | E36: 210 | F36: 109 | H36: Kg
C37: INIB23065 | D37: Ivory Ningbo | E37: 230 | F37: 65 | H37: Kg
C38: INIB23079 | D38: Ivory Ningbo | E38: 230 | F38: 79 | H38: Kg
C39: INIB230106 | D39: Ivory Ningbo | E39: 230 | F39: 106 | H39: Kg
C40: INIB230108 | D40: Ivory Ningbo | E40: 230 | F40: 108 | H40: Kg
C41: INIB230109 | D41: Ivory Ningbo | E41: 230 | F41: 109 | H41: Kg
C42: INIB25065 | D42: Ivory Ningbo | E42: 250 | F42: 65 | H42: Kg
... C51: INIB21070 | D51: Ivory Ningbo | E51: 210 | F51: 70 | H51: Kg
C52: PL12.12.130 | D52: Pallet gỗ 1200x1200x130mm | E52: 1200 | F52: 1200 | G52: 130 | H52: Bộ
C53: PL11.11.130 | D53: Pallet gỗ 1100x1100x130mm | E53: 1100 | F53: 1100 | G53: 130 | H53: Bộ
C54: NEP1.15 | D54: Nẹp gỗ pallet dài 1.15m | G54: 1150 | H54: Cái
C55: OG.12.7.71 | D55: Ống lõi giấy phi 120x7x71mm | E55: 120 | F55: 70 | G55: 71 | H55: Cái
C56: OG.12.7.88 | D56: Ống lõi giấy phi 120x7x88mm | E56: 120 | F56: 70 | G56: 88 | H56: Cái
C57: OG.12.7.90 | D57: Ống lõi giấy phi 120x7x90mm | E57: 120 | F57: 70 | G57: 90 | H57: Cái
C58: OG.12.7.95 | D58: Ống lõi giấy phi 120x7x95mm | E58: 120 | F58: 70 | G58: 95 | H58: Cái
C59: OG.12.7.98 | D59: Ống lõi giấy phi 120x7x98mm | E59: 120 | F59: 70 | G59: 98 | H59: Cái
C60: OG.12.7.1000 | D60: Ống lõi giấy phi 120x7x1000mm | E60: 120 | F60: 70 | G60: 1000 | H60: Cái
C61: MANGPE | D61: Màng Strecth Film 5.0-0.6kg | H61: Kg
C62: KRAFT | D62: Kraft nâu LG (cuộn) | H62: Kg
C63: GIAYBAOLG | D63: Giấy bao gói lưỡi gà | H63: Kg
C64: DAY.DAI.PET | D64: Dây đai PET xanh (B) | H64: Kg
C65: GIAYLOTDG | D65: Giấy lót đóng gói | H65: Kg

Sheet XNT THEO NGÀY
B2: 45381 | C2: 45383 | D2: =+C2+1 -> 45384 | E2: =+D2+1 -> 45385 | F2: =+E2+1 -> 45386 | G2: =+F2+1 -> 45387 | H2: =+G2+1 -> 45388 | I2: =+H2+1 -> 45389 | J2: =+I2+1 -> 45390 | K2: =+J2+1 -> 45391 | ... AG2: =+AF2+1 -> 45413
A3: Lượng hàng tồn chưa cắt đầu ngày | C3: =C4+C5 -> #ERROR! | D3: =D4+D5 -> #ERROR! | E3: =E4+E5 -> #ERROR! | F3: =F4+F5 -> #ERROR! | G3: =G4+G5 -> #ERROR! | H3: =H4+H5 -> #ERROR! | I3: =I4+I5 -> #ERROR! | J3: =J4+J5 -> #ERROR! | ... AG3: =AG4+AG5 -> #ERROR!
A4: Tồn đầu ngày giấy dày | C4: =SUMIFS(NKSX!$M$2:$M$5,NKSX!$B$2:$B$5,"<"&C$2,NKSX!#REF!,"D",NKSX!#REF!,"")+SUMIFS(NKSX!$J$2:$J$5,NKSX!$B$2:$B$5,"<"&C$2,NKSX!#REF!,"D",NKSX!#REF!,">="&C$2) -> #ERROR! | D4: =SUMIFS(NKSX!$M$2:$M$5,NKSX!$B$2:$B$5,"<"&D$2,NKSX!#REF!,"D",NKSX!#REF!,"")+SUMIFS(NKSX!$J$2:$J$5,NKSX!$B$2:$B$5,"<"&D$2,NKSX!#REF!,"D",NKSX!#REF!,">="&D$2) -> #ERROR! | E4: =SUMIFS(NKSX!$M$2:$M$5,NKSX!$B$2:$B$5,"<"&E$2,NKSX!#REF!,"D",NKSX!#REF!,"")+SUMIFS(NKSX!$J$2:$J$5,NKSX!$B$2:$B$5,"<"&E$2,NKSX!#REF!,"D",NKSX!#REF!,">="&E$2) -> #ERROR! | F4: =SUMIFS(NKSX!$M$2:$M$5,NKSX!$B$2:$B$5,"<"&F$2,NKSX!#REF!,"D",NKSX!#REF!,"")+SUMIFS(NKSX!$J$2:$J$5,NKSX!$B$2:$B$5,"<"&F$2,NKSX!#REF!,"D",NKSX!#REF!,">="&F$2) -> #ERROR! | G4: =SUMIFS(NKSX!$M$2:$M$5,NKSX!$B$2:$B$5,"<"&G$2,NKSX!#REF!,"D",NKSX!#REF!,"")+SUMIFS(NKSX!$J$2:$J$5,NKSX!$B$2:$B$5,"<"&G$2,NKSX!#REF!,"D",NKSX!#REF!,">="&G$2) -> #ERROR! | H4: =SUMIFS(NKSX!$M$2:$M$5,NKSX!$B$2:$B$5,"<"&H$2,NKSX!#REF!,"D",NKSX!#REF!,"")+SUMIFS(NKSX!$J$2:$J$5,NKSX!$B$2:$B$5,"<"&H$2,NKSX!#REF!,"D",NKSX!#REF!,">="&H$2) -> #ERROR! | I4: =SUMIFS(NKSX!$M$2:$M$5,NKSX!$B$2:$B$5,"<"&I$2,NKSX!#REF!,"D",NKSX!#REF!,"")+SUMIFS(NKSX!$J$2:$J$5,NKSX!$B$2:$B$5,"<"&I$2,NKSX!#REF!,"D",NKSX!#REF!,">="&I$2) -> #ERROR! | J4: =SUMIFS(NKSX!$M$2:$M$5,NKSX!$B$2:$B$5,"<"&J$2,NKSX!#REF!,"D",NKSX!#REF!,"")+SUMIFS(NKSX!$J$2:$J$5,NKSX!$B$2:$B$5,"<"&J$2,NKSX!#REF!,"D",NKSX!#REF!,">="&J$2) -> #ERROR! | ... AG4: =SUMIFS(NKSX!$M$2:$M$5,NKSX!$B$2:$B$5,"<"&AG$2,NKSX!#REF!,"D",NKSX!#REF!,"")+SUMIFS(NKSX!$J$2:$J$5,NKSX!$B$2:$B$5,"<"&AG$2,NKSX!#REF!,"D",NKSX!#REF!,">="&AG$2) -> #ERROR!
A5: Tồn đầu ngày giấy mỏng | C5: =SUMIFS(NKSX!$M$2:$M$5,NKSX!$B$2:$B$5,"<"&C$2,NKSX!#REF!,"m",NKSX!#REF!,"")+SUMIFS(NKSX!$J$2:$J$5,NKSX!$B$2:$B$5,"<"&C$2,NKSX!#REF!,"m",NKSX!#REF!,">="&C$2) -> #ERROR! | D5: =SUMIFS(NKSX!$M$2:$M$5,NKSX!$B$2:$B$5,"<"&D$2,NKSX!#REF!,"m",NKSX!#REF!,"")+SUMIFS(NKSX!$J$2:$J$5,NKSX!$B$2:$B$5,"<"&D$2,NKSX!#REF!,"m",NKSX!#REF!,">="&D$2) -> #ERROR! | E5: =SUMIFS(NKSX!$M$2:$M$5,NKSX!$B$2:$B$5,"<"&E$2,NKSX!#REF!,"m",NKSX!#REF!,"")+SUMIFS(NKSX!$J$2:$J$5,NKSX!$B$2:$B$5,"<"&E$2,NKSX!#REF!,"m",NKSX!#REF!,">="&E$2) -> #ERROR! | F5: =SUMIFS(NKSX!$M$2:$M$5,NKSX!$B$2:$B$5,"<"&F$2,NKSX!#REF!,"m",NKSX!#REF!,"")+SUMIFS(NKSX!$J$2:$J$5,NKSX!$B$2:$B$5,"<"&F$2,NKSX!#REF!,"m",NKSX!#REF!,">="&F$2) -> #ERROR! | G5: =SUMIFS(NKSX!$M$2:$M$5,NKSX!$B$2:$B$5,"<"&G$2,NKSX!#REF!,"m",NKSX!#REF!,"")+SUMIFS(NKSX!$J$2:$J$5,NKSX!$B$2:$B$5,"<"&G$2,NKSX!#REF!,"m",NKSX!#REF!,">="&G$2) -> #ERROR! | H5: =SUMIFS(NKSX!$M$2:$M$5,NKSX!$B$2:$B$5,"<"&H$2,NKSX!#REF!,"m",NKSX!#REF!,"")+SUMIFS(NKSX!$J$2:$J$5,NKSX!$B$2:$B$5,"<"&H$2,NKSX!#REF!,"m",NKSX!#REF!,">="&H$2) -> #ERROR! | I5: =SUMIFS(NKSX!$M$2:$M$5,NKSX!$B$2:$B$5,"<"&I$2,NKSX!#REF!,"m",NKSX!#REF!,"")+SUMIFS(NKSX!$J$2:$J$5,NKSX!$B$2:$B$5,"<"&I$2,NKSX!#REF!,"m",NKSX!#REF!,">="&I$2) -> #ERROR! | J5: =SUMIFS(NKSX!$M$2:$M$5,NKSX!$B$2:$B$5,"<"&J$2,NKSX!#REF!,"m",NKSX!#REF!,"")+SUMIFS(NKSX!$J$2:$J$5,NKSX!$B$2:$B$5,"<"&J$2,NKSX!#REF!,"m",NKSX!#REF!,">="&J$2) -> #ERROR! | ... AG5: =SUMIFS(NKSX!$M$2:$M$5,NKSX!$B$2:$B$5,"<"&AG$2,NKSX!#REF!,"m",NKSX!#REF!,"")+SUMIFS(NKSX!$J$2:$J$5,NKSX!$B$2:$B$5,"<"&AG$2,NKSX!#REF!,"m",NKSX!#REF!,">="&AG$2) -> #ERROR!
A6: Tổng nhập lệnh cắt | C6: =SUM(C7:C8) -> #ERROR! | D6: =SUM(D7:D8) -> #ERROR! | E6: =SUM(E7:E8) -> #ERROR! | F6: =SUM(F7:F8) -> #ERROR! | G6: =SUM(G7:G8) -> #ERROR! | H6: =SUM(H7:H8) -> #ERROR! | I6: =SUM(I7:I8) -> #ERROR! | J6: =SUM(J7:J8) -> #ERROR! | ... AG6: =SUM(AG7:AG8) -> #ERROR!
A7: Nhập lệnh cắt giấy dày | C7: =SUMIFS(NKSX!$M:$M,NKSX!$B:$B,C$2,NKSX!#REF!,"D") -> #ERROR! | D7: =SUMIFS(NKSX!$M:$M,NKSX!$B:$B,D$2,NKSX!#REF!,"D") -> #ERROR! | E7: =SUMIFS(NKSX!$M:$M,NKSX!$B:$B,E$2,NKSX!#REF!,"D") -> #ERROR! | F7: =SUMIFS(NKSX!$M:$M,NKSX!$B:$B,F$2,NKSX!#REF!,"D") -> #ERROR! | G7: =SUMIFS(NKSX!$M:$M,NKSX!$B:$B,G$2,NKSX!#REF!,"D") -> #ERROR! | H7: =SUMIFS(NKSX!$M:$M,NKSX!$B:$B,H$2,NKSX!#REF!,"D") -> #ERROR! | I7: =SUMIFS(NKSX!$M:$M,NKSX!$B:$B,I$2,NKSX!#REF!,"D") -> #ERROR! | J7: =SUMIFS(NKSX!$M:$M,NKSX!$B:$B,J$2,NKSX!#REF!,"D") -> #ERROR! | ... AG7: =SUMIFS(NKSX!$M:$M,NKSX!$B:$B,AG$2,NKSX!#REF!,"D") -> #ERROR!
A8: Nhập lệnh cắt giấy mỏng | C8: =SUMIFS(NKSX!$M:$M,NKSX!$B:$B,C$2,NKSX!#REF!,"M") -> #ERROR! | D8: =SUMIFS(NKSX!$M:$M,NKSX!$B:$B,D$2,NKSX!#REF!,"M") -> #ERROR! | E8: =SUMIFS(NKSX!$M:$M,NKSX!$B:$B,E$2,NKSX!#REF!,"M") -> #ERROR! | F8: =SUMIFS(NKSX!$M:$M,NKSX!$B:$B,F$2,NKSX!#REF!,"M") -> #ERROR! | G8: =SUMIFS(NKSX!$M:$M,NKSX!$B:$B,G$2,NKSX!#REF!,"M") -> #ERROR! | H8: =SUMIFS(NKSX!$M:$M,NKSX!$B:$B,H$2,NKSX!#REF!,"M") -> #ERROR! | I8: =SUMIFS(NKSX!$M:$M,NKSX!$B:$B,I$2,NKSX!#REF!,"M") -> #ERROR! | J8: =SUMIFS(NKSX!$M:$M,NKSX!$B:$B,J$2,NKSX!#REF!,"M") -> #ERROR! | ... AG8: =SUMIFS(NKSX!$M:$M,NKSX!$B:$B,AG$2,NKSX!#REF!,"M") -> #ERROR!
A9: Tổng sản lượng cắt | C9: =SUM(C10:C11) -> #ERROR! | D9: =SUM(D10:D11) -> #ERROR! | E9: =SUM(E10:E11) -> #ERROR! | F9: =SUM(F10:F11) -> #ERROR! | G9: =SUM(G10:G11) -> #ERROR! | H9: =SUM(H10:H11) -> #ERROR! | I9: =SUM(I10:I11) -> #ERROR! | J9: =SUM(J10:J11) -> #ERROR! | ... AG9: =SUM(AG10:AG11) -> #ERROR!
A10: Sản lượng giấy dày | C10: =SUMIFS(NKSX!$M:$M,NKSX!#REF!,'XNT THEO NGÀY'!C$2,NKSX!#REF!,"D") -> #ERROR! | D10: =SUMIFS(NKSX!$M:$M,NKSX!#REF!,'XNT THEO NGÀY'!D$2,NKSX!#REF!,"D") -> #ERROR! | E10: =SUMIFS(NKSX!$M:$M,NKSX!#REF!,'XNT THEO NGÀY'!E$2,NKSX!#REF!,"D") -> #ERROR! | F10: =SUMIFS(NKSX!$M:$M,NKSX!#REF!,'XNT THEO NGÀY'!F$2,NKSX!#REF!,"D") -> #ERROR! | G10: =SUMIFS(NKSX!$M:$M,NKSX!#REF!,'XNT THEO NGÀY'!G$2,NKSX!#REF!,"D") -> #ERROR! | H10: =SUMIFS(NKSX!$M:$M,NKSX!#REF!,'XNT THEO NGÀY'!H$2,NKSX!#REF!,"D") -> #ERROR! | I10: =SUMIFS(NKSX!$M:$M,NKSX!#REF!,'XNT THEO NGÀY'!I$2,NKSX!#REF!,"D") -> #ERROR! | J10: =SUMIFS(NKSX!$M:$M,NKSX!#REF!,'XNT THEO NGÀY'!J$2,NKSX!#REF!,"D") -> #ERROR! | ... AG10: =SUMIFS(NKSX!$M:$M,NKSX!#REF!,'XNT THEO NGÀY'!AG$2,NKSX!#REF!,"D") -> #ERROR!
A11: Sản lượng giấy mỏng | C11: =SUMIFS(NKSX!$M:$M,NKSX!#REF!,'XNT THEO NGÀY'!C$2,NKSX!#REF!,"M") -> #ERROR! | D11: =SUMIFS(NKSX!$M:$M,NKSX!#REF!,'XNT THEO NGÀY'!D$2,NKSX!#REF!,"M") -> #ERROR! | E11: =SUMIFS(NKSX!$M:$M,NKSX!#REF!,'XNT THEO NGÀY'!E$2,NKSX!#REF!,"M") -> #ERROR! | F11: =SUMIFS(NKSX!$M:$M,NKSX!#REF!,'XNT THEO NGÀY'!F$2,NKSX!#REF!,"M") -> #ERROR! | G11: =SUMIFS(NKSX!$M:$M,NKSX!#REF!,'XNT THEO NGÀY'!G$2,NKSX!#REF!,"M") -> #ERROR! | H11: =SUMIFS(NKSX!$M:$M,NKSX!#REF!,'XNT THEO NGÀY'!H$2,NKSX!#REF!,"M") -> #ERROR! | I11: =SUMIFS(NKSX!$M:$M,NKSX!#REF!,'XNT THEO NGÀY'!I$2,NKSX!#REF!,"M") -> #ERROR! | J11: =SUMIFS(NKSX!$M:$M,NKSX!#REF!,'XNT THEO NGÀY'!J$2,NKSX!#REF!,"M") -> #ERROR! | ... AG11: =SUMIFS(NKSX!$M:$M,NKSX!#REF!,'XNT THEO NGÀY'!AG$2,NKSX!#REF!,"M") -> #ERROR!
A12: Lượng hàng tồn chưa cắt cuối ngày | C12: =IF(C3=0,0,C3+C6-C9) -> #ERROR! | D12: =IF(D3=0,0,D3+D6-D9) -> #ERROR! | E12: =IF(E3=0,0,E3+E6-E9) -> #ERROR! | F12: =IF(F3=0,0,F3+F6-F9) -> #ERROR! | G12: =IF(G3=0,0,G3+G6-G9) -> #ERROR! | H12: =IF(H3=0,0,H3+H6-H9) -> #ERROR! | I12: =IF(I3=0,0,I3+I6-I9) -> #ERROR! | J12: =IF(J3=0,0,J3+J6-J9) -> #ERROR! | ... AG12: =IF(AG3=0,0,AG3+AG6-AG9) -> #ERROR!
A13: Tồn chưa cắt giấy dày | C13: =IF(C4="",0,C4+C7-C10) -> #ERROR! | D13: =IF(D4="",0,D4+D7-D10) -> #ERROR! | E13: =IF(E4="",0,E4+E7-E10) -> #ERROR! | F13: =IF(F4="",0,F4+F7-F10) -> #ERROR! | G13: =IF(G4="",0,G4+G7-G10) -> #ERROR! | H13: =IF(H4="",0,H4+H7-H10) -> #ERROR! | I13: =IF(I4="",0,I4+I7-I10) -> #ERROR! | J13: =IF(J4="",0,J4+J7-J10) -> #ERROR! | ... AG13: =IF(AG4="",0,AG4+AG7-AG10) -> #ERROR!
A14: Tồn chưa cắt giấy mỏng | C14: =IF(C5="",0,C5+C8-C11) -> #ERROR! | D14: =IF(D5="",0,D5+D8-D11) -> #ERROR! | E14: =IF(E5="",0,E5+E8-E11) -> #ERROR! | F14: =IF(F5="",0,F5+F8-F11) -> #ERROR! | G14: =IF(G5="",0,G5+G8-G11) -> #ERROR! | H14: =IF(H5="",0,H5+H8-H11) -> #ERROR! | I14: =IF(I5="",0,I5+I8-I11) -> #ERROR! | J14: =IF(J5="",0,J5+J8-J11) -> #ERROR! | ... AG14: =IF(AG5="",0,AG5+AG8-AG11) -> #ERROR!
A15: TỔNG LƯỢNG HÀNG KIỆN CHƯA XUẤT | C15: =IF(C$2<=TODAY(),SUMIFS(NKSX!#REF!,NKSX!$B:$B,"<="&C$2)+SUMIFS(NKSX!#REF!,NKSX!$B:$B,"<="&C$2,NKSX!#REF!,">"&C$2),0) -> #ERROR! | D15: =IF(D$2<=TODAY(),SUMIFS(NKSX!#REF!,NKSX!$B:$B,"<="&D$2)+SUMIFS(NKSX!#REF!,NKSX!$B:$B,"<="&D$2,NKSX!#REF!,">"&D$2),0) -> #ERROR! | E15: =IF(E$2<=TODAY(),SUMIFS(NKSX!#REF!,NKSX!$B:$B,"<="&E$2)+SUMIFS(NKSX!#REF!,NKSX!$B:$B,"<="&E$2,NKSX!#REF!,">"&E$2),0) -> #ERROR! | F15: =IF(F$2<=TODAY(),SUMIFS(NKSX!#REF!,NKSX!$B:$B,"<="&F$2)+SUMIFS(NKSX!#REF!,NKSX!$B:$B,"<="&F$2,NKSX!#REF!,">"&F$2),0) -> #ERROR! | G15: =IF(G$2<=TODAY(),SUMIFS(NKSX!#REF!,NKSX!$B:$B,"<="&G$2)+SUMIFS(NKSX!#REF!,NKSX!$B:$B,"<="&G$2,NKSX!#REF!,">"&G$2),0) -> #ERROR! | H15: =IF(H$2<=TODAY(),SUMIFS(NKSX!#REF!,NKSX!$B:$B,"<="&H$2)+SUMIFS(NKSX!#REF!,NKSX!$B:$B,"<="&H$2,NKSX!#REF!,">"&H$2),0) -> #ERROR! | I15: =IF(I$2<=TODAY(),SUMIFS(NKSX!#REF!,NKSX!$B:$B,"<="&I$2)+SUMIFS(NKSX!#REF!,NKSX!$B:$B,"<="&I$2,NKSX!#REF!,">"&I$2),0) -> #ERROR! | J15: =IF(J$2<=TODAY(),SUMIFS(NKSX!#REF!,NKSX!$B:$B,"<="&J$2)+SUMIFS(NKSX!#REF!,NKSX!$B:$B,"<="&J$2,NKSX!#REF!,">"&J$2),0) -> #ERROR! | ... AG15: =IF(AG$2<=TODAY(),SUMIFS(NKSX!#REF!,NKSX!$B:$B,"<="&AG$2)+SUMIFS(NKSX!#REF!,NKSX!$B:$B,"<="&AG$2,NKSX!#REF!,">"&AG$2),0) -> #ERROR!
A16: Đi Giao | C16: =C15-C17 -> #ERROR! | D16: =D15-D17 -> #ERROR! | E16: =E15-E17 -> #ERROR! | F16: =F15-F17 -> #ERROR! | G16: =G15-G17 -> #ERROR! | H16: =H15-H17 -> #ERROR! | I16: =I15-I17 -> #ERROR! | J16: =J15-J17 -> #ERROR! | ... AG16: =AG15-AG17 -> #ERROR!
A17: Đến Nhận | C17: =IF(C$2<=TODAY(),SUMIFS(NKSX!#REF!,NKSX!$B:$B,"<="&C$2,NKSX!#REF!,"ĐẾN NHẬN")+SUMIFS(NKSX!#REF!,NKSX!$B:$B,"<="&C$2,NKSX!#REF!,"ĐẾN NHẬN",NKSX!#REF!,">"&C$2),0) -> #ERROR! | D17: =IF(D$2<=TODAY(),SUMIFS(NKSX!#REF!,NKSX!$B:$B,"<="&D$2,NKSX!#REF!,"ĐẾN NHẬN")+SUMIFS(NKSX!#REF!,NKSX!$B:$B,"<="&D$2,NKSX!#REF!,"ĐẾN NHẬN",NKSX!#REF!,">"&D$2),0) -> #ERROR! | E17: =IF(E$2<=TODAY(),SUMIFS(NKSX!#REF!,NKSX!$B:$B,"<="&E$2,NKSX!#REF!,"ĐẾN NHẬN")+SUMIFS(NKSX!#REF!,NKSX!$B:$B,"<="&E$2,NKSX!#REF!,"ĐẾN NHẬN",NKSX!#REF!,">"&E$2),0) -> #ERROR! | F17: =IF(F$2<=TODAY(),SUMIFS(NKSX!#REF!,NKSX!$B:$B,"<="&F$2,NKSX!#REF!,"ĐẾN NHẬN")+SUMIFS(NKSX!#REF!,NKSX!$B:$B,"<="&F$2,NKSX!#REF!,"ĐẾN NHẬN",NKSX!#REF!,">"&F$2),0) -> #ERROR! | G17: =IF(G$2<=TODAY(),SUMIFS(NKSX!#REF!,NKSX!$B:$B,"<="&G$2,NKSX!#REF!,"ĐẾN NHẬN")+SUMIFS(NKSX!#REF!,NKSX!$B:$B,"<="&G$2,NKSX!#REF!,"ĐẾN NHẬN",NKSX!#REF!,">"&G$2),0) -> #ERROR! | H17: =IF(H$2<=TODAY(),SUMIFS(NKSX!#REF!,NKSX!$B:$B,"<="&H$2,NKSX!#REF!,"ĐẾN NHẬN")+SUMIFS(NKSX!#REF!,NKSX!$B:$B,"<="&H$2,NKSX!#REF!,"ĐẾN NHẬN",NKSX!#REF!,">"&H$2),0) -> #ERROR! | I17: =IF(I$2<=TODAY(),SUMIFS(NKSX!#REF!,NKSX!$B:$B,"<="&I$2,NKSX!#REF!,"ĐẾN NHẬN")+SUMIFS(NKSX!#REF!,NKSX!$B:$B,"<="&I$2,NKSX!#REF!,"ĐẾN NHẬN",NKSX!#REF!,">"&I$2),0) -> #ERROR! | J17: =IF(J$2<=TODAY(),SUMIFS(NKSX!#REF!,NKSX!$B:$B,"<="&J$2,NKSX!#REF!,"ĐẾN NHẬN")+SUMIFS(NKSX!#REF!,NKSX!$B:$B,"<="&J$2,NKSX!#REF!,"ĐẾN NHẬN",NKSX!#REF!,">"&J$2),0) -> #ERROR! | ... AG17: =IF(AG$2<=TODAY(),SUMIFS(NKSX!#REF!,NKSX!$B:$B,"<="&AG$2,NKSX!#REF!,"ĐẾN NHẬN")+SUMIFS(NKSX!#REF!,NKSX!$B:$B,"<="&AG$2,NKSX!#REF!,"ĐẾN NHẬN",NKSX!#REF!,">"&AG$2),0) -> #ERROR!
A18: TỔNG XUẤT (CUỘN & KIỆN) | C18: =SUM(C19:C20) -> #N/A | D18: =SUM(D19:D20) -> #N/A | E18: =SUM(E19:E20) -> #N/A | F18: =SUM(F19:F20) -> #N/A | G18: =SUM(G19:G20) -> #N/A | H18: =SUM(H19:H20) -> #N/A | I18: =SUM(I19:I20) -> #N/A | J18: =SUM(J19:J20) -> #N/A | ... AG18: =SUM(AG19:AG20) -> #N/A
A19: Đi Giao | C19: =SUMIF(#REF!,C$2,#REF!)-C20 -> #N/A | D19: =SUMIF(#REF!,D$2,#REF!)-D20 -> #N/A | E19: =SUMIF(#REF!,E$2,#REF!)-E20 -> #N/A | F19: =SUMIF(#REF!,F$2,#REF!)-F20 -> #N/A | G19: =SUMIF(#REF!,G$2,#REF!)-G20 -> #N/A | H19: =SUMIF(#REF!,H$2,#REF!)-H20 -> #N/A | I19: =SUMIF(#REF!,I$2,#REF!)-I20 -> #N/A | J19: =SUMIF(#REF!,J$2,#REF!)-J20 -> #N/A | ... AG19: =SUMIF(#REF!,AG$2,#REF!)-AG20 -> #N/A
A20: Đến Nhận | C20: =SUMIFS(#REF!,#REF!,C$2,#REF!,"ĐẾN NHẬN") -> #N/A | D20: =SUMIFS(#REF!,#REF!,D$2,#REF!,"ĐẾN NHẬN") -> #N/A | E20: =SUMIFS(#REF!,#REF!,E$2,#REF!,"ĐẾN NHẬN") -> #N/A | F20: =SUMIFS(#REF!,#REF!,F$2,#REF!,"ĐẾN NHẬN") -> #N/A | G20: =SUMIFS(#REF!,#REF!,G$2,#REF!,"ĐẾN NHẬN") -> #N/A | H20: =SUMIFS(#REF!,#REF!,H$2,#REF!,"ĐẾN NHẬN") -> #N/A | I20: =SUMIFS(#REF!,#REF!,I$2,#REF!,"ĐẾN NHẬN") -> #N/A | J20: =SUMIFS(#REF!,#REF!,J$2,#REF!,"ĐẾN NHẬN") -> #N/A | ... AG20: =SUMIFS(#REF!,#REF!,AG$2,#REF!,"ĐẾN NHẬN") -> #N/A
A21: TỔNG NHẬP KHO (kg) | C21: =SUMIF(#REF!,C2,#REF!) -> #N/A | D21: =SUMIF(#REF!,D2,#REF!) -> #N/A | E21: =SUMIF(#REF!,E2,#REF!) -> #N/A | F21: =SUMIF(#REF!,F2,#REF!) -> #N/A | G21: =SUMIF(#REF!,G2,#REF!) -> #N/A | H21: =SUMIF(#REF!,H2,#REF!) -> #N/A | I21: =SUMIF(#REF!,I2,#REF!) -> #N/A | J21: =SUMIF(#REF!,J2,#REF!) -> #N/A | ... AG21: =SUMIF(#REF!,AG2,#REF!) -> #N/A
A23: TỒN KHO ĐẦU NGÀY (TẤN) | C23: =B30 -> 2448.7057 | D23: =C30 -> #N/A | E23: =D30 -> #N/A | F23: =E30 -> #N/A | G23: =F30 -> #N/A | H23: =G30 -> #N/A | I23: =H30 -> #N/A | J23: =I30 -> #N/A | ... AG23: =AF30 -> #N/A
A24: Xuất dự kiến
A25: Xuất thực tế | C25: =SUMIF(#REF!,C$2,#REF!)/1000 -> #N/A | D25: =SUMIF(#REF!,D$2,#REF!)/1000 -> #N/A | E25: =SUMIF(#REF!,E$2,#REF!)/1000 -> #N/A | F25: =SUMIF(#REF!,F$2,#REF!)/1000 -> #N/A | G25: =SUMIF(#REF!,G$2,#REF!)/1000 -> #N/A | H25: =SUMIF(#REF!,H$2,#REF!)/1000 -> #N/A | I25: =SUMIF(#REF!,I$2,#REF!)/1000 -> #N/A | J25: =SUMIF(#REF!,J$2,#REF!)/1000 -> #N/A | ... AG25: =SUMIF(#REF!,AG$2,#REF!)/1000 -> #N/A
A26: Kế hoạch nhập cont (cuộn & kiện)
A27: Thực tế nhập cont (cuộn & kiện) | C27: =SUMIF(#REF!,C$2,#REF!)/1000 -> #N/A | D27: =SUMIF(#REF!,D$2,#REF!)/1000 -> #N/A | E27: =SUMIF(#REF!,E$2,#REF!)/1000 -> #N/A | F27: =SUMIF(#REF!,F$2,#REF!)/1000 -> #N/A | G27: =SUMIF(#REF!,G$2,#REF!)/1000 -> #N/A | H27: =SUMIF(#REF!,H$2,#REF!)/1000 -> #N/A | I27: =SUMIF(#REF!,I$2,#REF!)/1000 -> #N/A | J27: =SUMIF(#REF!,J$2,#REF!)/1000 -> #N/A | ... AG27: =SUMIF(#REF!,AG$2,#REF!)/1000 -> #N/A
A28: KẾ HOẠCH TỒN KHO CUỐI NGÀY | C28: =IF(AND(C24=0,C26=0),0,C23-C24+C26) -> 0 | D28: =IF(AND(D24=0,D26=0),0,D23-D24+D26) -> 0 | E28: =IF(AND(E24=0,E26=0),0,E23-E24+E26) -> 0 | F28: =IF(AND(F24=0,F26=0),0,F23-F24+F26) -> 0 | G28: =IF(AND(G24=0,G26=0),0,G23-G24+G26) -> 0 | H28: =IF(AND(H24=0,H26=0),0,H23-H24+H26) -> 0 | I28: =IF(AND(I24=0,I26=0),0,I23-I24+I26) -> 0 | J28: =IF(AND(J24=0,J26=0),0,J23-J24+J26) -> 0 | ... AG28: =IF(AND(AG24=0,AG26=0),0,AG23-AG24+AG26) -> 0
A29: HAO HỤT | C29: =-SUMIF(NKSX!#REF!,'XNT THEO NGÀY'!C$2,NKSX!#REF!)/1000 -> #ERROR! | D29: =-SUMIF(NKSX!#REF!,'XNT THEO NGÀY'!D$2,NKSX!#REF!)/1000 -> #ERROR! | E29: =-SUMIF(NKSX!#REF!,'XNT THEO NGÀY'!E$2,NKSX!#REF!)/1000 -> #ERROR! | F29: =-SUMIF(NKSX!#REF!,'XNT THEO NGÀY'!F$2,NKSX!#REF!)/1000 -> #ERROR! | G29: =-SUMIF(NKSX!#REF!,'XNT THEO NGÀY'!G$2,NKSX!#REF!)/1000 -> #ERROR! | H29: =-SUMIF(NKSX!#REF!,'XNT THEO NGÀY'!H$2,NKSX!#REF!)/1000 -> #ERROR! | I29: =-SUMIF(NKSX!#REF!,'XNT THEO NGÀY'!I$2,NKSX!#REF!)/1000 -> #ERROR! | J29: =-SUMIF(NKSX!#REF!,'XNT THEO NGÀY'!J$2,NKSX!#REF!)/1000 -> #ERROR! | ... AG29: =-SUMIF(NKSX!#REF!,'XNT THEO NGÀY'!AG$2,NKSX!#REF!)/1000 -> #ERROR!
A30: TỒN KHO THỰC TẾ CUỐI NGÀY | B30: 2448.7057 | C30: =IF(AND(C25=0,C27=0),C23-C24+C26,C23-C25+C27+C29) -> #N/A | D30: =IF(AND(D25=0,D27=0),D23-D24+D26,D23-D25+D27+D29) -> #N/A | E30: =IF(AND(E25=0,E27=0),E23-E24+E26,E23-E25+E27+E29) -> #N/A | F30: =IF(AND(F25=0,F27=0),F23-F24+F26,F23-F25+F27+F29) -> #N/A | G30: =IF(AND(G25=0,G27=0),G23-G24+G26,G23-G25+G27+G29) -> #N/A | H30: =IF(AND(H25=0,H27=0),H23-H24+H26,H23-H25+H27+H29) -> #N/A | I30: =IF(AND(I25=0,I27=0),I23-I24+I26,I23-I25+I27+I29) -> #N/A | J30: =IF(AND(J25=0,J27=0),J23-J24+J26,J23-J25+J27+J29) -> #N/A | ... AG30: =IF(AND(AG25=0,AG27=0),AG23-AG24+AG26,AG23-AG25+AG27+AG29) -> #N/A

Sheet ĐM HAO HỤT
A1: BẢNG ĐỊNH MỨC HAO HỤT
A2: Loại Giấy | B2: Hiệu Giấy | C2: Định mức (%)
A4: WOODFREE | B4: APRIL | C4: 0.014558761
A5: WOODFREE | B5: APRIL PREPRINT | C5: 0.005
A6: FORT | B6: APRIL | C6: 0.014558761
A7: BRISTOL | B7: GOLDEN | C7: 0.013914865
A8: COUCHE | B8: GLOSS HANSOL | C8: 0.0087792561
A9: COUCHE | B9: NEVIA | C9: 0.014282594
A10: COUCHE | B10: GLOSS HANKUK | C10: 0.010931986
A11: COUCHE | B11: GLOSS ALPHA | C11: 0.0051115094
A12: COUCHE | B12: MATT MOORIM | C12: 0.007
A13: COUCHE | B13: GLOSS MOORIM | C13: 0.011086682
A14: COUCHE | B14: MATT HANSOL | C14: 0.0088217064
A15: COUCHE | B15: MATT ALPHA | C15: 0.0061450853
... A46: IVORY | B46: STORAENSO PEFORMA | C46: 0.032690114
A47: KRAFT PAPER NÂU | C47: 0.025665677
A48: LWC | B48: ÚC | C48: 0.020489209
A49: MFC | B49: HONGWON | C49: 0.0062466125
A50: SWA NEW BLUE BÓNG | C50: 0.005
A51: SWA NEW BLUE VÂN | C51: 0.005
A52: WOODFREE | B52: APRIL | C52: 0.014558761
A53: WOODFREE | B53: APRIL PREPRINT | C53: 0.005
A54: FORT | B54: APRIL | C54: 0.014558761
A55: COUCHE | B55: HOKUETSU (ALPHA) | C55: 0.0051115094
A56: COUCHE | B56: MOORIM GLOSS | C56: 0.011086682
A57: COUCHE | B57: HOKUETSU MATT (ALPHA) | C57: 0.0061450853
A58: COUCHE | B58: GLOSS HIKOTE | C58: 0.0061450853
A59: COUCHE | B59: HANSOL MATT | C59: 0.0088217064
A60: COUCHE | B60: MOORIM GLOSS | C60: 0.011086682
A61: COUCHE | B61: MATT NIPON | C61: 0.0086654606
A62: DUPLEX | B62: ITC 2MT | C62: 0.035789318
A63: GIẤY IN | B63: BÁO | C63: 0.005
... A79: COUCHE | B79: MATT D | C79: 0.015

Sheet KL NÒNG ỐNG
A1: TRUNG BÌNH KHỐI LƯỢNG NÒNG ỐNG
A2: Loại giấy | B2: Tên giấy | C2: Khổ (cm) | D2: Khối lượng (Kg) | E2: KL Trung bình/1cm
A3: IVORY | B3: NINGBO | C3: 79 | D3: 10 | E3: 0.13
A4: DUPLEX | B4: XSD Gold Maple | C4: 92 | D4: 6 | E4: 0.07
A5: DUPLEX | B5: XSD White Maple | E5: 0.07
A6: DUPLEX | B6: KLEANARA | E6: 0.07
A7: COUCHE | B7: GLOSS HIKOTE | E7: 0.07
A8: COUCHE | B8: NIPPON GLOSS | C8: 79 | D8: 3.5 | E8: 0.044
A9: COUCHE | B9: Hokuetsu Alpha Matt | E9: 0.044
A10: WOODFREE | B10: IK NOTES | C10: 72 | D10: 2 | E10: 0.027
A11: COUCHE | B11: Hokuetsu Sigma Matt | E11: 0.044
A12: WOODFREE | B12: IK PRINT | C12: 72 | D12: 2 | E12: 0.027
A13: DUPLEX | B13: HANCHANG | C13: 109 | D13: 7.5 | E13: =+D13/C13 -> 0.068807339
A18: Công thức tính KL nòng = KL Trung bình * Khổ * Số lượng nòng
