Workbook

Sheet SỔ CHI TIẾT BÁN HÀNG
G2: =SUBTOTAL(9,G5:G6341) -> 24589148 | J2: =SUBTOTAL(9,J5:J6341) -> 4115863132 | K2: =SUBTOTAL(9,K5:K6341) -> 55688607163 | Q2: =SUBTOTAL(9,Q5:Q6341) -> 24588958
A3: BÁN RA | O3: MUA HÀNG AVP
A4: Ngày hóa đơn | B4: Số hóa đơn | C4: Mã hàng | D4: Tên hàng trên chứng từ | E4: Tên khách hàng | F4: ĐVT | G4: Tổng số lượng bán | H4: Đơn giá | I4: Doanh số bán | J4: Thuế GTGT | K4: Tổng thanh toán | M4: DD khach | N4: Số đơn đặt hàng mua TS-AVP | O4: Ngày hóa đơn | P4: Số hóa đơn | Q4: Tổng số lượng mua | R4: Đơn giá | S4: Doanh số bán | T4: Thuế GTGT | U4: Tổng thanh toán
A5: 46028 | B5: 00000006 | C5: HH-CT00007 | D5: Thùng carton SAIGON Silver DS-TĐ | E5: CÔNG TY TNHH MỘT THÀNH VIÊN THUỐC LÁ SÀI GÒN | F5: Cái | G5: 7000 | H5: 18291 | I5: 128037000 | J5: 10242960 | K5: 138279960 | L5: 11-10-TS137-2025/TS-AVP/ĐĐHHH-CT00007 | M5: =VLOOKUP(L5,'Đơn đặt'!$C$3:$E$275,2,0) -> 11-10-TS | N5: =VLOOKUP(L5,'Đơn đặt'!$C$3:$E$275,3,0) -> 137-2025/TS-AVP/ĐĐH | O5: 46027 | P5: 00000009 | Q5: 7000 | R5: 14018.2 | S5: 98127400 | T5: 7850192 | U5: =S5+T5 -> 105977592
A6: 46028 | B6: 00000007 | C6: HH-CT00064 | D6: Thùng carton GREENHILL 100SP MENTHOL | E6: CÔNG TY TNHH MỘT THÀNH VIÊN THUỐC LÁ SÀI GÒN | F6: Cái | G6: 2000 | H6: 21777 | I6: 43554000 | J6: 3484320 | K6: 47038320 | L6: 12-09-TS149-2025/TS-AVP/ĐĐHHH-CT00064 | M6: =VLOOKUP(L6,'Đơn đặt'!$C$3:$E$275,2,0) -> 12-09-TS | N6: =VLOOKUP(L6,'Đơn đặt'!$C$3:$E$275,3,0) -> 149-2025/TS-AVP/ĐĐH | O6: 46027 | P6: 00000017 | Q6: 2000 | R6: 19059.4 | S6: 38118800 | T6: 3049504 | U6: =S6+T6 -> 41168304
A7: 46028 | B7: 00000008 | C7: HH-CT00078 | D7: Thùng carton MELIA Ment BC-TĐ | E7: CÔNG TY TNHH MỘT THÀNH VIÊN THUỐC LÁ SÀI GÒN | F7: Cái | G7: 1200 | H7: 20024 | I7: 24028800 | J7: 1922304 | K7: 25951104 | L7: 12-01-TS03-2026/TS-AVP/ĐĐHHH-CT00078 | M7: =VLOOKUP(L7,'Đơn đặt'!$C$3:$E$275,2,0) -> 12-01-TS | N7: =VLOOKUP(L7,'Đơn đặt'!$C$3:$E$275,3,0) -> 03-2026/TS-AVP/ĐĐH | O7: 46028 | P7: 00000024 | Q7: 1200 | R7: 17900.8 | S7: 21480960 | T7: 1718477 | U7: =S7+T7 -> 23199437
A8: 46029 | B8: 00000010 | C8: TP-LG00003-BT | D8: Lưỡi gà trắng 95 - LGT95/TS-BT 95mm x 800m x 210gsm, 15.96kg/cuộn | E8: CÔNG TY TNHH MỘT THÀNH VIÊN THUỐC LÁ BẾN TRE | F8: Cuộn | G8: 104 | H8: 502740 | I8: 52284960 | J8: 4182797 | K8: 56467757 | L8: 13-12/2025Hàng SXTP-LG00003-BT | M8: =VLOOKUP(L8,'Đơn đặt'!$C$3:$E$275,2,0) -> 13-12/2025 | N8: =VLOOKUP(L8,'Đơn đặt'!$C$3:$E$275,3,0) -> Hàng SX | O8: Hàng SX | Q8: =G8 -> 104 | S8: =ROUND(Q8*R8,0) -> 0 | T8: =ROUND(S8*0.08,0) -> 0 | U8: =S8+T8 -> 0
A9: 46029 | B9: 00000011 | C9: TP-LG00003-BT | D9: Lưỡi gà trắng 95 - LGT95/TS-BT 95mm x 800m x 210gsm, 15.96kg/cuộn | E9: CÔNG TY TNHH MỘT THÀNH VIÊN THUỐC LÁ BẾN TRE | F9: Cuộn | G9: 156 | H9: 502740 | I9: 78427440 | J9: 6274195 | K9: 84701635 | L9: 13-12/2025Hàng SXTP-LG00003-BT | M9: =VLOOKUP(L9,'Đơn đặt'!$C$3:$E$275,2,0) -> 13-12/2025 | N9: =VLOOKUP(L9,'Đơn đặt'!$C$3:$E$275,3,0) -> Hàng SX | O9: Hàng SX | Q9: =G9 -> 156 | S9: =ROUND(Q9*R9,0) -> 0 | T9: =ROUND(S9*0.08,0) -> 0 | U9: =S9+T9 -> 0
A10: 46029 | B10: 00000016 | C10: HH-CT00131 | D10: Thùng carton SAIGON Silver Capsule DS BC | E10: CÔNG TY TNHH MỘT THÀNH VIÊN THUỐC LÁ SÀI GÒN | F10: Cái | G10: 1560 | H10: 18291 | I10: 28533960 | J10: 2282717 | K10: 30816677 | L10: 11-10-TS02-2026/TS-AVP/ĐĐHHH-CT00131 | M10: =VLOOKUP(L10,'Đơn đặt'!$C$3:$E$275,2,0) -> 11-10-TS | N10: =VLOOKUP(L10,'Đơn đặt'!$C$3:$E$275,3,0) -> 02-2026/TS-AVP/ĐĐH | O10: 46029 | P10: 00000034 | Q10: 1560 | R10: 16258.2 | S10: 25362792 | T10: 2029023 | U10: =S10+T10 -> 27391815
A11: 46029 | B11: 00000017 | C11: TP-LG00008-SG | D11: Giấy lưỡi gà trắng - LGT90-TS 90mm x 800m x 250gsm (PO 11/08/TSC-LT - 156 cuộn) | E11: CÔNG TY TNHH MỘT THÀNH VIÊN THUỐC LÁ SÀI GÒN | F11: kg | G11: 2808 | H11: 28000 | I11: 78624000 | J11: 6289920 | K11: 84913920 | L11: 11/08/TSC-LTHàng SXTP-LG00008-SG | M11: =VLOOKUP(L11,'Đơn đặt'!$C$3:$E$275,2,0) -> 11/08/TSC-LT | N11: =VLOOKUP(L11,'Đơn đặt'!$C$3:$E$275,3,0) -> Hàng SX | O11: Hàng SX | Q11: =G11 -> 2808 | S11: =ROUND(Q11*R11,0) -> 0 | T11: =ROUND(S11*0.08,0) -> 0 | U11: =S11+T11 -> 0
A12: 46030 | B12: 00000019 | C12: HH-CT00131 | D12: Thùng carton SAIGON Silver Capsule DS BC | E12: CÔNG TY TNHH MỘT THÀNH VIÊN THUỐC LÁ SÀI GÒN | F12: Cái | G12: 440 | H12: 18291 | I12: 8048040 | J12: 643843 | K12: 8691883 | L12: 11-10-TS02-2026/TS-AVP/ĐĐHHH-CT00131 | M12: =VLOOKUP(L12,'Đơn đặt'!$C$3:$E$275,2,0) -> 11-10-TS | N12: =VLOOKUP(L12,'Đơn đặt'!$C$3:$E$275,3,0) -> 02-2026/TS-AVP/ĐĐH | O12: 46030 | P12: 00000036 | Q12: 440 | R12: 16258.2 | S12: 7153608 | T12: 572289 | U12: =S12+T12 -> 7725897
A13: 46030 | B13: 00000019 | C13: HH-CT00025 | D13: Thùng carton ERA Premium - OD | E13: CÔNG TY TNHH MỘT THÀNH VIÊN THUỐC LÁ SÀI GÒN | F13: Cái | G13: 2000 | H13: 19310 | I13: 38620000 | J13: 3089600 | K13: 41709600 | L13: 11-04-TS01-2026/TS-AVP/ĐĐHHH-CT00025 | M13: =VLOOKUP(L13,'Đơn đặt'!$C$3:$E$275,2,0) -> 11-04-TS | N13: =VLOOKUP(L13,'Đơn đặt'!$C$3:$E$275,3,0) -> 01-2026/TS-AVP/ĐĐH | O13: 46030 | P13: 00000036 | Q13: 2000 | R13: 17438 | S13: 34876000 | T13: 2790080 | U13: =S13+T13 -> 37666080
A14: 46030 | B14: 00000020 | C14: HH-CT00007 | D14: Thùng carton SAIGON Silver DS-TĐ | E14: CÔNG TY TNHH MỘT THÀNH VIÊN THUỐC LÁ SÀI GÒN | F14: Cái | G14: 3000 | H14: 18291 | I14: 54873000 | J14: 4389840 | K14: 59262840 | L14: 11-10-TS137-2025/TS-AVP/ĐĐHHH-CT00007 | M14: =VLOOKUP(L14,'Đơn đặt'!$C$3:$E$275,2,0) -> 11-10-TS | N14: =VLOOKUP(L14,'Đơn đặt'!$C$3:$E$275,3,0) -> 137-2025/TS-AVP/ĐĐH | O14: 46030 | P14: 00000037 | Q14: 3000 | R14: 14018.2 | S14: 42054600 | T14: 3364368 | U14: =S14+T14 -> 45418968
A15: 46032 | B15: 00000021 | C15: HH-CT00131 | D15: Thùng carton SAIGON Silver Capsule DS BC | E15: CÔNG TY TNHH MỘT THÀNH VIÊN THUỐC LÁ SÀI GÒN | F15: Cái | G15: 4000 | H15: 18291 | I15: 73164000 | J15: 5853120 | K15: 79017120 | L15: 11-10-TS02-2026/TS-AVP/ĐĐHHH-CT00131 | M15: =VLOOKUP(L15,'Đơn đặt'!$C$3:$E$275,2,0) -> 11-10-TS | N15: =VLOOKUP(L15,'Đơn đặt'!$C$3:$E$275,3,0) -> 02-2026/TS-AVP/ĐĐH | O15: 46031 | P15: 00000044 | Q15: 4000 | R15: 16258.2 | S15: 65032800 | T15: 5202624 | U15: =S15+T15 -> 70235424
A16: 46032 | B16: 00000022 | C16: HH-CT00007 | D16: Thùng carton SAIGON Silver DS-TĐ | E16: CÔNG TY TNHH MỘT THÀNH VIÊN THUỐC LÁ SÀI GÒN | F16: Cái | G16: 3000 | H16: 18291 | I16: 54873000 | J16: 4389840 | K16: 59262840 | L16: 11-10-TS137-2025/TS-AVP/ĐĐHHH-CT00007 | M16: =VLOOKUP(L16,'Đơn đặt'!$C$3:$E$275,2,0) -> 11-10-TS | N16: =VLOOKUP(L16,'Đơn đặt'!$C$3:$E$275,3,0) -> 137-2025/TS-AVP/ĐĐH | O16: 46031 | P16: 00000043 | Q16: 3000 | R16: 14018.2 | S16: 42054600 | T16: 3364368 | U16: =S16+T16 -> 45418968
A17: 46032 | B17: 00000023 | C17: TP-LG00003-BT | D17: Lưỡi gà trắng 95 - LGT95/TS-BT 95mm x 800m x 210gsm, 15.96kg/cuộn | E17: CÔNG TY TNHH MỘT THÀNH VIÊN THUỐC LÁ BẾN TRE | F17: Cuộn | G17: 260 | H17: 502740 | I17: 130712400 | J17: 10456992 | K17: 141169392 | L17: 02-01/2026Hàng SXTP-LG00003-BT | M17: =VLOOKUP(L17,'Đơn đặt'!$C$3:$E$275,2,0) -> 02-01/2026 | N17: =VLOOKUP(L17,'Đơn đặt'!$C$3:$E$275,3,0) -> Hàng SX | O17: Hàng SX | Q17: =G17 -> 260 | S17: =ROUND(Q17*R17,0) -> 0 | T17: =ROUND(S17*0.08,0) -> 0 | U17: =S17+T17 -> 0
A18: 46036 | B18: 00000037 | C18: TP-PE00006 | D18: Túi PE 85 x 70 cm | E18: CÔNG TY TNHH MỘT THÀNH VIÊN THUỐC LÁ SÀI GÒN | F18: kg | G18: 1000 | H18: 38000 | I18: 38000000 | J18: 3040000 | K18: 41040000 | L18: 12-38/TS-LP150-2025/TS-AVP/ĐĐHTP-PE00006 | M18: =VLOOKUP(L18,'Đơn đặt'!$C$3:$E$275,2,0) -> 12-38/TS-LP | N18: =VLOOKUP(L18,'Đơn đặt'!$C$3:$E$275,3,0) -> 150-2025/TS-AVP/ĐĐH | O18: 46032 | P18: 00000046 | Q18: 1000 | R18: 34800 | S18: =ROUND(Q18*R18,0) -> 34800000 | T18: =S18*0.08 -> 2784000 | U18: =S18+T18 -> 37584000
A19: 46036 | B19: 00000037 | C19: TP-PE00004 | D19: Túi PE 52 x 100 cm | E19: CÔNG TY TNHH MỘT THÀNH VIÊN THUỐC LÁ SÀI GÒN | F19: kg | G19: 4000 | H19: 38000 | I19: 152000000 | J19: 12160000 | K19: 164160000 | L19: 12-38/TS-LP150-2025/TS-AVP/ĐĐHTP-PE00004 | M19: =VLOOKUP(L19,'Đơn đặt'!$C$3:$E$275,2,0) -> 12-38/TS-LP | N19: =VLOOKUP(L19,'Đơn đặt'!$C$3:$E$275,3,0) -> 150-2025/TS-AVP/ĐĐH | O19: 46032 | P19: 00000046 | Q19: 4000 | R19: 34800 | S19: =ROUND(Q19*R19,0) -> 139200000 | T19: =S19*0.08 -> 11136000 | U19: =S19+T19 -> 150336000
A20: 46036 | B20: 00000038 | C20: HH-CT00131 | D20: Thùng carton SAIGON Silver Capsule DS BC | E20: CÔNG TY TNHH MỘT THÀNH VIÊN THUỐC LÁ SÀI GÒN | F20: Cái | G20: 2000 | H20: 18291 | I20: 36582000 | J20: 2926560 | K20: 39508560 | L20: 11-10-TS02-2026/TS-AVP/ĐĐHHH-CT00131 | M20: =VLOOKUP(L20,'Đơn đặt'!$C$3:$E$275,2,0) -> 11-10-TS | N20: =VLOOKUP(L20,'Đơn đặt'!$C$3:$E$275,3,0) -> 02-2026/TS-AVP/ĐĐH | O20: 46034 | P20: 00000052 | Q20: 2000 | R20: 16258.2 | S20: 32516400 | T20: 2601312 | U20: =S20+T20 -> 35117712
A21: 46036 | B21: 00000038 | C21: HH-CT00025 | D21: Thùng carton ERA Premium - OD | E21: CÔNG TY TNHH MỘT THÀNH VIÊN THUỐC LÁ SÀI GÒN | F21: Cái | G21: 2000 | H21: 19310 | I21: 38620000 | J21: 3089600 | K21: 41709600 | L21: 11-04-TS01-2026/TS-AVP/ĐĐHHH-CT00025 | M21: =VLOOKUP(L21,'Đơn đặt'!$C$3:$E$275,2,0) -> 11-04-TS | N21: =VLOOKUP(L21,'Đơn đặt'!$C$3:$E$275,3,0) -> 01-2026/TS-AVP/ĐĐH | O21: 46034 | P21: 00000052 | Q21: 2000 | R21: 17438 | S21: 34876000 | T21: 2790080 | U21: =S21+T21 -> 37666080
A22: 46036 | B22: 00000039 | C22: HH-CT00007 | D22: Thùng carton SAIGON Silver DS-TĐ | E22: CÔNG TY TNHH MỘT THÀNH VIÊN THUỐC LÁ SÀI GÒN | F22: Cái | G22: 5000 | H22: 18291 | I22: 91455000 | J22: 7316400 | K22: 98771400 | L22: 11-10-TS137-2025/TS-AVP/ĐĐHHH-CT00007 | M22: =VLOOKUP(L22,'Đơn đặt'!$C$3:$E$275,2,0) -> 11-10-TS | N22: =VLOOKUP(L22,'Đơn đặt'!$C$3:$E$275,3,0) -> 137-2025/TS-AVP/ĐĐH | O22: 46032 | P22: 00000049 | Q22: 5000 | R22: 14018.2 | S22: 70091000 | T22: 5607280 | U22: =S22+T22 -> 75698280
A23: 46036 | B23: 00000039 | C23: HH-CT00064 | D23: Thùng carton GREENHILL 100SP MENTHOL | E23: CÔNG TY TNHH MỘT THÀNH VIÊN THUỐC LÁ SÀI GÒN | F23: Cái | G23: 1000 | H23: 21777 | I23: 21777000 | J23: 1742160 | K23: 23519160 | L23: 12-09-TS149-2025/TS-AVP/ĐĐHHH-CT00064 | M23: =VLOOKUP(L23,'Đơn đặt'!$C$3:$E$275,2,0) -> 12-09-TS | N23: =VLOOKUP(L23,'Đơn đặt'!$C$3:$E$275,3,0) -> 149-2025/TS-AVP/ĐĐH | O23: 46032 | P23: 00000049 | Q23: 1000 | R23: 19059.4 | S23: 19059400 | T23: 1524752 | U23: =S23+T23 -> 20584152
A24: 46036 | B24: 00000040 | C24: HH-CT00131 | D24: Thùng carton SAIGON Silver Capsule DS BC | E24: CÔNG TY TNHH MỘT THÀNH VIÊN THUỐC LÁ SÀI GÒN | F24: Cái | G24: 2000 | H24: 18291 | I24: 36582000 | J24: 2926560 | K24: 39508560 | L24: 11-10-TS02-2026/TS-AVP/ĐĐHHH-CT00131 | M24: =VLOOKUP(L24,'Đơn đặt'!$C$3:$E$275,2,0) -> 11-10-TS | N24: =VLOOKUP(L24,'Đơn đặt'!$C$3:$E$275,3,0) -> 02-2026/TS-AVP/ĐĐH | O24: 46034 | P24: 00000055 | Q24: 2000 | R24: 16258.2 | S24: 32516400 | T24: 2601312 | U24: =S24+T24 -> 35117712
A25: 46036 | B25: 00000040 | C25: HH-CT00025 | D25: Thùng carton ERA Premium - OD | E25: CÔNG TY TNHH MỘT THÀNH VIÊN THUỐC LÁ SÀI GÒN | F25: Cái | G25: 2000 | H25: 19310 | I25: 38620000 | J25: 3089600 | K25: 41709600 | L25: 11-04-TS01-2026/TS-AVP/ĐĐHHH-CT00025 | M25: =VLOOKUP(L25,'Đơn đặt'!$C$3:$E$275,2,0) -> 11-04-TS | N25: =VLOOKUP(L25,'Đơn đặt'!$C$3:$E$275,3,0) -> 01-2026/TS-AVP/ĐĐH | O25: 46034 | P25: 00000055 | Q25: 2000 | R25: 17438 | S25: 34876000 | T25: 2790080 | U25: =S25+T25 -> 37666080
A26: 46036 | B26: 00000041 | C26: HH-CT00007 | D26: Thùng carton SAIGON Silver DS-TĐ | E26: CÔNG TY TNHH MỘT THÀNH VIÊN THUỐC LÁ SÀI GÒN | F26: Cái | G26: 3000 | H26: 18291 | I26: 54873000 | J26: 4389840 | K26: 59262840 | L26: 11-10-TS137-2025/TS-AVP/ĐĐHHH-CT00007 | M26: =VLOOKUP(L26,'Đơn đặt'!$C$3:$E$275,2,0) -> 11-10-TS | N26: =VLOOKUP(L26,'Đơn đặt'!$C$3:$E$275,3,0) -> 137-2025/TS-AVP/ĐĐH | O26: 46034 | P26: 00000056 | Q26: 3000 | R26: 14018.2 | S26: 42054600 | T26: 3364368 | U26: =S26+T26 -> 45418968
A27: 46036 | B27: 00000042 | C27: HH-CT00007 | D27: Thùng carton SAIGON Silver DS-TĐ | E27: CÔNG TY TNHH MỘT THÀNH VIÊN THUỐC LÁ SÀI GÒN | F27: Cái | G27: 3000 | H27: 18291 | I27: 54873000 | J27: 4389840 | K27: 59262840 | L27: 11-10-TS137-2025/TS-AVP/ĐĐHHH-CT00007 | M27: =VLOOKUP(L27,'Đơn đặt'!$C$3:$E$275,2,0) -> 11-10-TS | N27: =VLOOKUP(L27,'Đơn đặt'!$C$3:$E$275,3,0) -> 137-2025/TS-AVP/ĐĐH | O27: 46035 | P27: 00000067 | Q27: 3000 | R27: 14018.2 | S27: 42054600 | T27: 3364368 | U27: =S27+T27 -> 45418968
A28: 46036 | B28: 00000042 | C28: HH-CT00064 | D28: Thùng carton GREENHILL 100SP MENTHOL | E28: CÔNG TY TNHH MỘT THÀNH VIÊN THUỐC LÁ SÀI GÒN | F28: Cái | G28: 1000 | H28: 21777 | I28: 21777000 | J28: 1742160 | K28: 23519160 | L28: 12-09-TS149-2025/TS-AVP/ĐĐHHH-CT00064 | M28: =VLOOKUP(L28,'Đơn đặt'!$C$3:$E$275,2,0) -> 12-09-TS | N28: =VLOOKUP(L28,'Đơn đặt'!$C$3:$E$275,3,0) -> 149-2025/TS-AVP/ĐĐH | O28: 46035 | P28: 00000067 | Q28: 1000 | R28: 19059.4 | S28: 19059400 | T28: 1524752 | U28: =S28+T28 -> 20584152
A29: 46038 | B29: 00000057 | C29: HH-CT00036 | D29: Thùng carton COTAB BC-TĐ | E29: CÔNG TY TNHH MỘT THÀNH VIÊN THUỐC LÁ SÀI GÒN | F29: Cái | G29: 1400 | H29: 19404 | I29: 27165600 | J29: 2173248 | K29: 29338848 | L29: 11-10-TS02-2026/TS-AVP/ĐĐHHH-CT00036 | M29: =VLOOKUP(L29,'Đơn đặt'!$C$3:$E$275,2,0) -> 11-10-TS | N29: =VLOOKUP(L29,'Đơn đặt'!$C$3:$E$275,3,0) -> 02-2026/TS-AVP/ĐĐH | O29: 46036 | P29: 00000076 | Q29: 1400 | R29: 17776.8 | S29: 24887520 | T29: 1991002 | U29: =S29+T29 -> 26878522
A30: 46038 | B30: 00000058 | C30: TP-PE00001 | D30: Túi PE 54 x 92 cm | E30: CÔNG TY TNHH MỘT THÀNH VIÊN THUỐC LÁ SÀI GÒN | F30: kg | G30: 5000 | H30: 38000 | I30: 190000000 | J30: 15200000 | K30: 205200000 | L30: 12-38/TS-LP150-2025/TS-AVP/ĐĐHTP-PE00001 | M30: =VLOOKUP(L30,'Đơn đặt'!$C$3:$E$275,2,0) -> 12-38/TS-LP | N30: =VLOOKUP(L30,'Đơn đặt'!$C$3:$E$275,3,0) -> 150-2025/TS-AVP/ĐĐH | O30: 46036 | P30: 00000077 | Q30: 5000 | R30: 34800 | S30: 174000000 | T30: 13920000 | U30: =S30+T30 -> 187920000
A31: 46038 | B31: 00000059 | C31: HH-CT00007 | D31: Thùng carton SAIGON Silver DS-TĐ | E31: CÔNG TY TNHH MỘT THÀNH VIÊN THUỐC LÁ SÀI GÒN | F31: Cái | G31: 2000 | H31: 18291 | I31: 36582000 | J31: 2926560 | K31: 39508560 | L31: 11-10-TS137-2025/TS-AVP/ĐĐHHH-CT00007 | M31: =VLOOKUP(L31,'Đơn đặt'!$C$3:$E$275,2,0) -> 11-10-TS | N31: =VLOOKUP(L31,'Đơn đặt'!$C$3:$E$275,3,0) -> 137-2025/TS-AVP/ĐĐH | O31: 46036 | P31: 00000075 | Q31: 2000 | R31: 14018.2 | S31: 28036400 | T31: 2242912 | U31: =S31+T31 -> 30279312
... A36: 46038 | B36: 00000062 | C36: HH-CT00064 | D36: Thùng carton GREENHILL 100SP MENTHOL | E36: CÔNG TY TNHH MỘT THÀNH VIÊN THUỐC LÁ SÀI GÒN | F36: Cái | G36: 1000 | H36: 21777 | I36: 21777000 | J36: 1742160 | K36: 23519160 | L36: 12-09-TS149-2025/TS-AVP/ĐĐHHH-CT00064 | M36: =VLOOKUP(L36,'Đơn đặt'!$C$3:$E$275,2,0) -> 12-09-TS | N36: =VLOOKUP(L36,'Đơn đặt'!$C$3:$E$275,3,0) -> 149-2025/TS-AVP/ĐĐH | O36: 46037 | P36: 00000087 | Q36: 1000 | R36: 19059.4 | S36: 19059400 | T36: 1524752 | U36: =S36+T36 -> 20584152
A37: 46038 | B37: 00000073 | C37: HH-CT00133 | D37: Thùng carton GREENHILL 100SP FF | E37: CÔNG TY TNHH THƯƠNG MẠI VÀ ĐẦU TƯ QUỐC ĐẠI | F37: Cái | G37: 800 | H37: 4629.63 | I37: 3703704 | J37: 296296 | K37: 4000000 | L37: Hàng thanh lý - ko DDH | M37: Hàng thanh lý - ko DDH | N37: Hàng thanh lý - ko DDH | O37: 2025 | Q37: 800 | S37: =ROUND(Q37*R37,0) -> 0 | T37: =ROUND(S37*0.08,0) -> 0 | U37: =S37+T37 -> 0
A38: 46038 | B38: 00000074 | C38: TP-PE00001 | D38: Túi PE 54 x 92 cm | E38: CÔNG TY TNHH MỘT THÀNH VIÊN THUỐC LÁ SÀI GÒN | F38: kg | G38: 5000 | H38: 38000 | I38: 190000000 | J38: 15200000 | K38: 205200000 | L38: 12-38/TS-LP150-2025/TS-AVP/ĐĐHTP-PE00001 | M38: =VLOOKUP(L38,'Đơn đặt'!$C$3:$E$275,2,0) -> 12-38/TS-LP | N38: =VLOOKUP(L38,'Đơn đặt'!$C$3:$E$275,3,0) -> 150-2025/TS-AVP/ĐĐH | O38: 46038 | P38: 00000109 | Q38: 5000 | R38: 34800 | S38: 174000000 | T38: 13920000 | U38: =S38+T38 -> 187920000
A39: 46038 | B39: 00000075 | C39: HH-CT00007 | D39: Thùng carton SAIGON Silver DS-TĐ | E39: CÔNG TY TNHH MỘT THÀNH VIÊN THUỐC LÁ SÀI GÒN | F39: Cái | G39: 2000 | H39: 18291 | I39: 36582000 | J39: 2926560 | K39: 39508560 | L39: 11-10-TS137-2025/TS-AVP/ĐĐHHH-CT00007 | M39: =VLOOKUP(L39,'Đơn đặt'!$C$3:$E$275,2,0) -> 11-10-TS | N39: =VLOOKUP(L39,'Đơn đặt'!$C$3:$E$275,3,0) -> 137-2025/TS-AVP/ĐĐH | O39: 46038 | P39: 00000108 | Q39: 2000 | R39: 14018.2 | S39: 28036400 | T39: 2242912 | U39: =S39+T39 -> 30279312
A40: 46038 | B40: 00000076 | C40: HH-CT00025 | D40: Thùng carton ERA Premium - OD | E40: CÔNG TY TNHH MỘT THÀNH VIÊN THUỐC LÁ SÀI GÒN | F40: Cái | G40: 995 | H40: 19310 | I40: 19213450 | J40: 1537076 | K40: 20750526 | L40: 11-04-TS01-2026/TS-AVP/ĐĐHHH-CT00025 | M40: =VLOOKUP(L40,'Đơn đặt'!$C$3:$E$275,2,0) -> 11-04-TS | N40: =VLOOKUP(L40,'Đơn đặt'!$C$3:$E$275,3,0) -> 01-2026/TS-AVP/ĐĐH | O40: 46038 | P40: 00000111 | Q40: 995 | R40: 17438 | S40: =ROUND(Q40*R40,0) -> 17350810 | T40: =ROUND(S40*0.08,0) -> 1388065 | U40: =S40+T40 -> 18738875
A41: 46038 | B41: 00000076 | C41: HH-CT00006 | D41: Thùng carton HÒA BÌNH BM-TĐ | E41: CÔNG TY TNHH MỘT THÀNH VIÊN THUỐC LÁ SÀI GÒN | F41: Cái | G41: 1000 | H41: 14900 | I41: 14900000 | J41: 1192000 | K41: 16092000 | L41: 12-01-TS03-2026/TS-AVP/ĐĐHHH-CT00006 | M41: =VLOOKUP(L41,'Đơn đặt'!$C$3:$E$275,2,0) -> 12-01-TS | N41: =VLOOKUP(L41,'Đơn đặt'!$C$3:$E$275,3,0) -> 03-2026/TS-AVP/ĐĐH | O41: 46038 | P41: 00000111 | Q41: 1000 | R41: 14140 | S41: 14140000 | T41: 1131200 | U41: =S41+T41 -> 15271200
A42: 46038 | B42: 00000076 | C42: HH-CT00095 | D42: Thùng carton GOLD SEAL 20 Ment (C) | E42: CÔNG TY TNHH MỘT THÀNH VIÊN THUỐC LÁ SÀI GÒN | F42: Cái | G42: 495 | H42: 19320 | I42: 9563400 | J42: 765072 | K42: 10328472 | L42: 01-03-TS06-2026/TS-AVP/ĐĐHHH-CT00095 | M42: =VLOOKUP(L42,'Đơn đặt'!$C$3:$E$275,2,0) -> 01-03-TS | N42: =VLOOKUP(L42,'Đơn đặt'!$C$3:$E$275,3,0) -> 06-2026/TS-AVP/ĐĐH | O42: 46038 | P42: 00000111 | Q42: 495 | R42: 17928 | S42: 8874360 | T42: 709949 | U42: =S42+T42 -> 9584309
A43: 46038 | B43: 00000077 | C43: HH-CT00036 | D43: Thùng carton COTAB BC-TĐ | E43: CÔNG TY TNHH MỘT THÀNH VIÊN THUỐC LÁ SÀI GÒN | F43: Cái | G43: 1500 | H43: 19404 | I43: 29106000 | J43: 2328480 | K43: 31434480 | L43: 11-10-TS02-2026/TS-AVP/ĐĐHHH-CT00036 | M43: =VLOOKUP(L43,'Đơn đặt'!$C$3:$E$275,2,0) -> 11-10-TS | N43: =VLOOKUP(L43,'Đơn đặt'!$C$3:$E$275,3,0) -> 02-2026/TS-AVP/ĐĐH | O43: 46038 | P43: 00000110 | Q43: 1500 | R43: 17776.8 | S43: =ROUND(Q43*R43,0) -> 26665200 | T43: =ROUND(S43*0.08,0) -> 2133216 | U43: =S43+T43 -> 28798416
A44: 46038 | B44: 00000077 | C44: HH-CT00131 | D44: Thùng carton SAIGON Silver Capsule DS BC | E44: CÔNG TY TNHH MỘT THÀNH VIÊN THUỐC LÁ SÀI GÒN | F44: Cái | G44: 2000 | H44: 18291 | I44: 36582000 | J44: 2926560 | K44: 39508560 | L44: 11-10-TS02-2026/TS-AVP/ĐĐHHH-CT00131 | M44: =VLOOKUP(L44,'Đơn đặt'!$C$3:$E$275,2,0) -> 11-10-TS | N44: =VLOOKUP(L44,'Đơn đặt'!$C$3:$E$275,3,0) -> 02-2026/TS-AVP/ĐĐH | O44: 46038 | P44: 00000110 | Q44: 2000 | R44: 16258.2 | S44: 32516400 | T44: 2601312 | U44: =S44+T44 -> 35117712
A45: 46042 | B45: 00000092 | C45: HH-CT00131 | D45: Thùng carton SAIGON Silver Capsule DS BC | E45: CÔNG TY TNHH MỘT THÀNH VIÊN THUỐC LÁ SÀI GÒN | F45: Cái | G45: 800 | H45: 18291 | I45: 14632800 | J45: 1170624 | K45: 15803424 | L45: 11-10-TS02-2026/TS-AVP/ĐĐHHH-CT00131 | M45: =VLOOKUP(L45,'Đơn đặt'!$C$3:$E$275,2,0) -> 11-10-TS | N45: =VLOOKUP(L45,'Đơn đặt'!$C$3:$E$275,3,0) -> 02-2026/TS-AVP/ĐĐH | O45: 46041 | P45: 00000127 | Q45: 800 | R45: 16258.2 | S45: 13006560 | T45: 1040525 | U45: =S45+T45 -> 14047085
A46: 46042 | B46: 00000092 | C46: HH-CT00031 | D46: Thùng carton ERA BLACK MENTHOL | E46: CÔNG TY TNHH MỘT THÀNH VIÊN THUỐC LÁ SÀI GÒN | F46: Cái | G46: 1000 | H46: 18134 | I46: 18134000 | J46: 1450720 | K46: 19584720 | L46: 11-04-TS01-2026/TS-AVP/ĐĐHHH-CT00031 | M46: =VLOOKUP(L46,'Đơn đặt'!$C$3:$E$275,2,0) -> 11-04-TS | N46: =VLOOKUP(L46,'Đơn đặt'!$C$3:$E$275,3,0) -> 01-2026/TS-AVP/ĐĐH | O46: 46041 | P46: 00000127 | Q46: 1000 | R46: 17202.8 | S46: 17202800 | T46: 1376224 | U46: =S46+T46 -> 18579024
A47: 46042 | B47: 00000093 | C47: HH-CT00131 | D47: Thùng carton SAIGON Silver Capsule DS BC | E47: CÔNG TY TNHH MỘT THÀNH VIÊN THUỐC LÁ SÀI GÒN | F47: Cái | G47: 1000 | H47: 18291 | I47: 18291000 | J47: 1463280 | K47: 19754280 | L47: 11-10-TS02-2026/TS-AVP/ĐĐHHH-CT00131 | M47: =VLOOKUP(L47,'Đơn đặt'!$C$3:$E$275,2,0) -> 11-10-TS | N47: =VLOOKUP(L47,'Đơn đặt'!$C$3:$E$275,3,0) -> 02-2026/TS-AVP/ĐĐH | O47: 46041 | P47: 00000128 | Q47: 1000 | R47: 16258.2 | S47: 16258200 | T47: 1300656 | U47: =S47+T47 -> 17558856
A48: 46042 | B48: 00000093 | C48: HH-CT00036 | D48: Thùng carton COTAB BC-TĐ | E48: CÔNG TY TNHH MỘT THÀNH VIÊN THUỐC LÁ SÀI GÒN | F48: Cái | G48: 1000 | H48: 19404 | I48: 19404000 | J48: 1552320 | K48: 20956320 | L48: 11-10-TS02-2026/TS-AVP/ĐĐHHH-CT00036 | M48: =VLOOKUP(L48,'Đơn đặt'!$C$3:$E$275,2,0) -> 11-10-TS | N48: =VLOOKUP(L48,'Đơn đặt'!$C$3:$E$275,3,0) -> 02-2026/TS-AVP/ĐĐH | O48: 46041 | P48: 00000128 | Q48: 1000 | R48: 17776.8 | S48: 17776800 | T48: 1422144 | U48: =S48+T48 -> 19198944
A49: 46042 | B49: 00000093 | C49: HH-CT00025 | D49: Thùng carton ERA Premium - OD | E49: CÔNG TY TNHH MỘT THÀNH VIÊN THUỐC LÁ SÀI GÒN | F49: Cái | G49: 1490 | H49: 19310 | I49: 28771900 | J49: 2301752 | K49: 31073652 | L49: 11-04-TS01-2026/TS-AVP/ĐĐHHH-CT00025 | M49: =VLOOKUP(L49,'Đơn đặt'!$C$3:$E$275,2,0) -> 11-04-TS | N49: =VLOOKUP(L49,'Đơn đặt'!$C$3:$E$275,3,0) -> 01-2026/TS-AVP/ĐĐH | O49: 46041 | P49: 00000128 | Q49: 1490 | R49: 17438 | S49: 25982620 | T49: 2078610 | U49: =S49+T49 -> 28061230
A50: 46042 | B50: 00000093 | C50: HH-CT00031 | D50: Thùng carton ERA BLACK MENTHOL | E50: CÔNG TY TNHH MỘT THÀNH VIÊN THUỐC LÁ SÀI GÒN | F50: Cái | G50: 1000 | H50: 18134 | I50: 18134000 | J50: 1450720 | K50: 19584720 | L50: 11-04-TS01-2026/TS-AVP/ĐĐHHH-CT00031 | M50: =VLOOKUP(L50,'Đơn đặt'!$C$3:$E$275,2,0) -> 11-04-TS | N50: =VLOOKUP(L50,'Đơn đặt'!$C$3:$E$275,3,0) -> 01-2026/TS-AVP/ĐĐH | O50: 46041 | P50: 00000128 | Q50: 1000 | R50: 17202.8 | S50: 17202800 | T50: 1376224 | U50: =S50+T50 -> 18579024
A51: 46042 | B51: 00000094 | C51: HH-CT00007 | D51: Thùng carton SAIGON Silver DS-TĐ | E51: CÔNG TY TNHH MỘT THÀNH VIÊN THUỐC LÁ SÀI GÒN | F51: Cái | G51: 5000 | H51: 18291 | I51: 91455000 | J51: 7316400 | K51: 98771400 | L51: 11-10-TS137-2025/TS-AVP/ĐĐHHH-CT00007 | M51: =VLOOKUP(L51,'Đơn đặt'!$C$3:$E$275,2,0) -> 11-10-TS | N51: =VLOOKUP(L51,'Đơn đặt'!$C$3:$E$275,3,0) -> 137-2025/TS-AVP/ĐĐH | O51: 46041 | P51: 00000126 | Q51: 5000 | R51: 14018.2 | S51: 70091000 | T51: 5607280 | U51: =S51+T51 -> 75698280
A52: 46042 | B52: 00000094 | C52: HH-CT00008 | D52: Thùng carton SAIGON Silver DS-B-TĐ | E52: CÔNG TY TNHH MỘT THÀNH VIÊN THUỐC LÁ SÀI GÒN | F52: Cái | G52: 1000 | H52: 18291 | I52: 18291000 | J52: 1463280 | K52: 19754280 | L52: 11-10-TS137-2025/TS-AVP/ĐĐHHH-CT00008 | M52: =VLOOKUP(L52,'Đơn đặt'!$C$3:$E$275,2,0) -> 11-10-TS | N52: =VLOOKUP(L52,'Đơn đặt'!$C$3:$E$275,3,0) -> 137-2025/TS-AVP/ĐĐH | O52: 46041 | P52: 00000126 | Q52: 1000 | R52: 14018.2 | S52: 14018200 | T52: 1121456 | U52: =S52+T52 -> 15139656
A53: 46042 | B53: 00000094 | C53: HH-CT00064 | D53: Thùng carton GREENHILL 100SP MENTHOL | E53: CÔNG TY TNHH MỘT THÀNH VIÊN THUỐC LÁ SÀI GÒN | F53: Cái | G53: 1000 | H53: 21777 | I53: 21777000 | J53: 1742160 | K53: 23519160 | L53: 12-09-TS149-2025/TS-AVP/ĐĐHHH-CT00064 | M53: =VLOOKUP(L53,'Đơn đặt'!$C$3:$E$275,2,0) -> 12-09-TS | N53: =VLOOKUP(L53,'Đơn đặt'!$C$3:$E$275,3,0) -> 149-2025/TS-AVP/ĐĐH | O53: 46041 | P53: 00000126 | Q53: 1000 | R53: 19059.4 | S53: 19059400 | T53: 1524752 | U53: =S53+T53 -> 20584152
A54: 46042 | B54: 00000095 | C54: HH-CT00007 | D54: Thùng carton SAIGON Silver DS-TĐ | E54: CÔNG TY TNHH MỘT THÀNH VIÊN THUỐC LÁ SÀI GÒN | F54: Cái | G54: 5000 | H54: 18291 | I54: 91455000 | J54: 7316400 | K54: 98771400 | L54: 11-10-TS137-2025/TS-AVP/ĐĐHHH-CT00007 | M54: =VLOOKUP(L54,'Đơn đặt'!$C$3:$E$275,2,0) -> 11-10-TS | N54: =VLOOKUP(L54,'Đơn đặt'!$C$3:$E$275,3,0) -> 137-2025/TS-AVP/ĐĐH | O54: 46041 | P54: 00000136 | Q54: 5000 | R54: 14018.2 | S54: 70091000 | T54: 5607280 | U54: =S54+T54 -> 75698280
A55: 46042 | B55: 00000095 | C55: HH-CT00008 | D55: Thùng carton SAIGON Silver DS-B-TĐ | E55: CÔNG TY TNHH MỘT THÀNH VIÊN THUỐC LÁ SÀI GÒN | F55: Cái | G55: 1000 | H55: 18291 | I55: 18291000 | J55: 1463280 | K55: 19754280 | L55: 11-10-TS137-2025/TS-AVP/ĐĐHHH-CT00008 | M55: =VLOOKUP(L55,'Đơn đặt'!$C$3:$E$275,2,0) -> 11-10-TS | N55: =VLOOKUP(L55,'Đơn đặt'!$C$3:$E$275,3,0) -> 137-2025/TS-AVP/ĐĐH | O55: 46041 | P55: 00000136 | Q55: 1000 | R55: 14018.2 | S55: 14018200 | T55: 1121456 | U55: =S55+T55 -> 15139656
... A58: 46042 | B58: 00000096 | C58: HH-CT00025 | D58: Thùng carton ERA Premium - OD | E58: CÔNG TY TNHH MỘT THÀNH VIÊN THUỐC LÁ SÀI GÒN | F58: Cái | G58: 2000 | H58: 19310 | I58: 38620000 | J58: 3089600 | K58: 41709600 | L58: 01-02-TS04-2026/TS-AVP/ĐĐHHH-CT00025 | M58: =VLOOKUP(L58,'Đơn đặt'!$C$3:$E$275,2,0) -> 01-02-TS | N58: =VLOOKUP(L58,'Đơn đặt'!$C$3:$E$275,3,0) -> 04-2026/TS-AVP/ĐĐH | O58: 46041 | P58: 00000134 | Q58: 2000 | R58: 17438 | S58: 34876000 | T58: 2790080 | U58: =S58+T58 -> 37666080
A59: 46042 | B59: 00000097 | C59: HH-CT00072 | D59: Thùng carton SÀI GÒN Vàng BC-TĐ | E59: CÔNG TY TNHH MỘT THÀNH VIÊN THUỐC LÁ SÀI GÒN | F59: Cái | G59: 500 | H59: 20024 | I59: =ROUND(G59*H59,0) -> 10012000 | J59: =ROUND(I59*0.08,0) -> 800960 | K59: =I59+J59 -> 10812960 | L59: 11-10-TS136-2025/TS-AVP/ĐĐHHH-CT00072 | M59: =VLOOKUP(L59,'Đơn đặt'!$C$3:$E$275,2,0) -> 11-10-TS | N59: =VLOOKUP(L59,'Đơn đặt'!$C$3:$E$275,3,0) -> 136-2025/TS-AVP/ĐĐH | O59: 46041 | P59: 00000135 | Q59: 500 | R59: 16180.8 | S59: =ROUND(Q59*R59,0) -> 8090400 | T59: =ROUND(S59*0.08,0) -> 647232 | U59: =S59+T59 -> 8737632
A60: 46042 | B60: 00000097 | C60: HH-CT00072 | D60: Thùng carton SÀI GÒN Vàng BC-TĐ | E60: CÔNG TY TNHH MỘT THÀNH VIÊN THUỐC LÁ SÀI GÒN | F60: Cái | G60: 2000 | H60: 20024 | I60: =ROUND(G60*H60,0) -> 40048000 | J60: =ROUND(I60*0.08,0) -> 3203840 | K60: =I60+J60 -> 43251840 | L60: 12-01-TS146-2025/TS-AVP/ĐĐHHH-CT00072 | M60: =VLOOKUP(L60,'Đơn đặt'!$C$3:$E$275,2,0) -> 12-01-TS | N60: =VLOOKUP(L60,'Đơn đặt'!$C$3:$E$275,3,0) -> 146-2025/TS-AVP/ĐĐH | O60: 46041 | P60: 00000135 | Q60: 2000 | R60: 16180.8 | S60: =ROUND(Q60*R60,0) -> 32361600 | T60: =ROUND(S60*0.08,0) -> 2588928 | U60: =S60+T60 -> 34950528
A61: 46043 | B61: 00000098 | C61: HH-CT00133 | D61: Thùng carton GREENHILL 100SP FF | E61: CÔNG TY TNHH THƯƠNG MẠI VÀ ĐẦU TƯ QUỐC ĐẠI | F61: Cái | G61: 900 | H61: 4629.63 | I61: 4166667 | J61: 333333 | K61: 4500000 | L61: Hàng thanh lý - ko DDH | M61: Hàng thanh lý - ko DDH | N61: Hàng thanh lý - ko DDH | O61: 2025 | Q61: 900 | S61: =ROUND(Q61*R61,0) -> 0 | T61: =ROUND(S61*0.08,0) -> 0 | U61: =S61+T61 -> 0
A62: 46043 | B62: 00000099 | C62: HH-CT00007 | D62: Thùng carton SAIGON Silver DS-TĐ | E62: CÔNG TY TNHH MỘT THÀNH VIÊN THUỐC LÁ SÀI GÒN | F62: Cái | G62: 2000 | H62: 18291 | I62: 36582000 | J62: 2926560 | K62: 39508560 | L62: 11-10-TS137-2025/TS-AVP/ĐĐHHH-CT00007 | M62: =VLOOKUP(L62,'Đơn đặt'!$C$3:$E$275,2,0) -> 11-10-TS | N62: =VLOOKUP(L62,'Đơn đặt'!$C$3:$E$275,3,0) -> 137-2025/TS-AVP/ĐĐH | O62: 46042 | P62: 00000151 | Q62: 2000 | R62: 14018.2 | S62: 28036400 | T62: 2242912 | U62: =S62+T62 -> 30279312
A63: 46043 | B63: 00000100 | C63: HH-CT00131 | D63: Thùng carton SAIGON Silver Capsule DS BC | E63: CÔNG TY TNHH MỘT THÀNH VIÊN THUỐC LÁ SÀI GÒN | F63: Cái | G63: 1000 | H63: 18291 | I63: 18291000 | J63: 1463280 | K63: 19754280 | L63: 11-10-TS02-2026/TS-AVP/ĐĐHHH-CT00131 | M63: =VLOOKUP(L63,'Đơn đặt'!$C$3:$E$275,2,0) -> 11-10-TS | N63: =VLOOKUP(L63,'Đơn đặt'!$C$3:$E$275,3,0) -> 02-2026/TS-AVP/ĐĐH | O63: 46042 | P63: 00000150 | Q63: 1000 | R63: 16258.2 | S63: 16258200 | T63: 1300656 | U63: =S63+T63 -> 17558856
A64: 46043 | B64: 00000100 | C64: HH-CT00005 | D64: Thùng carton HÒA BÌNH BC-TĐ | E64: CÔNG TY TNHH MỘT THÀNH VIÊN THUỐC LÁ SÀI GÒN | F64: Cái | G64: 1990 | H64: 18953 | I64: 37716470 | J64: 3017318 | K64: 40733788 | L64: 11-10-TS02-2026/TS-AVP/ĐĐHHH-CT00005 | M64: =VLOOKUP(L64,'Đơn đặt'!$C$3:$E$275,2,0) -> 11-10-TS | N64: =VLOOKUP(L64,'Đơn đặt'!$C$3:$E$275,3,0) -> 02-2026/TS-AVP/ĐĐH | O64: 46042 | P64: 00000150 | Q64: 1990 | R64: 18246.6 | S64: 36310734 | T64: 2904859 | U64: =S64+T64 -> 39215593
A65: 46043 | B65: 00000100 | C65: HH-CT00095 | D65: Thùng carton GOLD SEAL 20 Ment (C) | E65: CÔNG TY TNHH MỘT THÀNH VIÊN THUỐC LÁ SÀI GÒN | F65: Cái | G65: 1160 | H65: 19320 | I65: 22411200 | J65: 1792896 | K65: 24204096 | L65: 01-06-TS08-2026/TS-AVP/ĐĐHHH-CT00095 | M65: =VLOOKUP(L65,'Đơn đặt'!$C$3:$E$275,2,0) -> 01-06-TS | N65: =VLOOKUP(L65,'Đơn đặt'!$C$3:$E$275,3,0) -> 08-2026/TS-AVP/ĐĐH | O65: 46042 | P65: 00000150 | Q65: 1160 | R65: 17928 | S65: 20796480 | T65: 1663718 | U65: =S65+T65 -> 22460198
A66: 46043 | B66: 00000101 | C66: TP-LG00004-TH | D66: Lưỡi gà trắng 95mm x 800m x 230 (±3%) gsm (LGTTS-002) | E66: CÔNG TY TNHH MỘT THÀNH VIÊN THUỐC LÁ THANH HOÁ | F66: kg | G66: 5244 | H66: 30400 | I66: 159417600 | J66: 12753408 | K66: 172171008 | L66: 01/TS/26Hàng SXTP-LG00004-TH | M66: =VLOOKUP(L66,'Đơn đặt'!$C$3:$E$275,2,0) -> 01/TS/26 | N66: =VLOOKUP(L66,'Đơn đặt'!$C$3:$E$275,3,0) -> Hàng SX | O66: Hàng SX | Q66: =G66 -> 5244 | S66: =ROUND(Q66*R66,0) -> 0 | T66: =ROUND(S66*0.08,0) -> 0 | U66: =S66+T66 -> 0
A67: 46043 | B67: 00000102 | C67: TP-LG00003-TL | D67: Lưỡi gà trắng 95mm x 800m x 210 (±3%) gsm (LGTPS-002) | E67: CÔNG TY TNHH MỘT THÀNH VIÊN THUỐC LÁ THĂNG LONG | F67: Cuộn | G67: 120 | H67: 493671 | I67: 59240520 | J67: 4739242 | K67: 63979762 | L67: 82Hàng SXTP-LG00003-TL | M67: =VLOOKUP(L67,'Đơn đặt'!$C$3:$E$275,2,0) -> 82 | N67: =VLOOKUP(L67,'Đơn đặt'!$C$3:$E$275,3,0) -> Hàng SX | O67: Hàng SX | Q67: =G67 -> 120 | S67: =ROUND(Q67*R67,0) -> 0 | T67: =ROUND(S67*0.08,0) -> 0 | U67: =S67+T67 -> 0
A68: 46043 | B68: 00000102 | C68: TP-LG00002 | D68: Lưỡi gà trắng 71mm x 800m x 210 (±3%) gsm (LGTPS-002) | E68: CÔNG TY TNHH MỘT THÀNH VIÊN THUỐC LÁ THĂNG LONG | F68: Cuộn | G68: 240 | H68: 366012 | I68: 87842880 | J68: 7027430 | K68: 94870310 | L68: 82Hàng SXTP-LG00002 | M68: =VLOOKUP(L68,'Đơn đặt'!$C$3:$E$275,2,0) -> 82 | N68: =VLOOKUP(L68,'Đơn đặt'!$C$3:$E$275,3,0) -> Hàng SX | O68: Hàng SX | Q68: =G68 -> 240 | S68: =ROUND(Q68*R68,0) -> 0 | T68: =ROUND(S68*0.08,0) -> 0 | U68: =S68+T68 -> 0
A69: 46043 | B69: 00000108 | C69: HH-CT00131 | D69: Thùng carton SAIGON Silver Capsule DS BC | E69: CÔNG TY TNHH MỘT THÀNH VIÊN THUỐC LÁ SÀI GÒN | F69: Cái | G69: 3000 | H69: 18291 | I69: 54873000 | J69: 4389840 | K69: 59262840 | L69: 11-10-TS02-2026/TS-AVP/ĐĐHHH-CT00131 | M69: =VLOOKUP(L69,'Đơn đặt'!$C$3:$E$275,2,0) -> 11-10-TS | N69: =VLOOKUP(L69,'Đơn đặt'!$C$3:$E$275,3,0) -> 02-2026/TS-AVP/ĐĐH | O69: 46043 | P69: 00000163 | Q69: 3000 | R69: 16258.2 | S69: 48774600 | T69: 3901968 | U69: =S69+T69 -> 52676568
A70: 46043 | B70: 00000108 | C70: HH-CT00025 | D70: Thùng carton ERA Premium - OD | E70: CÔNG TY TNHH MỘT THÀNH VIÊN THUỐC LÁ SÀI GÒN | F70: Cái | G70: 1000 | H70: 19310 | I70: 19310000 | J70: 1544800 | K70: 20854800 | L70: 11-04-TS01-2026/TS-AVP/ĐĐHHH-CT00025 | M70: =VLOOKUP(L70,'Đơn đặt'!$C$3:$E$275,2,0) -> 11-04-TS | N70: =VLOOKUP(L70,'Đơn đặt'!$C$3:$E$275,3,0) -> 01-2026/TS-AVP/ĐĐH | O70: 46043 | P70: 00000163 | Q70: 1000 | R70: 17438 | S70: 17438000 | T70: 1395040 | U70: =S70+T70 -> 18833040
A71: 46043 | B71: 00000109 | C71: HH-CT00007 | D71: Thùng carton SAIGON Silver DS-TĐ | E71: CÔNG TY TNHH MỘT THÀNH VIÊN THUỐC LÁ SÀI GÒN | F71: Cái | G71: 2800 | H71: 18291 | I71: 51214800 | J71: 4097184 | K71: 55311984 | L71: 11-10-TS137-2025/TS-AVP/ĐĐHHH-CT00007 | M71: =VLOOKUP(L71,'Đơn đặt'!$C$3:$E$275,2,0) -> 11-10-TS | N71: =VLOOKUP(L71,'Đơn đặt'!$C$3:$E$275,3,0) -> 137-2025/TS-AVP/ĐĐH | O71: 46043 | P71: 00000162 | Q71: 2800 | R71: 14018.2 | S71: 39250960 | T71: 3140077 | U71: =S71+T71 -> 42391037
A72: 46043 | B72: 00000109 | C72: HH-CT00008 | D72: Thùng carton SAIGON Silver DS-B-TĐ | E72: CÔNG TY TNHH MỘT THÀNH VIÊN THUỐC LÁ SÀI GÒN | F72: Cái | G72: 1000 | H72: 18291 | I72: 18291000 | J72: 1463280 | K72: 19754280 | L72: 11-10-TS137-2025/TS-AVP/ĐĐHHH-CT00008 | M72: =VLOOKUP(L72,'Đơn đặt'!$C$3:$E$275,2,0) -> 11-10-TS | N72: =VLOOKUP(L72,'Đơn đặt'!$C$3:$E$275,3,0) -> 137-2025/TS-AVP/ĐĐH | O72: 46043 | P72: 00000162 | Q72: 1000 | R72: 14018.2 | S72: 14018200 | T72: 1121456 | U72: =S72+T72 -> 15139656
A73: 46043 | B73: 00000109 | C73: HH-CT00064 | D73: Thùng carton GREENHILL 100SP MENTHOL | E73: CÔNG TY TNHH MỘT THÀNH VIÊN THUỐC LÁ SÀI GÒN | F73: Cái | G73: 1000 | H73: 21777 | I73: 21777000 | J73: 1742160 | K73: 23519160 | L73: 12-09-TS149-2025/TS-AVP/ĐĐHHH-CT00064 | M73: =VLOOKUP(L73,'Đơn đặt'!$C$3:$E$275,2,0) -> 12-09-TS | N73: =VLOOKUP(L73,'Đơn đặt'!$C$3:$E$275,3,0) -> 149-2025/TS-AVP/ĐĐH | O73: 46043 | P73: 00000162 | Q73: 1000 | R73: 19059.4 | S73: 19059400 | T73: 1524752 | U73: =S73+T73 -> 20584152
A74: 46044 | B74: 00000115 | C74: TP-LG00002 | D74: Lưỡi gà trắng 71mm x 800m x 210 (±3%) gsm (LGTPS-002) | E74: CÔNG TY TNHH MỘT THÀNH VIÊN THUỐC LÁ THĂNG LONG | F74: Cuộn | G74: 660 | H74: 366012 | I74: 241567920 | J74: 19325434 | K74: 260893354 | L74: 82Hàng SXTP-LG00002 | M74: =VLOOKUP(L74,'Đơn đặt'!$C$3:$E$275,2,0) -> 82 | N74: =VLOOKUP(L74,'Đơn đặt'!$C$3:$E$275,3,0) -> Hàng SX | O74: Hàng SX | Q74: =G74 -> 660 | S74: =ROUND(Q74*R74,0) -> 0 | T74: =ROUND(S74*0.08,0) -> 0 | U74: =S74+T74 -> 0
A75: 46044 | B75: 00000116 | C75: HH-CT00025 | D75: Thùng carton ERA Premium - OD | E75: CÔNG TY TNHH MỘT THÀNH VIÊN THUỐC LÁ SÀI GÒN | F75: Cái | G75: 2005 | H75: 19310 | I75: 38716550 | J75: 3097324 | K75: 41813874 | L75: 11-04-TS01-2026/TS-AVP/ĐĐHHH-CT00025 | M75: =VLOOKUP(L75,'Đơn đặt'!$C$3:$E$275,2,0) -> 11-04-TS | N75: =VLOOKUP(L75,'Đơn đặt'!$C$3:$E$275,3,0) -> 01-2026/TS-AVP/ĐĐH | O75: 46044 | P75: 00000167 | Q75: 2005 | R75: 17438 | S75: 34963190 | T75: 2797055 | U75: =S75+T75 -> 37760245
A76: 46044 | B76: 00000116 | C76: HH-CT00005 | D76: Thùng carton HÒA BÌNH BC-TĐ | E76: CÔNG TY TNHH MỘT THÀNH VIÊN THUỐC LÁ SÀI GÒN | F76: Cái | G76: 400 | H76: 18953 | I76: 7581200 | J76: 606496 | K76: 8187696 | L76: 11-10-TS02-2026/TS-AVP/ĐĐHHH-CT00005 | M76: =VLOOKUP(L76,'Đơn đặt'!$C$3:$E$275,2,0) -> 11-10-TS | N76: =VLOOKUP(L76,'Đơn đặt'!$C$3:$E$275,3,0) -> 02-2026/TS-AVP/ĐĐH | O76: 46044 | P76: 00000167 | Q76: 400 | R76: 18246.6 | S76: 7298640 | T76: 583891 | U76: =S76+T76 -> 7882531
A77: 46044 | B77: 00000117 | C77: HH-CT00007 | D77: Thùng carton SAIGON Silver DS-TĐ | E77: CÔNG TY TNHH MỘT THÀNH VIÊN THUỐC LÁ SÀI GÒN | F77: Cái | G77: 3750 | H77: 18291 | I77: 68591250 | J77: 5487300 | K77: 74078550 | L77: 12-01-TS09-2026/TS-AVP/ĐĐHHH-CT00007 | M77: =VLOOKUP(L77,'Đơn đặt'!$C$3:$E$275,2,0) -> 12-01-TS | N77: =VLOOKUP(L77,'Đơn đặt'!$C$3:$E$275,3,0) -> 09-2026/TS-AVP/ĐĐH | O77: 46044 | P77: 00000169 | Q77: 1750 | R77: 14482.2 | S77: 25343850 | T77: 2027508 | U77: =S77+T77 -> 27371358
A78: 46044 | B78: 00000117 | C78: HH-CT00007 | D78: Thùng carton SAIGON Silver DS-TĐ | E78: CÔNG TY TNHH MỘT THÀNH VIÊN THUỐC LÁ SÀI GÒN | L78: 12-01-TS09-2026/TS-AVP/ĐĐHHH-CT00007 | M78: =VLOOKUP(L78,'Đơn đặt'!$C$3:$E$275,2,0) -> 12-01-TS | N78: =VLOOKUP(L78,'Đơn đặt'!$C$3:$E$275,3,0) -> 09-2026/TS-AVP/ĐĐH | O78: 46044 | P78: 00000168 | Q78: 2000 | R78: 14018.2 | S78: 28036400 | T78: 2242912 | U78: =S78+T78 -> 30279312
A79: 46044 | B79: 00000117 | C79: HH-CT00008 | D79: Thùng carton SAIGON Silver DS-B-TĐ | E79: CÔNG TY TNHH MỘT THÀNH VIÊN THUỐC LÁ SÀI GÒN | F79: Cái | G79: 1000 | H79: 18291 | I79: 18291000 | J79: 1463280 | K79: 19754280 | L79: 11-10-TS137-2025/TS-AVP/ĐĐHHH-CT00008 | M79: =VLOOKUP(L79,'Đơn đặt'!$C$3:$E$275,2,0) -> 11-10-TS | N79: =VLOOKUP(L79,'Đơn đặt'!$C$3:$E$275,3,0) -> 137-2025/TS-AVP/ĐĐH | O79: 46044 | P79: 00000168 | Q79: 1000 | R79: 14018.2 | S79: 14018200 | T79: 1121456 | U79: =S79+T79 -> 15139656
A80: 46045 | B80: 00000124 | C80: HH-CT00133 | D80: Thùng carton GREENHILL 100SP FF | E80: CÔNG TY TNHH THƯƠNG MẠI VÀ ĐẦU TƯ QUỐC ĐẠI | F80: Cái | G80: 710 | H80: 4629.63 | I80: 3287037 | J80: 262963 | K80: 3550000 | L80: Hàng thanh lý - ko DDH | M80: Hàng thanh lý - ko DDH | N80: Hàng thanh lý - ko DDH | O80: 2025 | Q80: 710 | S80: =ROUND(Q80*R80,0) -> 0 | T80: =ROUND(S80*0.08,0) -> 0 | U80: =S80+T80 -> 0
A81: 46045 | B81: 00000125 | C81: HH-CT00007 | D81: Thùng carton SAIGON Silver DS-TĐ | E81: CÔNG TY TNHH MỘT THÀNH VIÊN THUỐC LÁ SÀI GÒN | F81: Cái | G81: 4250 | H81: 18291 | I81: 77736750 | J81: 6218940 | K81: 83955690 | L81: 12-01-TS09-2026/TS-AVP/ĐĐHHH-CT00007 | M81: =VLOOKUP(L81,'Đơn đặt'!$C$3:$E$275,2,0) -> 12-01-TS | N81: =VLOOKUP(L81,'Đơn đặt'!$C$3:$E$275,3,0) -> 09-2026/TS-AVP/ĐĐH | O81: 46045 | P81: 00000184 | Q81: 4250 | R81: 14482.2 | S81: 61549350 | T81: 4923948 | U81: =S81+T81 -> 66473298
A82: 46045 | B82: 00000125 | C82: HH-CT00008 | D82: Thùng carton SAIGON Silver DS-B-TĐ | E82: CÔNG TY TNHH MỘT THÀNH VIÊN THUỐC LÁ SÀI GÒN | F82: Cái | G82: 1000 | H82: 18291 | I82: 18291000 | J82: 1463280 | K82: 19754280 | L82: 11-10-TS137-2025/TS-AVP/ĐĐHHH-CT00008 | M82: =VLOOKUP(L82,'Đơn đặt'!$C$3:$E$275,2,0) -> 11-10-TS | N82: =VLOOKUP(L82,'Đơn đặt'!$C$3:$E$275,3,0) -> 137-2025/TS-AVP/ĐĐH | O82: 46045 | P82: 00000185 | Q82: 1000 | R82: 14018.2 | S82: 14018200 | T82: 1121456 | U82: =S82+T82 -> 15139656
A83: 46045 | B83: 00000126 | C83: HH-CT00072 | D83: Thùng carton SÀI GÒN Vàng BC-TĐ | E83: CÔNG TY TNHH MỘT THÀNH VIÊN THUỐC LÁ SÀI GÒN | F83: Cái | G83: 2500 | H83: 20024 | I83: 50060000 | J83: 4004800 | K83: 54064800 | L83: 12-01-TS146-2025/TS-AVP/ĐĐHHH-CT00072 | M83: =VLOOKUP(L83,'Đơn đặt'!$C$3:$E$275,2,0) -> 12-01-TS | N83: =VLOOKUP(L83,'Đơn đặt'!$C$3:$E$275,3,0) -> 146-2025/TS-AVP/ĐĐH | O83: 46045 | P83: 00000182 | Q83: 2500 | R83: 16180.8 | S83: 40452000 | T83: 3236160 | U83: =S83+T83 -> 43688160
A84: 46045 | B84: 00000127 | C84: HH-CT00131 | D84: Thùng carton SAIGON Silver Capsule DS BC | E84: CÔNG TY TNHH MỘT THÀNH VIÊN THUỐC LÁ SÀI GÒN | F84: Cái | G84: 700 | H84: 18291 | I84: 12803700 | J84: 1024296 | K84: 13827996 | L84: 11-10-TS02-2026/TS-AVP/ĐĐHHH-CT00131 | M84: =VLOOKUP(L84,'Đơn đặt'!$C$3:$E$275,2,0) -> 11-10-TS | N84: =VLOOKUP(L84,'Đơn đặt'!$C$3:$E$275,3,0) -> 02-2026/TS-AVP/ĐĐH | O84: 46045 | P84: 00000183 | Q84: 700 | R84: 16258.2 | S84: 11380740 | T84: 910459 | U84: =S84+T84 -> 12291199
A85: 46045 | B85: 00000127 | C85: HH-CT00036 | D85: Thùng carton COTAB BC-TĐ | E85: CÔNG TY TNHH MỘT THÀNH VIÊN THUỐC LÁ SÀI GÒN | F85: Cái | G85: 2000 | H85: 19404 | I85: 38808000 | J85: 3104640 | K85: 41912640 | L85: 11-10-TS02-2026/TS-AVP/ĐĐHHH-CT00036 | M85: =VLOOKUP(L85,'Đơn đặt'!$C$3:$E$275,2,0) -> 11-10-TS | N85: =VLOOKUP(L85,'Đơn đặt'!$C$3:$E$275,3,0) -> 02-2026/TS-AVP/ĐĐH | O85: 46045 | P85: 00000183 | Q85: 2000 | R85: 17776.8 | S85: 35553600 | T85: 2844288 | U85: =S85+T85 -> 38397888
A86: 46045 | B86: 00000127 | C86: HH-CT00005 | D86: Thùng carton HÒA BÌNH BC-TĐ | E86: CÔNG TY TNHH MỘT THÀNH VIÊN THUỐC LÁ SÀI GÒN | F86: Cái | G86: 610 | H86: 18953 | I86: 11561330 | J86: 924906 | K86: 12486236 | L86: 11-10-TS02-2026/TS-AVP/ĐĐHHH-CT00005 | M86: =VLOOKUP(L86,'Đơn đặt'!$C$3:$E$275,2,0) -> 11-10-TS | N86: =VLOOKUP(L86,'Đơn đặt'!$C$3:$E$275,3,0) -> 02-2026/TS-AVP/ĐĐH | O86: 46045 | P86: 00000183 | Q86: 610 | R86: 18246.6 | S86: 11130426 | T86: 890434 | U86: =S86+T86 -> 12020860
A87: 46045 | B87: 00000128 | C87: HH-CT00131 | D87: Thùng carton SAIGON Silver Capsule DS BC | E87: CÔNG TY TNHH MỘT THÀNH VIÊN THUỐC LÁ SÀI GÒN | F87: Cái | G87: 1300 | H87: 18291 | I87: 23778300 | J87: 1902264 | K87: 25680564 | L87: 11-10-TS02-2026/TS-AVP/ĐĐHHH-CT00131 | M87: =VLOOKUP(L87,'Đơn đặt'!$C$3:$E$275,2,0) -> 11-10-TS | N87: =VLOOKUP(L87,'Đơn đặt'!$C$3:$E$275,3,0) -> 02-2026/TS-AVP/ĐĐH | O87: 46045 | P87: 00000186 | Q87: 1300 | R87: 16258.2 | S87: 21135660 | T87: 1690853 | U87: =S87+T87 -> 22826513
A88: 46048 | B88: 00000138 | C88: HH-CT00131 | D88: Thùng carton SAIGON Silver Capsule DS BC | E88: CÔNG TY TNHH MỘT THÀNH VIÊN THUỐC LÁ SÀI GÒN | F88: Cái | G88: 2100 | H88: 18291 | I88: 38411100 | J88: 3072888 | K88: 41483988 | L88: 11-10-TS02-2026/TS-AVP/ĐĐHHH-CT00131 | M88: =VLOOKUP(L88,'Đơn đặt'!$C$3:$E$275,2,0) -> 11-10-TS | N88: =VLOOKUP(L88,'Đơn đặt'!$C$3:$E$275,3,0) -> 02-2026/TS-AVP/ĐĐH | O88: 46048 | P88: 00000199 | Q88: 2100 | R88: 16258.2 | S88: 34142220 | T88: 2731378 | U88: =S88+T88 -> 36873598
A89: 46048 | B89: 00000138 | C89: HH-CT00036 | D89: Thùng carton COTAB BC-TĐ | E89: CÔNG TY TNHH MỘT THÀNH VIÊN THUỐC LÁ SÀI GÒN | F89: Cái | G89: 1000 | H89: 19404 | I89: 19404000 | J89: 1552320 | K89: 20956320 | L89: 12-01-TS03-2026/TS-AVP/ĐĐHHH-CT00036 | M89: =VLOOKUP(L89,'Đơn đặt'!$C$3:$E$275,2,0) -> 12-01-TS | N89: =VLOOKUP(L89,'Đơn đặt'!$C$3:$E$275,3,0) -> 03-2026/TS-AVP/ĐĐH | O89: 46048 | P89: 00000199 | Q89: 1000 | R89: 17776.8 | S89: 17776800 | T89: 1422144 | U89: =S89+T89 -> 19198944
A90: 46048 | B90: 00000138 | C90: HH-CT00104 | D90: Thùng carton MEMORY Menthol RC | E90: CÔNG TY TNHH MỘT THÀNH VIÊN THUỐC LÁ SÀI GÒN | F90: Cái | G90: 300 | H90: 17325 | I90: 5197500 | J90: 415800 | K90: 5613300 | L90: 01-04-TS07-2026/TS-AVP/ĐĐHHH-CT00104 | M90: =VLOOKUP(L90,'Đơn đặt'!$C$3:$E$275,2,0) -> 01-04-TS | N90: =VLOOKUP(L90,'Đơn đặt'!$C$3:$E$275,3,0) -> 07-2026/TS-AVP/ĐĐH | O90: 46048 | P90: 00000199 | Q90: 300 | R90: 17241 | S90: 5172300 | T90: 413784 | U90: =S90+T90 -> 5586084
A91: 46048 | B91: 00000139 | C91: HH-CT00131 | D91: Thùng carton SAIGON Silver Capsule DS BC | E91: CÔNG TY TNHH MỘT THÀNH VIÊN THUỐC LÁ SÀI GÒN | F91: Cái | G91: 1200 | H91: 18291 | I91: 21949200 | J91: 1755936 | K91: 23705136 | L91: 11-10-TS02-2026/TS-AVP/ĐĐHHH-CT00131 | M91: =VLOOKUP(L91,'Đơn đặt'!$C$3:$E$275,2,0) -> 11-10-TS | N91: =VLOOKUP(L91,'Đơn đặt'!$C$3:$E$275,3,0) -> 02-2026/TS-AVP/ĐĐH | O91: 46048 | P91: 00000197 | Q91: 1200 | R91: 16258.2 | S91: 19509840 | T91: 1560787 | U91: =S91+T91 -> 21070627
A92: 46048 | B92: 00000139 | C92: HH-CT00025 | D92: Thùng carton ERA Premium - OD | E92: CÔNG TY TNHH MỘT THÀNH VIÊN THUỐC LÁ SÀI GÒN | F92: Cái | G92: 2000 | H92: 19310 | I92: 38620000 | J92: 3089600 | K92: 41709600 | L92: 01-02-TS04-2026/TS-AVP/ĐĐHHH-CT00025 | M92: =VLOOKUP(L92,'Đơn đặt'!$C$3:$E$275,2,0) -> 01-02-TS | N92: =VLOOKUP(L92,'Đơn đặt'!$C$3:$E$275,3,0) -> 04-2026/TS-AVP/ĐĐH | O92: 46048 | P92: 00000197 | Q92: 2000 | R92: 17438 | S92: 34876000 | T92: 2790080 | U92: =S92+T92 -> 37666080
... A96: 46048 | B96: 00000140 | C96: HH-CT00008 | D96: Thùng carton SAIGON Silver DS-B-TĐ | E96: CÔNG TY TNHH MỘT THÀNH VIÊN THUỐC LÁ SÀI GÒN | F96: Cái | G96: 1000 | H96: 18291 | I96: 18291000 | J96: 1463280 | K96: 19754280 | L96: 11-10-TS137-2025/TS-AVP/ĐĐHHH-CT00008 | M96: =VLOOKUP(L96,'Đơn đặt'!$C$3:$E$275,2,0) -> 11-10-TS | N96: =VLOOKUP(L96,'Đơn đặt'!$C$3:$E$275,3,0) -> 137-2025/TS-AVP/ĐĐH | O96: 46048 | P96: 00000198 | Q96: 1000 | R96: 14018.2 | S96: 14018200 | T96: 1121456 | U96: =S96+T96 -> 15139656
A97: 46048 | B97: 00000143 | C97: HH-CT00131 | D97: Thùng carton SAIGON Silver Capsule DS BC | E97: CÔNG TY TNHH MỘT THÀNH VIÊN THUỐC LÁ SÀI GÒN | F97: Cái | G97: 510 | H97: 18291 | I97: =ROUND(G97*H97,0) -> 9328410 | J97: =ROUND(I97*0.08,0) -> 746273 | K97: =I97+J97 -> 10074683 | L97: 11-10-TS02-2026/TS-AVP/ĐĐHHH-CT00131 | M97: =VLOOKUP(L97,'Đơn đặt'!$C$3:$E$275,2,0) -> 11-10-TS | N97: =VLOOKUP(L97,'Đơn đặt'!$C$3:$E$275,3,0) -> 02-2026/TS-AVP/ĐĐH | O97: 46048 | P97: 00000210 | Q97: 510 | R97: 16258.2 | S97: =ROUND(Q97*R97,0) -> 8291682 | T97: =ROUND(S97*0.08,0) -> 663335 | U97: =S97+T97 -> 8955017
A98: 46048 | B98: 00000143 | C98: HH-CT00131 | D98: Thùng carton SAIGON Silver Capsule DS BC | E98: CÔNG TY TNHH MỘT THÀNH VIÊN THUỐC LÁ SÀI GÒN | F98: Cái | G98: 2000 | H98: 18291 | I98: =ROUND(G98*H98,0) -> 36582000 | J98: =ROUND(I98*0.08,0) -> 2926560 | K98: =I98+J98 -> 39508560 | L98: 12-01-TS03-2026/TS-AVP/ĐĐHHH-CT00131 | M98: =VLOOKUP(L98,'Đơn đặt'!$C$3:$E$275,2,0) -> 12-01-TS | N98: =VLOOKUP(L98,'Đơn đặt'!$C$3:$E$275,3,0) -> 03-2026/TS-AVP/ĐĐH | O98: 46048 | P98: 00000210 | Q98: 2000 | R98: 16258.2 | S98: =ROUND(Q98*R98,0) -> 32516400 | T98: =ROUND(S98*0.08,0) -> 2601312 | U98: =S98+T98 -> 35117712
A99: 46048 | B99: 00000143 | C99: HH-CT00036 | D99: Thùng carton COTAB BC-TĐ | E99: CÔNG TY TNHH MỘT THÀNH VIÊN THUỐC LÁ SÀI GÒN | F99: Cái | G99: 1000 | H99: 19404 | I99: 19404000 | J99: 1552320 | K99: 20956320 | L99: 12-01-TS03-2026/TS-AVP/ĐĐHHH-CT00036 | M99: =VLOOKUP(L99,'Đơn đặt'!$C$3:$E$275,2,0) -> 12-01-TS | N99: =VLOOKUP(L99,'Đơn đặt'!$C$3:$E$275,3,0) -> 03-2026/TS-AVP/ĐĐH | O99: 46048 | P99: 00000210 | Q99: 1000 | R99: 17776.8 | S99: 17776800 | T99: 1422144 | U99: =S99+T99 -> 19198944
A100: 46048 | B100: 00000144 | C100: HH-CT00025 | D100: Thùng carton ERA Premium - OD | E100: CÔNG TY TNHH MỘT THÀNH VIÊN THUỐC LÁ SÀI GÒN | F100: Cái | G100: 2000 | H100: 19310 | I100: 38620000 | J100: 3089600 | K100: 41709600 | L100: 01-02-TS04-2026/TS-AVP/ĐĐHHH-CT00025 | M100: =VLOOKUP(L100,'Đơn đặt'!$C$3:$E$275,2,0) -> 01-02-TS | N100: =VLOOKUP(L100,'Đơn đặt'!$C$3:$E$275,3,0) -> 04-2026/TS-AVP/ĐĐH | O100: 46048 | P100: 00000211 | Q100: 2000 | R100: 17438 | S100: 34876000 | T100: 2790080 | U100: =S100+T100 -> 37666080
A101: 46048 | B101: 00000144 | C101: HH-CT00005 | D101: Thùng carton HÒA BÌNH BC-TĐ | E101: CÔNG TY TNHH MỘT THÀNH VIÊN THUỐC LÁ SÀI GÒN | F101: Cái | G101: 2000 | H101: 18953 | I101: 37906000 | J101: 3032480 | K101: 40938480 | L101: 12-01-TS03-2026/TS-AVP/ĐĐHHH-CT00005 | M101: =VLOOKUP(L101,'Đơn đặt'!$C$3:$E$275,2,0) -> 12-01-TS | N101: =VLOOKUP(L101,'Đơn đặt'!$C$3:$E$275,3,0) -> 03-2026/TS-AVP/ĐĐH | O101: 46048 | P101: 00000211 | Q101: 2000 | R101: 18246.6 | S101: 36493200 | T101: 2919456 | U101: =S101+T101 -> 39412656
A102: 46048 | B102: 00000145 | C102: HH-CT00007 | D102: Thùng carton SAIGON Silver DS-TĐ | E102: CÔNG TY TNHH MỘT THÀNH VIÊN THUỐC LÁ SÀI GÒN | F102: Cái | G102: 4000 | H102: 18291 | I102: 73164000 | J102: 5853120 | K102: 79017120 | L102: 12-01-TS09-2026/TS-AVP/ĐĐHHH-CT00007 | M102: =VLOOKUP(L102,'Đơn đặt'!$C$3:$E$275,2,0) -> 12-01-TS | N102: =VLOOKUP(L102,'Đơn đặt'!$C$3:$E$275,3,0) -> 09-2026/TS-AVP/ĐĐH | O102: 46048 | P102: 00000208 | Q102: 4000 | R102: 14482.2 | S102: 57928800 | T102: 4634304 | U102: =S102+T102 -> 62563104
A103: 46048 | B103: 00000145 | C103: HH-CT00008 | D103: Thùng carton SAIGON Silver DS-B-TĐ | E103: CÔNG TY TNHH MỘT THÀNH VIÊN THUỐC LÁ SÀI GÒN | F103: Cái | G103: 1000 | H103: 18291 | I103: 18291000 | J103: 1463280 | K103: 19754280 | L103: 11-10-TS137-2025/TS-AVP/ĐĐHHH-CT00008 | M103: =VLOOKUP(L103,'Đơn đặt'!$C$3:$E$275,2,0) -> 11-10-TS | N103: =VLOOKUP(L103,'Đơn đặt'!$C$3:$E$275,3,0) -> 137-2025/TS-AVP/ĐĐH | O103: 46048 | P103: 00000209 | Q103: 1000 | R103: 14018.2 | S103: 14018200 | T103: 1121456 | U103: =S103+T103 -> 15139656
A104: 46048 | B104: 00000145 | C104: HH-CT00064 | D104: Thùng carton GREENHILL 100SP MENTHOL | E104: CÔNG TY TNHH MỘT THÀNH VIÊN THUỐC LÁ SÀI GÒN | F104: Cái | G104: 1000 | H104: 21777 | I104: 21777000 | J104: 1742160 | K104: 23519160 | L104: 01-13-TS16-2026/TS-AVP/ĐĐHHH-CT00064 | M104: =VLOOKUP(L104,'Đơn đặt'!$C$3:$E$275,2,0) -> 01-13-TS | N104: =VLOOKUP(L104,'Đơn đặt'!$C$3:$E$275,3,0) -> 16-2026/TS-AVP/ĐĐH | O104: 46048 | P104: 00000209 | Q104: 1000 | R104: 19723.4 | S104: 19723400 | T104: 1577872 | U104: =S104+T104 -> 21301272
A105: 46049 | B105: 00000153 | C105: HH-CT00007 | D105: Thùng carton SAIGON Silver DS-TĐ | E105: CÔNG TY TNHH MỘT THÀNH VIÊN THUỐC LÁ SÀI GÒN | F105: Cái | G105: 4000 | H105: 18291 | I105: 73164000 | J105: 5853120 | K105: 79017120 | L105: 12-01-TS09-2026/TS-AVP/ĐĐHHH-CT00007 | M105: =VLOOKUP(L105,'Đơn đặt'!$C$3:$E$275,2,0) -> 12-01-TS | N105: =VLOOKUP(L105,'Đơn đặt'!$C$3:$E$275,3,0) -> 09-2026/TS-AVP/ĐĐH | O105: 46049 | P105: 00000222 | Q105: 4000 | R105: 14482.2 | S105: 57928800 | T105: 4634304 | U105: =S105+T105 -> 62563104
A106: 46049 | B106: 00000153 | C106: HH-CT00008 | D106: Thùng carton SAIGON Silver DS-B-TĐ | E106: CÔNG TY TNHH MỘT THÀNH VIÊN THUỐC LÁ SÀI GÒN | F106: Cái | G106: 1000 | H106: 18291 | I106: 18291000 | J106: 1463280 | K106: 19754280 | L106: 11-10-TS137-2025/TS-AVP/ĐĐHHH-CT00008 | M106: =VLOOKUP(L106,'Đơn đặt'!$C$3:$E$275,2,0) -> 11-10-TS | N106: =VLOOKUP(L106,'Đơn đặt'!$C$3:$E$275,3,0) -> 137-2025/TS-AVP/ĐĐH | O106: 46049 | P106: 00000221 | Q106: 1000 | R106: 14018.2 | S106: 14018200 | T106: 1121456 | U106: =S106+T106 -> 15139656
A107: 46049 | B107: 00000154 | C107: HH-CT00131 | D107: Thùng carton SAIGON Silver Capsule DS BC | E107: CÔNG TY TNHH MỘT THÀNH VIÊN THUỐC LÁ SÀI GÒN | F107: Cái | G107: 3000 | H107: 18291 | I107: 54873000 | J107: 4389840 | K107: 59262840 | L107: 12-01-TS03-2026/TS-AVP/ĐĐHHH-CT00131 | M107: =VLOOKUP(L107,'Đơn đặt'!$C$3:$E$275,2,0) -> 12-01-TS | N107: =VLOOKUP(L107,'Đơn đặt'!$C$3:$E$275,3,0) -> 03-2026/TS-AVP/ĐĐH | O107: 46049 | P107: 00000224 | Q107: 3000 | R107: 16258.2 | S107: 48774600 | T107: 3901968 | U107: =S107+T107 -> 52676568
A108: 46049 | B108: 00000154 | C108: HH-CT00036 | D108: Thùng carton COTAB BC-TĐ | E108: CÔNG TY TNHH MỘT THÀNH VIÊN THUỐC LÁ SÀI GÒN | F108: Cái | G108: 560 | H108: 19404 | I108: 10866240 | J108: 869299 | K108: 11735539 | L108: 11-10-TS02-2026/TS-AVP/ĐĐHHH-CT00036 | M108: =VLOOKUP(L108,'Đơn đặt'!$C$3:$E$275,2,0) -> 11-10-TS | N108: =VLOOKUP(L108,'Đơn đặt'!$C$3:$E$275,3,0) -> 02-2026/TS-AVP/ĐĐH | O108: 46049 | P108: 00000224 | Q108: 560 | R108: 17776.8 | S108: 9955008 | T108: 796401 | U108: =S108+T108 -> 10751409
A109: 46049 | B109: 00000155 | C109: HH-CT00072 | D109: Thùng carton SÀI GÒN Vàng BC-TĐ | E109: CÔNG TY TNHH MỘT THÀNH VIÊN THUỐC LÁ SÀI GÒN | F109: Cái | G109: 2000 | H109: 20024 | I109: 40048000 | J109: 3203840 | K109: 43251840 | L109: 01-14-TS13-2026/TS-AVP/ĐĐHHH-CT00072 | M109: =VLOOKUP(L109,'Đơn đặt'!$C$3:$E$275,2,0) -> 01-14-TS | N109: =VLOOKUP(L109,'Đơn đặt'!$C$3:$E$275,3,0) -> 13-2026/TS-AVP/ĐĐH | O109: 46049 | P109: 00000223 | Q109: 2000 | R109: 16180.8 | S109: 32361600 | T109: 2588928 | U109: =S109+T109 -> 34950528
A110: 46050 | B110: 00000164 | C110: HH-CT00007 | D110: Thùng carton SAIGON Silver DS-TĐ | E110: CÔNG TY TNHH MỘT THÀNH VIÊN THUỐC LÁ SÀI GÒN | F110: Cái | G110: 4000 | H110: 18291 | I110: 73164000 | J110: 5853120 | K110: 79017120 | L110: 12-01-TS09-2026/TS-AVP/ĐĐHHH-CT00007 | M110: =VLOOKUP(L110,'Đơn đặt'!$C$3:$E$275,2,0) -> 12-01-TS | N110: =VLOOKUP(L110,'Đơn đặt'!$C$3:$E$275,3,0) -> 09-2026/TS-AVP/ĐĐH | O110: 46050 | P110: 00000239 | Q110: 4000 | R110: 14482.2 | S110: 57928800 | T110: 4634304 | U110: =S110+T110 -> 62563104
...

Sheet Đơn đặt
K1: =H14+I14+H15+I15+H16+I16+H17+I17-J14-J15-J16-J17 -> 1458.4
H2: =SUBTOTAL(9,H3:H364) -> 3025750 | I2: =SUBTOTAL(9,I3:I364) -> 0 | J2: =SUBTOTAL(9,J3:J364) -> 0 | K2: =SUBTOTAL(9,K3:K364) -> 1305750
A3: Khách hàng | B3: Ngày đặt | D3: Đơn đặt hàng khách hàng | E3: Đơn đặt hàng AVP | F3: Mã hàng | G3: Tên hàng | H3: Số lượng PO | I3: +-10% theo PO | J3: SL giao hoàn thành | K3: CL | L3: % CHÊNH LỆCH | M3: Mua AVP | N3: CL
A4: Quốc Đại | C4: Hàng thanh lý - ko DDH | F4: HH-CT00133 | G4: Thùng carton GREENHILL 100SP FF
A5: Bắc Sơn | B5: 46084 | C5: =D5&E5&F5 -> 15126/YFY/01HH-CT00149 | D5: 151 | E5: 26/YFY/01 | F5: HH-CT00149 | G5: Thùng V5 (Red-XK) C5-15 | H5: 1000 | J5: =SUMIFS('SỔ CHI TIẾT BÁN HÀNG'!$G$5:$G$2062,'SỔ CHI TIẾT BÁN HÀNG'!$C$5:$C$2062,'Đơn đặt'!F5,'SỔ CHI TIẾT BÁN HÀNG'!$L$5:$L$2062,'Đơn đặt'!C5) -> 1000 | K5: =H5+I5-J5 -> 0 | M5: =IF(E5="Hàng SX",0,SUMIFS('SỔ CHI TIẾT BÁN HÀNG'!$Q$5:$Q$2863,'SỔ CHI TIẾT BÁN HÀNG'!$C$5:$C$2863,'Đơn đặt'!F5,'SỔ CHI TIẾT BÁN HÀNG'!$N$5:$N$2863,'Đơn đặt'!E5)) -> 1000 | N5: =IF(E5="Hàng SX",0,H5-M5) -> 0 | P5: ok
A6: Bắc Sơn | B6: 46084 | C6: =D6&E6&F6 -> 151a26/TB/01HH-NT00038 | D6: 151a | E6: 26/TB/01 | F6: HH-NT00038 | G6: Nhãn BlueSky (Red-XK) | H6: 27000 | J6: =SUMIFS('SỔ CHI TIẾT BÁN HÀNG'!$G$5:$G$2062,'SỔ CHI TIẾT BÁN HÀNG'!$C$5:$C$2062,'Đơn đặt'!F6,'SỔ CHI TIẾT BÁN HÀNG'!$L$5:$L$2062,'Đơn đặt'!C6) -> 27000 | K6: =H6+I6-J6 -> 0 | M6: =IF(E6="Hàng SX",0,SUMIFS('SỔ CHI TIẾT BÁN HÀNG'!$Q$5:$Q$2863,'SỔ CHI TIẾT BÁN HÀNG'!$C$5:$C$2863,'Đơn đặt'!F6,'SỔ CHI TIẾT BÁN HÀNG'!$N$5:$N$2863,'Đơn đặt'!E6)) -> 27000 | N6: =IF(E6="Hàng SX",0,H6-M6) -> 0 | P6: ok
A7: Bắc Sơn | B7: 46084 | C7: =D7&E7&F7 -> 151a26/TB/01HH-NT00039 | D7: 151a | E7: 26/TB/01 | F7: HH-NT00039 | G7: Nhãn V5 (Red-XK) | H7: 541000 | J7: =SUMIFS('SỔ CHI TIẾT BÁN HÀNG'!$G$5:$G$2062,'SỔ CHI TIẾT BÁN HÀNG'!$C$5:$C$2062,'Đơn đặt'!F7,'SỔ CHI TIẾT BÁN HÀNG'!$L$5:$L$2062,'Đơn đặt'!C7) -> 541000 | K7: =H7+I7-J7 -> 0 | M7: =IF(E7="Hàng SX",0,SUMIFS('SỔ CHI TIẾT BÁN HÀNG'!$Q$5:$Q$2863,'SỔ CHI TIẾT BÁN HÀNG'!$C$5:$C$2863,'Đơn đặt'!F7,'SỔ CHI TIẾT BÁN HÀNG'!$N$5:$N$2863,'Đơn đặt'!E7)) -> 541000 | N7: =IF(E7="Hàng SX",0,H7-M7) -> 0 | P7: ok
A8: Bắc Sơn | B8: 46120 | C8: =D8&E8&F8 -> 23226/YFY/02HH-CT00149 | D8: 232 | E8: 26/YFY/02 | F8: HH-CT00149 | G8: Thùng V5 (Red-XK) C5-15 | H8: 700 | J8: =SUMIFS('SỔ CHI TIẾT BÁN HÀNG'!$G$5:$G$2062,'SỔ CHI TIẾT BÁN HÀNG'!$C$5:$C$2062,'Đơn đặt'!F8,'SỔ CHI TIẾT BÁN HÀNG'!$L$5:$L$2062,'Đơn đặt'!C8) -> 700 | K8: =H8+I8-J8 -> 0 | M8: =IF(E8="Hàng SX",0,SUMIFS('SỔ CHI TIẾT BÁN HÀNG'!$Q$5:$Q$2863,'SỔ CHI TIẾT BÁN HÀNG'!$C$5:$C$2863,'Đơn đặt'!F8,'SỔ CHI TIẾT BÁN HÀNG'!$N$5:$N$2863,'Đơn đặt'!E8)) -> 700 | N8: =IF(E8="Hàng SX",0,H8-M8) -> 0 | P8: ok
A9: Bắc Sơn | B9: 46120 | C9: =D9&E9&F9 -> 23226/YFY/02HH-CT00150 | D9: 232 | E9: 26/YFY/02 | F9: HH-CT00150 | G9: Thùng Laguna (Red-XK) C5-16 | H9: 350 | J9: =SUMIFS('SỔ CHI TIẾT BÁN HÀNG'!$G$5:$G$2062,'SỔ CHI TIẾT BÁN HÀNG'!$C$5:$C$2062,'Đơn đặt'!F9,'SỔ CHI TIẾT BÁN HÀNG'!$L$5:$L$2062,'Đơn đặt'!C9) -> 350 | K9: =H9+I9-J9 -> 0 | M9: =IF(E9="Hàng SX",0,SUMIFS('SỔ CHI TIẾT BÁN HÀNG'!$Q$5:$Q$2863,'SỔ CHI TIẾT BÁN HÀNG'!$C$5:$C$2863,'Đơn đặt'!F9,'SỔ CHI TIẾT BÁN HÀNG'!$N$5:$N$2863,'Đơn đặt'!E9)) -> 350 | N9: =IF(E9="Hàng SX",0,H9-M9) -> 0 | P9: ok
A10: Bắc Sơn | B10: 46120 | C10: =D10&E10&F10 -> 232a26/TB/02HH-NT00039 | D10: 232a | E10: 26/TB/02 | F10: HH-NT00039 | G10: Nhãn V5 (Red-XK) | H10: 351000 | J10: =SUMIFS('SỔ CHI TIẾT BÁN HÀNG'!$G$5:$G$2062,'SỔ CHI TIẾT BÁN HÀNG'!$C$5:$C$2062,'Đơn đặt'!F10,'SỔ CHI TIẾT BÁN HÀNG'!$L$5:$L$2062,'Đơn đặt'!C10) -> 351000 | K10: =H10+I10-J10 -> 0 | M10: =IF(E10="Hàng SX",0,SUMIFS('SỔ CHI TIẾT BÁN HÀNG'!$Q$5:$Q$2863,'SỔ CHI TIẾT BÁN HÀNG'!$C$5:$C$2863,'Đơn đặt'!F10,'SỔ CHI TIẾT BÁN HÀNG'!$N$5:$N$2863,'Đơn đặt'!E10)) -> 351000 | N10: =IF(E10="Hàng SX",0,H10-M10) -> 0 | P10: ok
A11: Bắc Sơn | B11: 46120 | C11: =D11&E11&F11 -> 232a26/TB/02HH-NT00040 | D11: 232a | E11: 26/TB/02 | F11: HH-NT00040 | G11: Nhãn Laguna (Red-XK) | H11: 183000 | J11: =SUMIFS('SỔ CHI TIẾT BÁN HÀNG'!$G$5:$G$2062,'SỔ CHI TIẾT BÁN HÀNG'!$C$5:$C$2062,'Đơn đặt'!F11,'SỔ CHI TIẾT BÁN HÀNG'!$L$5:$L$2062,'Đơn đặt'!C11) -> 183000 | K11: =H11+I11-J11 -> 0 | M11: =IF(E11="Hàng SX",0,SUMIFS('SỔ CHI TIẾT BÁN HÀNG'!$Q$5:$Q$2863,'SỔ CHI TIẾT BÁN HÀNG'!$C$5:$C$2863,'Đơn đặt'!F11,'SỔ CHI TIẾT BÁN HÀNG'!$N$5:$N$2863,'Đơn đặt'!E11)) -> 183000 | N11: =IF(E11="Hàng SX",0,H11-M11) -> 0 | P11: ok
A12: Bắc Sơn | B12: 46150 | C12: =D12&E12&F12 -> 30126/TB/03HH-NT00039 | D12: 301 | E12: 26/TB/03 | F12: HH-NT00039 | G12: Nhãn V5 (Red-XK) | H12: 541000 | J12: =SUMIFS('SỔ CHI TIẾT BÁN HÀNG'!$G$5:$G$2062,'SỔ CHI TIẾT BÁN HÀNG'!$C$5:$C$2062,'Đơn đặt'!F12,'SỔ CHI TIẾT BÁN HÀNG'!$L$5:$L$2062,'Đơn đặt'!C12) -> 541000 | K12: =H12+I12-J12 -> 0 | M12: =IF(E12="Hàng SX",0,SUMIFS('SỔ CHI TIẾT BÁN HÀNG'!$Q$5:$Q$2863,'SỔ CHI TIẾT BÁN HÀNG'!$C$5:$C$2863,'Đơn đặt'!F12,'SỔ CHI TIẾT BÁN HÀNG'!$N$5:$N$2863,'Đơn đặt'!E12)) -> 541000 | N12: =IF(E12="Hàng SX",0,H12-M12) -> 0 | P12: ok
A13: Bắc Sơn | B13: 46150 | C13: =D13&E13&F13 -> 301a26/YFY/03HH-CT00149 | D13: 301a | E13: 26/YFY/03 | F13: HH-CT00149 | G13: Thùng V5 (Red-XK) C5-15 | H13: 1070 | J13: =SUMIFS('SỔ CHI TIẾT BÁN HÀNG'!$G$5:$G$2062,'SỔ CHI TIẾT BÁN HÀNG'!$C$5:$C$2062,'Đơn đặt'!F13,'SỔ CHI TIẾT BÁN HÀNG'!$L$5:$L$2062,'Đơn đặt'!C13) -> 1070 | K13: =H13+I13-J13 -> 0 | M13: =IF(E13="Hàng SX",0,SUMIFS('SỔ CHI TIẾT BÁN HÀNG'!$Q$5:$Q$2863,'SỔ CHI TIẾT BÁN HÀNG'!$C$5:$C$2863,'Đơn đặt'!F13,'SỔ CHI TIẾT BÁN HÀNG'!$N$5:$N$2863,'Đơn đặt'!E13)) -> 1070 | N13: =IF(E13="Hàng SX",0,H13-M13) -> 0 | P13: ok
A14: Thanh Hoá | B14: 46031 | C14: =D14&E14&F14 -> 01/TS/26Hàng SXTP-LG00004-TH | D14: 01/TS/26 | E14: Hàng SX | F14: TP-LG00004-TH | G14: Lưỡi gà trắng 95mm x 800m x 230 (±3%) gsm (LGTTS-002) | H14: 5000 | I14: 244 | J14: =SUMIFS('SỔ CHI TIẾT BÁN HÀNG'!$G$5:$G$2062,'SỔ CHI TIẾT BÁN HÀNG'!$C$5:$C$2062,'Đơn đặt'!F14,'SỔ CHI TIẾT BÁN HÀNG'!$L$5:$L$2062,'Đơn đặt'!C14) -> 5244 | K14: =H14+I14-J14 -> 0 | L14: =+I14/H14 -> 0.0488 | M14: =IF(E14="Hàng SX",0,SUMIFS('SỔ CHI TIẾT BÁN HÀNG'!$Q$5:$Q$2863,'SỔ CHI TIẾT BÁN HÀNG'!$C$5:$C$2863,'Đơn đặt'!F14,'SỔ CHI TIẾT BÁN HÀNG'!$N$5:$N$2863,'Đơn đặt'!E14)) -> 0 | N14: =IF(E14="Hàng SX",0,H14-M14) -> 0 | P14: ok
A15: Thanh Hoá | B15: 46044 | C15: =D15&E15&F15 -> 02/TS/26Hàng SXTP-LG00004-TH | D15: 02/TS/26 | E15: Hàng SX | F15: TP-LG00004-TH | G15: Lưỡi gà trắng 95mm x 800m x 230 (±3%) gsm (LGTTS-002) | H15: 5000 | I15: 244 | J15: =SUMIFS('SỔ CHI TIẾT BÁN HÀNG'!$G$5:$G$2062,'SỔ CHI TIẾT BÁN HÀNG'!$C$5:$C$2062,'Đơn đặt'!F15,'SỔ CHI TIẾT BÁN HÀNG'!$L$5:$L$2062,'Đơn đặt'!C15) -> 5244 | K15: =H15+I15-J15 -> 0 | L15: =+I15/H15 -> 0.0488 | M15: =IF(E15="Hàng SX",0,SUMIFS('SỔ CHI TIẾT BÁN HÀNG'!$Q$5:$Q$2863,'SỔ CHI TIẾT BÁN HÀNG'!$C$5:$C$2863,'Đơn đặt'!F15,'SỔ CHI TIẾT BÁN HÀNG'!$N$5:$N$2863,'Đơn đặt'!E15)) -> 0 | N15: =IF(E15="Hàng SX",0,H15-M15) -> 0 | P15: ok
A16: Thanh Hoá | B16: 46101 | C16: =D16&E16&F16 -> 03/TS/26Hàng SXTP-LG00004-TH | D16: 03/TS/26 | E16: Hàng SX | F16: TP-LG00004-TH | G16: Lưỡi gà trắng 95mm x 800m x 230 (±3%) gsm (LGTTS-002) | H16: 5000 | I16: 244 | J16: =SUMIFS('SỔ CHI TIẾT BÁN HÀNG'!$G$5:$G$2062,'SỔ CHI TIẾT BÁN HÀNG'!$C$5:$C$2062,'Đơn đặt'!F16,'SỔ CHI TIẾT BÁN HÀNG'!$L$5:$L$2062,'Đơn đặt'!C16) -> 5244 | K16: =H16+I16-J16 -> 0 | L16: =+I16/H16 -> 0.0488 | M16: =IF(E16="Hàng SX",0,SUMIFS('SỔ CHI TIẾT BÁN HÀNG'!$Q$5:$Q$2863,'SỔ CHI TIẾT BÁN HÀNG'!$C$5:$C$2863,'Đơn đặt'!F16,'SỔ CHI TIẾT BÁN HÀNG'!$N$5:$N$2863,'Đơn đặt'!E16)) -> 0 | N16: =IF(E16="Hàng SX",0,H16-M16) -> 0 | P16: ok
A17: Thanh Hoá | B17: 46129 | C17: =D17&E17&F17 -> 04/TS/26Hàng SXTP-LG00004-TH | D17: 04/TS/26 | E17: Hàng SX | F17: TP-LG00004-TH | G17: Lưỡi gà trắng 95mm x 800m x 230 (±3%) gsm (LGTTS-002) | H17: 8000 | I17: =H17*10% -> 800 | J17: =SUMIFS('SỔ CHI TIẾT BÁN HÀNG'!$G$5:$G$2062,'SỔ CHI TIẾT BÁN HÀNG'!$C$5:$C$2062,'Đơn đặt'!F17,'SỔ CHI TIẾT BÁN HÀNG'!$L$5:$L$2062,'Đơn đặt'!C17) -> 7341.6 | K17: =H17+I17-J17 -> 1458.4 | L17: =+I17/H17 -> 0.1 | M17: =IF(E17="Hàng SX",0,SUMIFS('SỔ CHI TIẾT BÁN HÀNG'!$Q$5:$Q$2863,'SỔ CHI TIẾT BÁN HÀNG'!$C$5:$C$2863,'Đơn đặt'!F17,'SỔ CHI TIẾT BÁN HÀNG'!$N$5:$N$2863,'Đơn đặt'!E17)) -> 0 | N17: =IF(E17="Hàng SX",0,H17-M17) -> 0 | P17: ok
A18: Thăng Long | B18: 46038 | C18: =D18&E18&F18 -> 82Hàng SXTP-LG00003-TL | D18: 82 | E18: Hàng SX | F18: TP-LG00003-TL | G18: Lưỡi gà trắng 95mm x 800m x 210 (±3%) gsm (LGTPS-002) | H18: 120 | J18: =SUMIFS('SỔ CHI TIẾT BÁN HÀNG'!$G$5:$G$2062,'SỔ CHI TIẾT BÁN HÀNG'!$C$5:$C$2062,'Đơn đặt'!F18,'SỔ CHI TIẾT BÁN HÀNG'!$L$5:$L$2062,'Đơn đặt'!C18) -> 120 | K18: =H18+I18-J18 -> 0 | M18: =IF(E18="Hàng SX",0,SUMIFS('SỔ CHI TIẾT BÁN HÀNG'!$Q$5:$Q$2863,'SỔ CHI TIẾT BÁN HÀNG'!$C$5:$C$2863,'Đơn đặt'!F18,'SỔ CHI TIẾT BÁN HÀNG'!$N$5:$N$2863,'Đơn đặt'!E18)) -> 0 | N18: =IF(E18="Hàng SX",0,H18-M18) -> 0 | P18: ok
A19: Thăng Long | B19: 46038 | C19: =D19&E19&F19 -> 82Hàng SXTP-LG00002 | D19: 82 | E19: Hàng SX | F19: TP-LG00002 | G19: Lưỡi gà trắng 71mm x 800m x 210 (±3%) gsm (LGTPS-002) | H19: 1800 | J19: =SUMIFS('SỔ CHI TIẾT BÁN HÀNG'!$G$5:$G$2062,'SỔ CHI TIẾT BÁN HÀNG'!$C$5:$C$2062,'Đơn đặt'!F19,'SỔ CHI TIẾT BÁN HÀNG'!$L$5:$L$2062,'Đơn đặt'!C19) -> 1800 | K19: =H19+I19-J19 -> 0 | M19: =IF(E19="Hàng SX",0,SUMIFS('SỔ CHI TIẾT BÁN HÀNG'!$Q$5:$Q$2863,'SỔ CHI TIẾT BÁN HÀNG'!$C$5:$C$2863,'Đơn đặt'!F19,'SỔ CHI TIẾT BÁN HÀNG'!$N$5:$N$2863,'Đơn đặt'!E19)) -> 0 | N19: =IF(E19="Hàng SX",0,H19-M19) -> 0 | P19: ok
A20: Thăng Long | B20: 46055 | C20: =D20&E20&F20 -> 128Hàng SXTP-LG00003-TL | D20: 128 | E20: Hàng SX | F20: TP-LG00003-TL | G20: Lưỡi gà trắng 95mm x 800m x 210 (±3%) gsm (LGTPS-002) | H20: 60 | J20: =SUMIFS('SỔ CHI TIẾT BÁN HÀNG'!$G$5:$G$2062,'SỔ CHI TIẾT BÁN HÀNG'!$C$5:$C$2062,'Đơn đặt'!F20,'SỔ CHI TIẾT BÁN HÀNG'!$L$5:$L$2062,'Đơn đặt'!C20) -> 60 | K20: =H20+I20-J20 -> 0 | M20: =IF(E20="Hàng SX",0,SUMIFS('SỔ CHI TIẾT BÁN HÀNG'!$Q$5:$Q$2863,'SỔ CHI TIẾT BÁN HÀNG'!$C$5:$C$2863,'Đơn đặt'!F20,'SỔ CHI TIẾT BÁN HÀNG'!$N$5:$N$2863,'Đơn đặt'!E20)) -> 0 | N20: =IF(E20="Hàng SX",0,H20-M20) -> 0 | P20: ok
A21: Thăng Long | B21: 46055 | C21: =D21&E21&F21 -> 128Hàng SXTP-LG00002 | D21: 128 | E21: Hàng SX | F21: TP-LG00002 | G21: Lưỡi gà trắng 71mm x 800m x 210 (±3%) gsm (LGTPS-002) | H21: =240+600*2 -> 1440 | J21: =SUMIFS('SỔ CHI TIẾT BÁN HÀNG'!$G$5:$G$2062,'SỔ CHI TIẾT BÁN HÀNG'!$C$5:$C$2062,'Đơn đặt'!F21,'SỔ CHI TIẾT BÁN HÀNG'!$L$5:$L$2062,'Đơn đặt'!C21) -> 1440 | K21: =H21+I21-J21 -> 0 | M21: =IF(E21="Hàng SX",0,SUMIFS('SỔ CHI TIẾT BÁN HÀNG'!$Q$5:$Q$2863,'SỔ CHI TIẾT BÁN HÀNG'!$C$5:$C$2863,'Đơn đặt'!F21,'SỔ CHI TIẾT BÁN HÀNG'!$N$5:$N$2863,'Đơn đặt'!E21)) -> 0 | N21: =IF(E21="Hàng SX",0,H21-M21) -> 0 | P21: ok
A22: Thăng Long | B22: 46055 | C22: =D22&E22&F22 -> 128Hàng SXTP-LG00004-TL | D22: 128 | E22: Hàng SX | F22: TP-LG00004-TL | G22: Lưỡi gà trắng 91mm x 800m x 210 (±3%) gsm (LGTPS-002) | H22: 30 | J22: =SUMIFS('SỔ CHI TIẾT BÁN HÀNG'!$G$5:$G$2062,'SỔ CHI TIẾT BÁN HÀNG'!$C$5:$C$2062,'Đơn đặt'!F22,'SỔ CHI TIẾT BÁN HÀNG'!$L$5:$L$2062,'Đơn đặt'!C22) -> 30 | K22: =H22+I22-J22 -> 0 | M22: =IF(E22="Hàng SX",0,SUMIFS('SỔ CHI TIẾT BÁN HÀNG'!$Q$5:$Q$2863,'SỔ CHI TIẾT BÁN HÀNG'!$C$5:$C$2863,'Đơn đặt'!F22,'SỔ CHI TIẾT BÁN HÀNG'!$N$5:$N$2863,'Đơn đặt'!E22)) -> 0 | N22: =IF(E22="Hàng SX",0,H22-M22) -> 0 | P22: ok
A23: Thăng Long | B23: 46079 | C23: =D23&E23&F23 -> 184Hàng SXTP-LG00003-TL | D23: 184 | E23: Hàng SX | F23: TP-LG00003-TL | G23: Lưỡi gà trắng 95mm x 800m x 210 (±3%) gsm (LGTPS-002) | H23: 120 | J23: =SUMIFS('SỔ CHI TIẾT BÁN HÀNG'!$G$5:$G$2062,'SỔ CHI TIẾT BÁN HÀNG'!$C$5:$C$2062,'Đơn đặt'!F23,'SỔ CHI TIẾT BÁN HÀNG'!$L$5:$L$2062,'Đơn đặt'!C23) -> 120 | K23: =H23+I23-J23 -> 0 | M23: =IF(E23="Hàng SX",0,SUMIFS('SỔ CHI TIẾT BÁN HÀNG'!$Q$5:$Q$2863,'SỔ CHI TIẾT BÁN HÀNG'!$C$5:$C$2863,'Đơn đặt'!F23,'SỔ CHI TIẾT BÁN HÀNG'!$N$5:$N$2863,'Đơn đặt'!E23)) -> 0 | N23: =IF(E23="Hàng SX",0,H23-M23) -> 0 | P23: ok
A24: Thăng Long | B24: 46093 | C24: =D24&E24&F24 -> 239Hàng SXTP-LG00003-TL | D24: 239 | E24: Hàng SX | F24: TP-LG00003-TL | G24: Lưỡi gà trắng 95mm x 800m x 210 (±3%) gsm (LGTPS-002) | H24: 180 | J24: =SUMIFS('SỔ CHI TIẾT BÁN HÀNG'!$G$5:$G$2062,'SỔ CHI TIẾT BÁN HÀNG'!$C$5:$C$2062,'Đơn đặt'!F24,'SỔ CHI TIẾT BÁN HÀNG'!$L$5:$L$2062,'Đơn đặt'!C24) -> 180 | K24: =H24+I24-J24 -> 0 | M24: =IF(E24="Hàng SX",0,SUMIFS('SỔ CHI TIẾT BÁN HÀNG'!$Q$5:$Q$2863,'SỔ CHI TIẾT BÁN HÀNG'!$C$5:$C$2863,'Đơn đặt'!F24,'SỔ CHI TIẾT BÁN HÀNG'!$N$5:$N$2863,'Đơn đặt'!E24)) -> 0 | N24: =IF(E24="Hàng SX",0,H24-M24) -> 0 | P24: ok
A25: Thăng Long | B25: 46093 | C25: =D25&E25&F25 -> 239Hàng SXTP-LG00005 | D25: 239 | E25: Hàng SX | F25: TP-LG00005 | G25: Lưỡi gà trắng 83mm x 800m x 210 (±3%) gsm (LGTPS-002) | H25: 60 | J25: =SUMIFS('SỔ CHI TIẾT BÁN HÀNG'!$G$5:$G$2062,'SỔ CHI TIẾT BÁN HÀNG'!$C$5:$C$2062,'Đơn đặt'!F25,'SỔ CHI TIẾT BÁN HÀNG'!$L$5:$L$2062,'Đơn đặt'!C25) -> 60 | K25: =H25+I25-J25 -> 0 | M25: =IF(E25="Hàng SX",0,SUMIFS('SỔ CHI TIẾT BÁN HÀNG'!$Q$5:$Q$2863,'SỔ CHI TIẾT BÁN HÀNG'!$C$5:$C$2863,'Đơn đặt'!F25,'SỔ CHI TIẾT BÁN HÀNG'!$N$5:$N$2863,'Đơn đặt'!E25)) -> 0 | N25: =IF(E25="Hàng SX",0,H25-M25) -> 0 | P25: ok
A26: Thăng Long | B26: 46093 | C26: =D26&E26&F26 -> 239Hàng SXTP-LG00002 | D26: 239 | E26: Hàng SX | F26: TP-LG00002 | G26: Lưỡi gà trắng 71mm x 800m x 210 (±3%) gsm (LGTPS-002) | H26: 600 | J26: =SUMIFS('SỔ CHI TIẾT BÁN HÀNG'!$G$5:$G$2062,'SỔ CHI TIẾT BÁN HÀNG'!$C$5:$C$2062,'Đơn đặt'!F26,'SỔ CHI TIẾT BÁN HÀNG'!$L$5:$L$2062,'Đơn đặt'!C26) -> 600 | K26: =H26+I26-J26 -> 0 | M26: =IF(E26="Hàng SX",0,SUMIFS('SỔ CHI TIẾT BÁN HÀNG'!$Q$5:$Q$2863,'SỔ CHI TIẾT BÁN HÀNG'!$C$5:$C$2863,'Đơn đặt'!F26,'SỔ CHI TIẾT BÁN HÀNG'!$N$5:$N$2863,'Đơn đặt'!E26)) -> 0 | N26: =IF(E26="Hàng SX",0,H26-M26) -> 0 | P26: ok
A27: Thăng Long | B27: 46108 | C27: =D27&E27&F27 -> 294Hàng SXTP-LG00005-TL | D27: 294 | E27: Hàng SX | F27: TP-LG00005-TL | G27: Lưỡi gà trắng 96.5mm x 800m x 210 (±3%) gsm (LGTPS-002) | H27: 22 | J27: =SUMIFS('SỔ CHI TIẾT BÁN HÀNG'!$G$5:$G$2062,'SỔ CHI TIẾT BÁN HÀNG'!$C$5:$C$2062,'Đơn đặt'!F27,'SỔ CHI TIẾT BÁN HÀNG'!$L$5:$L$2062,'Đơn đặt'!C27) -> 22 | K27: =H27+I27-J27 -> 0 | M27: =IF(E27="Hàng SX",0,SUMIFS('SỔ CHI TIẾT BÁN HÀNG'!$Q$5:$Q$2863,'SỔ CHI TIẾT BÁN HÀNG'!$C$5:$C$2863,'Đơn đặt'!F27,'SỔ CHI TIẾT BÁN HÀNG'!$N$5:$N$2863,'Đơn đặt'!E27)) -> 0 | N27: =IF(E27="Hàng SX",0,H27-M27) -> 0 | P27: ok
A28: Thăng Long | B28: 46113 | C28: =D28&E28&F28 -> 30926/THP/01HH-CT00037 | D28: 309 | E28: 26/THP/01 | F28: HH-CT00037 | G28: Thùng carton C48 5 lớp 15kg | H28: 1000 | J28: =SUMIFS('SỔ CHI TIẾT BÁN HÀNG'!$G$5:$G$2062,'SỔ CHI TIẾT BÁN HÀNG'!$C$5:$C$2062,'Đơn đặt'!F28,'SỔ CHI TIẾT BÁN HÀNG'!$L$5:$L$2062,'Đơn đặt'!C28) -> 1000 | K28: =H28+I28-J28 -> 0 | M28: =IF(E28="Hàng SX",0,SUMIFS('SỔ CHI TIẾT BÁN HÀNG'!$Q$5:$Q$2863,'SỔ CHI TIẾT BÁN HÀNG'!$C$5:$C$2863,'Đơn đặt'!F28,'SỔ CHI TIẾT BÁN HÀNG'!$N$5:$N$2863,'Đơn đặt'!E28)) -> 1000 | N28: =IF(E28="Hàng SX",0,H28-M28) -> 0 | P28: ok
A29: Thăng Long | B29: 46148 | C29: =D29&E29&F29 -> 44426/THP/02HH-CT00037 | D29: 444 | E29: 26/THP/02 | F29: HH-CT00037 | G29: Thùng carton C48 5 lớp 15kg | H29: 2000 | J29: =SUMIFS('SỔ CHI TIẾT BÁN HÀNG'!$G$5:$G$2062,'SỔ CHI TIẾT BÁN HÀNG'!$C$5:$C$2062,'Đơn đặt'!F29,'SỔ CHI TIẾT BÁN HÀNG'!$L$5:$L$2062,'Đơn đặt'!C29) -> 1606 | K29: =H29+I29-J29 -> 394 | M29: =IF(E29="Hàng SX",0,SUMIFS('SỔ CHI TIẾT BÁN HÀNG'!$Q$5:$Q$2863,'SỔ CHI TIẾT BÁN HÀNG'!$C$5:$C$2863,'Đơn đặt'!F29,'SỔ CHI TIẾT BÁN HÀNG'!$N$5:$N$2863,'Đơn đặt'!E29)) -> 1606 | N29: =IF(E29="Hàng SX",0,H29-M29) -> 394 | P29: ok
A30: Sài gòn | B30: 45965 | C30: =D30&E30&F30 -> 11/08/TSC-LTHàng SXTP-LG00008-SG | D30: 11/08/TSC-LT | E30: Hàng SX | F30: TP-LG00008-SG | G30: Giấy lưỡi gà trắng - LGT90-TS 90mm x 800m x 250gsm | H30: 2808 | J30: =SUMIFS('SỔ CHI TIẾT BÁN HÀNG'!$G$5:$G$2062,'SỔ CHI TIẾT BÁN HÀNG'!$C$5:$C$2062,'Đơn đặt'!F30,'SỔ CHI TIẾT BÁN HÀNG'!$L$5:$L$2062,'Đơn đặt'!C30) -> 2808 | K30: =H30+I30-J30 -> 0 | M30: =IF(E30="Hàng SX",0,SUMIFS('SỔ CHI TIẾT BÁN HÀNG'!$Q$5:$Q$2863,'SỔ CHI TIẾT BÁN HÀNG'!$C$5:$C$2863,'Đơn đặt'!F30,'SỔ CHI TIẾT BÁN HÀNG'!$N$5:$N$2863,'Đơn đặt'!E30)) -> 0 | N30: =IF(E30="Hàng SX",0,H30-M30) -> 0 | P30: ok
A31: Sài gòn | B31: 45982 | C31: =D31&E31&F31 -> 11-10-TS136-2025/TS-AVP/ĐĐHHH-CT00072 | D31: 11-10-TS | E31: 136-2025/TS-AVP/ĐĐH | F31: HH-CT00072 | G31: Thùng carton SÀI GÒN Vàng BC-TĐ | H31: 500 | J31: =SUMIFS('SỔ CHI TIẾT BÁN HÀNG'!$G$5:$G$2062,'SỔ CHI TIẾT BÁN HÀNG'!$C$5:$C$2062,'Đơn đặt'!F31,'SỔ CHI TIẾT BÁN HÀNG'!$L$5:$L$2062,'Đơn đặt'!C31) -> 500 | K31: =H31+I31-J31 -> 0 | M31: =IF(E31="Hàng SX",0,SUMIFS('SỔ CHI TIẾT BÁN HÀNG'!$Q$5:$Q$2863,'SỔ CHI TIẾT BÁN HÀNG'!$C$5:$C$2863,'Đơn đặt'!F31,'SỔ CHI TIẾT BÁN HÀNG'!$N$5:$N$2863,'Đơn đặt'!E31)) -> 500 | N31: =IF(E31="Hàng SX",0,H31-M31) -> 0 | P31: ok
A32: Sài gòn | B32: 45982 | C32: =D32&E32&F32 -> 11-10-TS137-2025/TS-AVP/ĐĐHHH-CT00007 | D32: 11-10-TS | E32: 137-2025/TS-AVP/ĐĐH | F32: HH-CT00007 | G32: Thùng carton SAIGON Silver DS-TĐ | H32: 46800 | J32: =SUMIFS('SỔ CHI TIẾT BÁN HÀNG'!$G$5:$G$2062,'SỔ CHI TIẾT BÁN HÀNG'!$C$5:$C$2062,'Đơn đặt'!F32,'SỔ CHI TIẾT BÁN HÀNG'!$L$5:$L$2062,'Đơn đặt'!C32) -> 46800 | K32: =H32+I32-J32 -> 0 | M32: =IF(E32="Hàng SX",0,SUMIFS('SỔ CHI TIẾT BÁN HÀNG'!$Q$5:$Q$2863,'SỔ CHI TIẾT BÁN HÀNG'!$C$5:$C$2863,'Đơn đặt'!F32,'SỔ CHI TIẾT BÁN HÀNG'!$N$5:$N$2863,'Đơn đặt'!E32)) -> 46800 | N32: =IF(E32="Hàng SX",0,H32-M32) -> 0 | P32: ok
A33: Sài gòn | B33: 45982 | C33: =D33&E33&F33 -> 11-10-TS137-2025/TS-AVP/ĐĐHHH-CT00008 | D33: 11-10-TS | E33: 137-2025/TS-AVP/ĐĐH | F33: HH-CT00008 | G33: Thùng carton SAIGON Silver DS-B-TĐ | H33: 9000 | J33: =SUMIFS('SỔ CHI TIẾT BÁN HÀNG'!$G$5:$G$2062,'SỔ CHI TIẾT BÁN HÀNG'!$C$5:$C$2062,'Đơn đặt'!F33,'SỔ CHI TIẾT BÁN HÀNG'!$L$5:$L$2062,'Đơn đặt'!C33) -> 9000 | K33: =H33+I33-J33 -> 0 | M33: =IF(E33="Hàng SX",0,SUMIFS('SỔ CHI TIẾT BÁN HÀNG'!$Q$5:$Q$2863,'SỔ CHI TIẾT BÁN HÀNG'!$C$5:$C$2863,'Đơn đặt'!F33,'SỔ CHI TIẾT BÁN HÀNG'!$N$5:$N$2863,'Đơn đặt'!E33)) -> 9000 | N33: =IF(E33="Hàng SX",0,H33-M33) -> 0 | P33: ok
A34: Sài gòn | B34: 46001 | C34: =D34&E34&F34 -> 12-01-TS146-2025/TS-AVP/ĐĐHHH-CT00072 | D34: 12-01-TS | E34: 146-2025/TS-AVP/ĐĐH | F34: HH-CT00072 | G34: Thùng carton SÀI GÒN Vàng BC-TĐ | H34: 12000 | J34: =SUMIFS('SỔ CHI TIẾT BÁN HÀNG'!$G$5:$G$2062,'SỔ CHI TIẾT BÁN HÀNG'!$C$5:$C$2062,'Đơn đặt'!F34,'SỔ CHI TIẾT BÁN HÀNG'!$L$5:$L$2062,'Đơn đặt'!C34) -> 12000 | K34: =H34+I34-J34 -> 0 | M34: =IF(E34="Hàng SX",0,SUMIFS('SỔ CHI TIẾT BÁN HÀNG'!$Q$5:$Q$2863,'SỔ CHI TIẾT BÁN HÀNG'!$C$5:$C$2863,'Đơn đặt'!F34,'SỔ CHI TIẾT BÁN HÀNG'!$N$5:$N$2863,'Đơn đặt'!E34)) -> 12000 | N34: =IF(E34="Hàng SX",0,H34-M34) -> 0 | P34: ok
A35: Sài gòn | B35: 46014 | C35: =D35&E35&F35 -> 12-09-TS149-2025/TS-AVP/ĐĐHHH-CT00064 | D35: 12-09-TS | E35: 149-2025/TS-AVP/ĐĐH | F35: HH-CT00064 | G35: Thùng carton GREENHILL 100SP MENTHOL | H35: 8000 | J35: =SUMIFS('SỔ CHI TIẾT BÁN HÀNG'!$G$5:$G$2062,'SỔ CHI TIẾT BÁN HÀNG'!$C$5:$C$2062,'Đơn đặt'!F35,'SỔ CHI TIẾT BÁN HÀNG'!$L$5:$L$2062,'Đơn đặt'!C35) -> 8000 | K35: =H35+I35-J35 -> 0 | M35: =IF(E35="Hàng SX",0,SUMIFS('SỔ CHI TIẾT BÁN HÀNG'!$Q$5:$Q$2863,'SỔ CHI TIẾT BÁN HÀNG'!$C$5:$C$2863,'Đơn đặt'!F35,'SỔ CHI TIẾT BÁN HÀNG'!$N$5:$N$2863,'Đơn đặt'!E35)) -> 8000 | N35: =IF(E35="Hàng SX",0,H35-M35) -> 0 | P35: ok
A36: Sài gòn | B36: 46016 | C36: =D36&E36&F36 -> 12-38/TS-LP150-2025/TS-AVP/ĐĐHTP-PE00004 | D36: 12-38/TS-LP | E36: 150-2025/TS-AVP/ĐĐH | F36: TP-PE00004 | G36: Túi PE 52*100cm | H36: 4000 | J36: =SUMIFS('SỔ CHI TIẾT BÁN HÀNG'!$G$5:$G$2062,'SỔ CHI TIẾT BÁN HÀNG'!$C$5:$C$2062,'Đơn đặt'!F36,'SỔ CHI TIẾT BÁN HÀNG'!$L$5:$L$2062,'Đơn đặt'!C36) -> 4000 | K36: =H36+I36-J36 -> 0 | M36: =IF(E36="Hàng SX",0,SUMIFS('SỔ CHI TIẾT BÁN HÀNG'!$Q$5:$Q$2863,'SỔ CHI TIẾT BÁN HÀNG'!$C$5:$C$2863,'Đơn đặt'!F36,'SỔ CHI TIẾT BÁN HÀNG'!$N$5:$N$2863,'Đơn đặt'!E36)) -> 4000 | N36: =IF(E36="Hàng SX",0,H36-M36) -> 0 | P36: ok
A37: Sài gòn | B37: 46016 | C37: =D37&E37&F37 -> 12-38/TS-LP150-2025/TS-AVP/ĐĐHTP-PE00006 | D37: 12-38/TS-LP | E37: 150-2025/TS-AVP/ĐĐH | F37: TP-PE00006 | G37: Túi PE 85 x 70cm | H37: 1000 | J37: =SUMIFS('SỔ CHI TIẾT BÁN HÀNG'!$G$5:$G$2062,'SỔ CHI TIẾT BÁN HÀNG'!$C$5:$C$2062,'Đơn đặt'!F37,'SỔ CHI TIẾT BÁN HÀNG'!$L$5:$L$2062,'Đơn đặt'!C37) -> 1000 | K37: =H37+I37-J37 -> 0 | M37: =IF(E37="Hàng SX",0,SUMIFS('SỔ CHI TIẾT BÁN HÀNG'!$Q$5:$Q$2863,'SỔ CHI TIẾT BÁN HÀNG'!$C$5:$C$2863,'Đơn đặt'!F37,'SỔ CHI TIẾT BÁN HÀNG'!$N$5:$N$2863,'Đơn đặt'!E37)) -> 1000 | N37: =IF(E37="Hàng SX",0,H37-M37) -> 0 | P37: ok
A38: Sài gòn | B38: 46016 | C38: =D38&E38&F38 -> 12-38/TS-LP150-2025/TS-AVP/ĐĐHTP-PE00001 | D38: 12-38/TS-LP | E38: 150-2025/TS-AVP/ĐĐH | F38: TP-PE00001 | G38: Túi PE 54*92cm | H38: 14000 | J38: =SUMIFS('SỔ CHI TIẾT BÁN HÀNG'!$G$5:$G$2062,'SỔ CHI TIẾT BÁN HÀNG'!$C$5:$C$2062,'Đơn đặt'!F38,'SỔ CHI TIẾT BÁN HÀNG'!$L$5:$L$2062,'Đơn đặt'!C38) -> 14000 | K38: =H38+I38-J38 -> 0 | M38: =IF(E38="Hàng SX",0,SUMIFS('SỔ CHI TIẾT BÁN HÀNG'!$Q$5:$Q$2863,'SỔ CHI TIẾT BÁN HÀNG'!$C$5:$C$2863,'Đơn đặt'!F38,'SỔ CHI TIẾT BÁN HÀNG'!$N$5:$N$2863,'Đơn đặt'!E38)) -> 14000 | N38: =IF(E38="Hàng SX",0,H38-M38) -> 0 | P38: ok
A39: Sài gòn | B39: 45965 | C39: =D39&E39&F39 -> 11-04-TS01-2026/TS-AVP/ĐĐHHH-CT00025 | D39: 11-04-TS | E39: 01-2026/TS-AVP/ĐĐH | F39: HH-CT00025 | G39: Thùng carton ERA Premium - OD | H39: 11490 | J39: =SUMIFS('SỔ CHI TIẾT BÁN HÀNG'!$G$5:$G$2062,'SỔ CHI TIẾT BÁN HÀNG'!$C$5:$C$2062,'Đơn đặt'!F39,'SỔ CHI TIẾT BÁN HÀNG'!$L$5:$L$2062,'Đơn đặt'!C39) -> 11490 | K39: =H39+I39-J39 -> 0 | M39: =IF(E39="Hàng SX",0,SUMIFS('SỔ CHI TIẾT BÁN HÀNG'!$Q$5:$Q$2863,'SỔ CHI TIẾT BÁN HÀNG'!$C$5:$C$2863,'Đơn đặt'!F39,'SỔ CHI TIẾT BÁN HÀNG'!$N$5:$N$2863,'Đơn đặt'!E39)) -> 11490 | N39: =IF(E39="Hàng SX",0,H39-M39) -> 0 | P39: ok
A40: Sài gòn | B40: 45965 | C40: =D40&E40&F40 -> 11-04-TS01-2026/TS-AVP/ĐĐHHH-CT00031 | D40: 11-04-TS | E40: 01-2026/TS-AVP/ĐĐH | F40: HH-CT00031 | G40: Thùng carton ERA BLACK MENTHOL | H40: 11430 | J40: =SUMIFS('SỔ CHI TIẾT BÁN HÀNG'!$G$5:$G$2062,'SỔ CHI TIẾT BÁN HÀNG'!$C$5:$C$2062,'Đơn đặt'!F40,'SỔ CHI TIẾT BÁN HÀNG'!$L$5:$L$2062,'Đơn đặt'!C40) -> 11430 | K40: =H40+I40-J40 -> 0 | M40: =IF(E40="Hàng SX",0,SUMIFS('SỔ CHI TIẾT BÁN HÀNG'!$Q$5:$Q$2863,'SỔ CHI TIẾT BÁN HÀNG'!$C$5:$C$2863,'Đơn đặt'!F40,'SỔ CHI TIẾT BÁN HÀNG'!$N$5:$N$2863,'Đơn đặt'!E40)) -> 11430 | N40: =IF(E40="Hàng SX",0,H40-M40) -> 0 | P40: ok
A41: Sài gòn | B41: 45965 | C41: =D41&E41&F41 -> 11-04-TS01-2026/TS-AVP/ĐĐHHH-CT00054 | D41: 11-04-TS | E41: 01-2026/TS-AVP/ĐĐH | F41: HH-CT00054 | G41: Thùng carton ERA FF - OD | H41: 4270 | J41: =SUMIFS('SỔ CHI TIẾT BÁN HÀNG'!$G$5:$G$2062,'SỔ CHI TIẾT BÁN HÀNG'!$C$5:$C$2062,'Đơn đặt'!F41,'SỔ CHI TIẾT BÁN HÀNG'!$L$5:$L$2062,'Đơn đặt'!C41) -> 4270 | K41: =H41+I41-J41 -> 0 | M41: =IF(E41="Hàng SX",0,SUMIFS('SỔ CHI TIẾT BÁN HÀNG'!$Q$5:$Q$2863,'SỔ CHI TIẾT BÁN HÀNG'!$C$5:$C$2863,'Đơn đặt'!F41,'SỔ CHI TIẾT BÁN HÀNG'!$N$5:$N$2863,'Đơn đặt'!E41)) -> 4270 | N41: =IF(E41="Hàng SX",0,H41-M41) -> 0 | P41: ok
... A52: Sài gòn | B52: 46028 | C52: =D52&E52&F52 -> 01-02-TS04-2026/TS-AVP/ĐĐHHH-CT00025 | D52: 01-02-TS | E52: 04-2026/TS-AVP/ĐĐH | F52: HH-CT00025 | G52: Thùng carton ERA Premium - OD | H52: 46000 | J52: =SUMIFS('SỔ CHI TIẾT BÁN HÀNG'!$G$5:$G$2062,'SỔ CHI TIẾT BÁN HÀNG'!$C$5:$C$2062,'Đơn đặt'!F52,'SỔ CHI TIẾT BÁN HÀNG'!$L$5:$L$2062,'Đơn đặt'!C52) -> 46000 | K52: =H52+I52-J52 -> 0 | M52: =IF(E52="Hàng SX",0,SUMIFS('SỔ CHI TIẾT BÁN HÀNG'!$Q$5:$Q$2863,'SỔ CHI TIẾT BÁN HÀNG'!$C$5:$C$2863,'Đơn đặt'!F52,'SỔ CHI TIẾT BÁN HÀNG'!$N$5:$N$2863,'Đơn đặt'!E52)) -> 46000 | N52: =IF(E52="Hàng SX",0,H52-M52) -> 0 | P52: ok
A53: Sài gòn | B53: 46001 | C53: =D53&E53&F53 -> 12-01-TS05-2026/TS-AVP/ĐĐHHH-CT00007 | D53: 12-01-TS | E53: 05-2026/TS-AVP/ĐĐH | F53: HH-CT00007 | G53: Thùng carton SAIGON Silver DS-TĐ | H53: 5000 | J53: =SUMIFS('SỔ CHI TIẾT BÁN HÀNG'!$G$5:$G$2062,'SỔ CHI TIẾT BÁN HÀNG'!$C$5:$C$2062,'Đơn đặt'!F53,'SỔ CHI TIẾT BÁN HÀNG'!$L$5:$L$2062,'Đơn đặt'!C53) -> 5000 | K53: =H53+I53-J53 -> 0 | M53: =IF(E53="Hàng SX",0,SUMIFS('SỔ CHI TIẾT BÁN HÀNG'!$Q$5:$Q$2863,'SỔ CHI TIẾT BÁN HÀNG'!$C$5:$C$2863,'Đơn đặt'!F53,'SỔ CHI TIẾT BÁN HÀNG'!$N$5:$N$2863,'Đơn đặt'!E53)) -> 5000 | N53: =IF(E53="Hàng SX",0,H53-M53) -> 0 | O53: 145-2025/TS-AVP/ĐĐH | P53: ok
A54: Sài gòn | B54: 46001 | C54: =D54&E54&F54 -> 12-01-TS05-2026/TS-AVP/ĐĐHHH-CT00008 | D54: 12-01-TS | E54: 05-2026/TS-AVP/ĐĐH | F54: HH-CT00008 | G54: Thùng carton SAIGON Silver DS-B-TĐ | H54: 1000 | J54: =SUMIFS('SỔ CHI TIẾT BÁN HÀNG'!$G$5:$G$2062,'SỔ CHI TIẾT BÁN HÀNG'!$C$5:$C$2062,'Đơn đặt'!F54,'SỔ CHI TIẾT BÁN HÀNG'!$L$5:$L$2062,'Đơn đặt'!C54) -> 1000 | K54: =H54+I54-J54 -> 0 | M54: =IF(E54="Hàng SX",0,SUMIFS('SỔ CHI TIẾT BÁN HÀNG'!$Q$5:$Q$2863,'SỔ CHI TIẾT BÁN HÀNG'!$C$5:$C$2863,'Đơn đặt'!F54,'SỔ CHI TIẾT BÁN HÀNG'!$N$5:$N$2863,'Đơn đặt'!E54)) -> 1000 | N54: =IF(E54="Hàng SX",0,H54-M54) -> 0 | P54: ok
A55: Sài gòn | B55: 46031 | C55: =D55&E55&F55 -> 01-03-TS06-2026/TS-AVP/ĐĐHHH-CT00095 | D55: 01-03-TS | E55: 06-2026/TS-AVP/ĐĐH | F55: HH-CT00095 | G55: Thùng carton GOLD SEAL 20s Menthol (C) | H55: 495 | J55: =SUMIFS('SỔ CHI TIẾT BÁN HÀNG'!$G$5:$G$2062,'SỔ CHI TIẾT BÁN HÀNG'!$C$5:$C$2062,'Đơn đặt'!F55,'SỔ CHI TIẾT BÁN HÀNG'!$L$5:$L$2062,'Đơn đặt'!C55) -> 495 | K55: =H55+I55-J55 -> 0 | M55: =IF(E55="Hàng SX",0,SUMIFS('SỔ CHI TIẾT BÁN HÀNG'!$Q$5:$Q$2863,'SỔ CHI TIẾT BÁN HÀNG'!$C$5:$C$2863,'Đơn đặt'!F55,'SỔ CHI TIẾT BÁN HÀNG'!$N$5:$N$2863,'Đơn đặt'!E55)) -> 495 | N55: =IF(E55="Hàng SX",0,H55-M55) -> 0 | P55: ok
A56: Sài gòn | B56: 46031 | C56: =D56&E56&F56 -> 01-04-TS07-2026/TS-AVP/ĐĐHHH-CT00031 | D56: 01-04-TS | E56: 07-2026/TS-AVP/ĐĐH | F56: HH-CT00031 | G56: Thùng carton ERA BLACK MENTHOL | H56: 27610 | J56: =SUMIFS('SỔ CHI TIẾT BÁN HÀNG'!$G$5:$G$2062,'SỔ CHI TIẾT BÁN HÀNG'!$C$5:$C$2062,'Đơn đặt'!F56,'SỔ CHI TIẾT BÁN HÀNG'!$L$5:$L$2062,'Đơn đặt'!C56) -> 27610 | K56: =H56+I56-J56 -> 0 | M56: =IF(E56="Hàng SX",0,SUMIFS('SỔ CHI TIẾT BÁN HÀNG'!$Q$5:$Q$2863,'SỔ CHI TIẾT BÁN HÀNG'!$C$5:$C$2863,'Đơn đặt'!F56,'SỔ CHI TIẾT BÁN HÀNG'!$N$5:$N$2863,'Đơn đặt'!E56)) -> 27610 | N56: =IF(E56="Hàng SX",0,H56-M56) -> 0 | P56: ok
A57: Sài gòn | B57: 46031 | C57: =D57&E57&F57 -> 01-04-TS07-2026/TS-AVP/ĐĐHHH-CT00046 | D57: 01-04-TS | E57: 07-2026/TS-AVP/ĐĐH | F57: HH-CT00046 | G57: Thùng carton Era Menthol - OD | H57: 3595 | J57: =SUMIFS('SỔ CHI TIẾT BÁN HÀNG'!$G$5:$G$2062,'SỔ CHI TIẾT BÁN HÀNG'!$C$5:$C$2062,'Đơn đặt'!F57,'SỔ CHI TIẾT BÁN HÀNG'!$L$5:$L$2062,'Đơn đặt'!C57) -> 3595 | K57: =H57+I57-J57 -> 0 | M57: =IF(E57="Hàng SX",0,SUMIFS('SỔ CHI TIẾT BÁN HÀNG'!$Q$5:$Q$2863,'SỔ CHI TIẾT BÁN HÀNG'!$C$5:$C$2863,'Đơn đặt'!F57,'SỔ CHI TIẾT BÁN HÀNG'!$N$5:$N$2863,'Đơn đặt'!E57)) -> 3595 | N57: =IF(E57="Hàng SX",0,H57-M57) -> 0 | P57: ok
A58: Sài gòn | B58: 46031 | C58: =D58&E58&F58 -> 01-04-TS07-2026/TS-AVP/ĐĐHHH-CT00054 | D58: 01-04-TS | E58: 07-2026/TS-AVP/ĐĐH | F58: HH-CT00054 | G58: Thùng carton ERA FF - OD | H58: 9200 | J58: =SUMIFS('SỔ CHI TIẾT BÁN HÀNG'!$G$5:$G$2062,'SỔ CHI TIẾT BÁN HÀNG'!$C$5:$C$2062,'Đơn đặt'!F58,'SỔ CHI TIẾT BÁN HÀNG'!$L$5:$L$2062,'Đơn đặt'!C58) -> 9200 | K58: =H58+I58-J58 -> 0 | M58: =IF(E58="Hàng SX",0,SUMIFS('SỔ CHI TIẾT BÁN HÀNG'!$Q$5:$Q$2863,'SỔ CHI TIẾT BÁN HÀNG'!$C$5:$C$2863,'Đơn đặt'!F58,'SỔ CHI TIẾT BÁN HÀNG'!$N$5:$N$2863,'Đơn đặt'!E58)) -> 9200 | N58: =IF(E58="Hàng SX",0,H58-M58) -> 0 | P58: ok
A59: Sài gòn | B59: 46031 | C59: =D59&E59&F59 -> 01-04-TS07-2026/TS-AVP/ĐĐHHH-CT00061 | D59: 01-04-TS | E59: 07-2026/TS-AVP/ĐĐH | F59: HH-CT00061 | G59: Thùng carton ERA ICE PLUS RC | H59: 4585 | J59: =SUMIFS('SỔ CHI TIẾT BÁN HÀNG'!$G$5:$G$2062,'SỔ CHI TIẾT BÁN HÀNG'!$C$5:$C$2062,'Đơn đặt'!F59,'SỔ CHI TIẾT BÁN HÀNG'!$L$5:$L$2062,'Đơn đặt'!C59) -> 4585 | K59: =H59+I59-J59 -> 0 | M59: =IF(E59="Hàng SX",0,SUMIFS('SỔ CHI TIẾT BÁN HÀNG'!$Q$5:$Q$2863,'SỔ CHI TIẾT BÁN HÀNG'!$C$5:$C$2863,'Đơn đặt'!F59,'SỔ CHI TIẾT BÁN HÀNG'!$N$5:$N$2863,'Đơn đặt'!E59)) -> 4585 | N59: =IF(E59="Hàng SX",0,H59-M59) -> 0 | P59: ok
A60: Sài gòn | B60: 46031 | C60: =D60&E60&F60 -> 01-04-TS07-2026/TS-AVP/ĐĐHHH-CT00103 | D60: 01-04-TS | E60: 07-2026/TS-AVP/ĐĐH | F60: HH-CT00103 | G60: Thùng carton MEMORY Classic RC | H60: 620 | J60: =SUMIFS('SỔ CHI TIẾT BÁN HÀNG'!$G$5:$G$2062,'SỔ CHI TIẾT BÁN HÀNG'!$C$5:$C$2062,'Đơn đặt'!F60,'SỔ CHI TIẾT BÁN HÀNG'!$L$5:$L$2062,'Đơn đặt'!C60) -> 620 | K60: =H60+I60-J60 -> 0 | M60: =IF(E60="Hàng SX",0,SUMIFS('SỔ CHI TIẾT BÁN HÀNG'!$Q$5:$Q$2863,'SỔ CHI TIẾT BÁN HÀNG'!$C$5:$C$2863,'Đơn đặt'!F60,'SỔ CHI TIẾT BÁN HÀNG'!$N$5:$N$2863,'Đơn đặt'!E60)) -> 620 | N60: =IF(E60="Hàng SX",0,H60-M60) -> 0 | P60: ok
A61: Sài gòn | B61: 46031 | C61: =D61&E61&F61 -> 01-04-TS07-2026/TS-AVP/ĐĐHHH-CT00104 | D61: 01-04-TS | E61: 07-2026/TS-AVP/ĐĐH | F61: HH-CT00104 | G61: Thùng carton MEMORY Menthol RC | H61: 300 | J61: =SUMIFS('SỔ CHI TIẾT BÁN HÀNG'!$G$5:$G$2062,'SỔ CHI TIẾT BÁN HÀNG'!$C$5:$C$2062,'Đơn đặt'!F61,'SỔ CHI TIẾT BÁN HÀNG'!$L$5:$L$2062,'Đơn đặt'!C61) -> 300 | K61: =H61+I61-J61 -> 0 | M61: =IF(E61="Hàng SX",0,SUMIFS('SỔ CHI TIẾT BÁN HÀNG'!$Q$5:$Q$2863,'SỔ CHI TIẾT BÁN HÀNG'!$C$5:$C$2863,'Đơn đặt'!F61,'SỔ CHI TIẾT BÁN HÀNG'!$N$5:$N$2863,'Đơn đặt'!E61)) -> 300 | N61: =IF(E61="Hàng SX",0,H61-M61) -> 0 | P61: ok
A62: Sài gòn | B62: 46031 | C62: =D62&E62&F62 -> 01/09/TSC-LTHàng SXTP-LG00008-SG | D62: 01/09/TSC-LT | E62: Hàng SX | F62: TP-LG00008-SG | G62: Giấy lưỡi gà trắng - LGT90-TS 90mm x 800m x 250gsm | H62: 18720 | J62: =SUMIFS('SỔ CHI TIẾT BÁN HÀNG'!$G$5:$G$2062,'SỔ CHI TIẾT BÁN HÀNG'!$C$5:$C$2062,'Đơn đặt'!F62,'SỔ CHI TIẾT BÁN HÀNG'!$L$5:$L$2062,'Đơn đặt'!C62) -> 18720 | K62: =H62+I62-J62 -> 0 | M62: =IF(E62="Hàng SX",0,SUMIFS('SỔ CHI TIẾT BÁN HÀNG'!$Q$5:$Q$2863,'SỔ CHI TIẾT BÁN HÀNG'!$C$5:$C$2863,'Đơn đặt'!F62,'SỔ CHI TIẾT BÁN HÀNG'!$N$5:$N$2863,'Đơn đặt'!E62)) -> 0 | N62: =IF(E62="Hàng SX",0,H62-M62) -> 0 | P62: ok
A63: Sài gòn | B63: 46036 | C63: =D63&E63&F63 -> 01-06-TS08-2026/TS-AVP/ĐĐHHH-CT00095 | D63: 01-06-TS | E63: 08-2026/TS-AVP/ĐĐH | F63: HH-CT00095 | G63: Thùng carton GOLD SEAL 20s Menthol (C) | H63: 2160 | J63: =SUMIFS('SỔ CHI TIẾT BÁN HÀNG'!$G$5:$G$2062,'SỔ CHI TIẾT BÁN HÀNG'!$C$5:$C$2062,'Đơn đặt'!F63,'SỔ CHI TIẾT BÁN HÀNG'!$L$5:$L$2062,'Đơn đặt'!C63) -> 2160 | K63: =H63+I63-J63 -> 0 | M63: =IF(E63="Hàng SX",0,SUMIFS('SỔ CHI TIẾT BÁN HÀNG'!$Q$5:$Q$2863,'SỔ CHI TIẾT BÁN HÀNG'!$C$5:$C$2863,'Đơn đặt'!F63,'SỔ CHI TIẾT BÁN HÀNG'!$N$5:$N$2863,'Đơn đặt'!E63)) -> 2160 | N63: =IF(E63="Hàng SX",0,H63-M63) -> 0 | P63: ok
A64: Sài gòn | B64: 46001 | C64: =D64&E64&F64 -> 12-01-TS09-2026/TS-AVP/ĐĐHHH-CT00007 | D64: 12-01-TS | E64: 09-2026/TS-AVP/ĐĐH | F64: HH-CT00007 | G64: Thùng carton SAIGON Silver DS-TĐ | H64: 77000 | J64: =SUMIFS('SỔ CHI TIẾT BÁN HÀNG'!$G$5:$G$2062,'SỔ CHI TIẾT BÁN HÀNG'!$C$5:$C$2062,'Đơn đặt'!F64,'SỔ CHI TIẾT BÁN HÀNG'!$L$5:$L$2062,'Đơn đặt'!C64) -> 77000 | K64: =H64+I64-J64 -> 0 | M64: =IF(E64="Hàng SX",0,SUMIFS('SỔ CHI TIẾT BÁN HÀNG'!$Q$5:$Q$2863,'SỔ CHI TIẾT BÁN HÀNG'!$C$5:$C$2863,'Đơn đặt'!F64,'SỔ CHI TIẾT BÁN HÀNG'!$N$5:$N$2863,'Đơn đặt'!E64)) -> 77000 | N64: =IF(E64="Hàng SX",0,H64-M64) -> 0 | O64: 145-2025/TS-AVP/ĐĐH | P64: ok
A65: Sài gòn | B65: 46001 | C65: =D65&E65&F65 -> 12-01-TS09-2026/TS-AVP/ĐĐHHH-CT00008 | D65: 12-01-TS | E65: 09-2026/TS-AVP/ĐĐH | F65: HH-CT00008 | G65: Thùng carton SAIGON Silver DS-B-TĐ | H65: 23000 | J65: =SUMIFS('SỔ CHI TIẾT BÁN HÀNG'!$G$5:$G$2062,'SỔ CHI TIẾT BÁN HÀNG'!$C$5:$C$2062,'Đơn đặt'!F65,'SỔ CHI TIẾT BÁN HÀNG'!$L$5:$L$2062,'Đơn đặt'!C65) -> 23000 | K65: =H65+I65-J65 -> 0 | M65: =IF(E65="Hàng SX",0,SUMIFS('SỔ CHI TIẾT BÁN HÀNG'!$Q$5:$Q$2863,'SỔ CHI TIẾT BÁN HÀNG'!$C$5:$C$2863,'Đơn đặt'!F65,'SỔ CHI TIẾT BÁN HÀNG'!$N$5:$N$2863,'Đơn đặt'!E65)) -> 23000 | N65: =IF(E65="Hàng SX",0,H65-M65) -> 0 | P65: ok
A66: Sài gòn | B66: 46043 | C66: =D66&E66&F66 -> 01-18/TS-LP10-2026/TS-AVP/ĐĐHTP-PE00009 | D66: 01-18/TS-LP | E66: 10-2026/TS-AVP/ĐĐH | F66: TP-PE00009 | G66: Túi PE 58 x 102cm | H66: 1000 | J66: =SUMIFS('SỔ CHI TIẾT BÁN HÀNG'!$G$5:$G$2062,'SỔ CHI TIẾT BÁN HÀNG'!$C$5:$C$2062,'Đơn đặt'!F66,'SỔ CHI TIẾT BÁN HÀNG'!$L$5:$L$2062,'Đơn đặt'!C66) -> 1000 | K66: =H66+I66-J66 -> 0 | M66: =IF(E66="Hàng SX",0,SUMIFS('SỔ CHI TIẾT BÁN HÀNG'!$Q$5:$Q$2863,'SỔ CHI TIẾT BÁN HÀNG'!$C$5:$C$2863,'Đơn đặt'!F66,'SỔ CHI TIẾT BÁN HÀNG'!$N$5:$N$2863,'Đơn đặt'!E66)) -> 1000 | N66: =IF(E66="Hàng SX",0,H66-M66) -> 0 | P66: ok
A67: Sài gòn | B67: 46043 | C67: =D67&E67&F67 -> 01-18/TS-LP10-2026/TS-AVP/ĐĐHTP-PE00002 | D67: 01-18/TS-LP | E67: 10-2026/TS-AVP/ĐĐH | F67: TP-PE00002 | G67: Túi PE 56*100cm | H67: 1000 | J67: =SUMIFS('SỔ CHI TIẾT BÁN HÀNG'!$G$5:$G$2062,'SỔ CHI TIẾT BÁN HÀNG'!$C$5:$C$2062,'Đơn đặt'!F67,'SỔ CHI TIẾT BÁN HÀNG'!$L$5:$L$2062,'Đơn đặt'!C67) -> 1000 | K67: =H67+I67-J67 -> 0 | M67: =IF(E67="Hàng SX",0,SUMIFS('SỔ CHI TIẾT BÁN HÀNG'!$Q$5:$Q$2863,'SỔ CHI TIẾT BÁN HÀNG'!$C$5:$C$2863,'Đơn đặt'!F67,'SỔ CHI TIẾT BÁN HÀNG'!$N$5:$N$2863,'Đơn đặt'!E67)) -> 1000 | N67: =IF(E67="Hàng SX",0,H67-M67) -> 0 | P67: ok
A68: Sài gòn | B68: 46043 | C68: =D68&E68&F68 -> 01-14-TS11-2026/TS-AVP/ĐĐHHH-CT00007 | D68: 01-14-TS | E68: 11-2026/TS-AVP/ĐĐH | F68: HH-CT00007 | G68: Thùng carton SAIGON Silver DS-TĐ | H68: 55200 | J68: =SUMIFS('SỔ CHI TIẾT BÁN HÀNG'!$G$5:$G$2062,'SỔ CHI TIẾT BÁN HÀNG'!$C$5:$C$2062,'Đơn đặt'!F68,'SỔ CHI TIẾT BÁN HÀNG'!$L$5:$L$2062,'Đơn đặt'!C68) -> 55200 | K68: =H68+I68-J68 -> 0 | M68: =IF(E68="Hàng SX",0,SUMIFS('SỔ CHI TIẾT BÁN HÀNG'!$Q$5:$Q$2863,'SỔ CHI TIẾT BÁN HÀNG'!$C$5:$C$2863,'Đơn đặt'!F68,'SỔ CHI TIẾT BÁN HÀNG'!$N$5:$N$2863,'Đơn đặt'!E68)) -> 55200 | N68: =IF(E68="Hàng SX",0,H68-M68) -> 0 | P68: ok
A69: Sài gòn | B69: 46043 | C69: =D69&E69&F69 -> 01-14-TS11-2026/TS-AVP/ĐĐHHH-CT00008 | D69: 01-14-TS | E69: 11-2026/TS-AVP/ĐĐH | F69: HH-CT00008 | G69: Thùng carton SAIGON Silver DS-B-TĐ | H69: 16300 | J69: =SUMIFS('SỔ CHI TIẾT BÁN HÀNG'!$G$5:$G$2062,'SỔ CHI TIẾT BÁN HÀNG'!$C$5:$C$2062,'Đơn đặt'!F69,'SỔ CHI TIẾT BÁN HÀNG'!$L$5:$L$2062,'Đơn đặt'!C69) -> 16300 | K69: =H69+I69-J69 -> 0 | M69: =IF(E69="Hàng SX",0,SUMIFS('SỔ CHI TIẾT BÁN HÀNG'!$Q$5:$Q$2863,'SỔ CHI TIẾT BÁN HÀNG'!$C$5:$C$2863,'Đơn đặt'!F69,'SỔ CHI TIẾT BÁN HÀNG'!$N$5:$N$2863,'Đơn đặt'!E69)) -> 16300 | N69: =IF(E69="Hàng SX",0,H69-M69) -> 0 | P69: ok
A70: Sài gòn | B70: 46043 | C70: =D70&E70&F70 -> 01-14-TS11-2026/TS-AVP/ĐĐHHH-CT00063 | D70: 01-14-TS | E70: 11-2026/TS-AVP/ĐĐH | F70: HH-CT00063 | G70: Thùng carton MELIA Tím | H70: 300 | J70: =SUMIFS('SỔ CHI TIẾT BÁN HÀNG'!$G$5:$G$2062,'SỔ CHI TIẾT BÁN HÀNG'!$C$5:$C$2062,'Đơn đặt'!F70,'SỔ CHI TIẾT BÁN HÀNG'!$L$5:$L$2062,'Đơn đặt'!C70) -> 300 | K70: =H70+I70-J70 -> 0 | M70: =IF(E70="Hàng SX",0,SUMIFS('SỔ CHI TIẾT BÁN HÀNG'!$Q$5:$Q$2863,'SỔ CHI TIẾT BÁN HÀNG'!$C$5:$C$2863,'Đơn đặt'!F70,'SỔ CHI TIẾT BÁN HÀNG'!$N$5:$N$2863,'Đơn đặt'!E70)) -> 300 | N70: =IF(E70="Hàng SX",0,H70-M70) -> 0 | P70: ok
A71: Sài gòn | B71: 46043 | C71: =D71&E71&F71 -> 01-14-TS12-2026/TS-AVP/ĐĐHHH-CT00006 | D71: 01-14-TS | E71: 12-2026/TS-AVP/ĐĐH | F71: HH-CT00006 | G71: Thùng carton HÒA BÌNH BM-TĐ | H71: 920 | J71: =SUMIFS('SỔ CHI TIẾT BÁN HÀNG'!$G$5:$G$2062,'SỔ CHI TIẾT BÁN HÀNG'!$C$5:$C$2062,'Đơn đặt'!F71,'SỔ CHI TIẾT BÁN HÀNG'!$L$5:$L$2062,'Đơn đặt'!C71) -> 920 | K71: =H71+I71-J71 -> 0 | M71: =IF(E71="Hàng SX",0,SUMIFS('SỔ CHI TIẾT BÁN HÀNG'!$Q$5:$Q$2863,'SỔ CHI TIẾT BÁN HÀNG'!$C$5:$C$2863,'Đơn đặt'!F71,'SỔ CHI TIẾT BÁN HÀNG'!$N$5:$N$2863,'Đơn đặt'!E71)) -> 920 | N71: =IF(E71="Hàng SX",0,H71-M71) -> 0 | P71: ok
A72: Sài gòn | B72: 46043 | C72: =D72&E72&F72 -> 01-14-TS12-2026/TS-AVP/ĐĐHHH-CT00028 | D72: 01-14-TS | E72: 12-2026/TS-AVP/ĐĐH | F72: HH-CT00028 | G72: Thùng carton DU LỊCH Đỏ BM-TĐ | H72: 2000 | J72: =SUMIFS('SỔ CHI TIẾT BÁN HÀNG'!$G$5:$G$2062,'SỔ CHI TIẾT BÁN HÀNG'!$C$5:$C$2062,'Đơn đặt'!F72,'SỔ CHI TIẾT BÁN HÀNG'!$L$5:$L$2062,'Đơn đặt'!C72) -> 2000 | K72: =H72+I72-J72 -> 0 | M72: =IF(E72="Hàng SX",0,SUMIFS('SỔ CHI TIẾT BÁN HÀNG'!$Q$5:$Q$2863,'SỔ CHI TIẾT BÁN HÀNG'!$C$5:$C$2863,'Đơn đặt'!F72,'SỔ CHI TIẾT BÁN HÀNG'!$N$5:$N$2863,'Đơn đặt'!E72)) -> 2000 | N72: =IF(E72="Hàng SX",0,H72-M72) -> 0 | P72: ok
A73: Sài gòn | B73: 46043 | C73: =D73&E73&F73 -> 01-14-TS12-2026/TS-AVP/ĐĐHHH-CT00027 | D73: 01-14-TS | E73: 12-2026/TS-AVP/ĐĐH | F73: HH-CT00027 | G73: Thùng carton DU LỊCH MENT BM-TĐ | H73: 200 | J73: =SUMIFS('SỔ CHI TIẾT BÁN HÀNG'!$G$5:$G$2062,'SỔ CHI TIẾT BÁN HÀNG'!$C$5:$C$2062,'Đơn đặt'!F73,'SỔ CHI TIẾT BÁN HÀNG'!$L$5:$L$2062,'Đơn đặt'!C73) -> 200 | K73: =H73+I73-J73 -> 0 | M73: =IF(E73="Hàng SX",0,SUMIFS('SỔ CHI TIẾT BÁN HÀNG'!$Q$5:$Q$2863,'SỔ CHI TIẾT BÁN HÀNG'!$C$5:$C$2863,'Đơn đặt'!F73,'SỔ CHI TIẾT BÁN HÀNG'!$N$5:$N$2863,'Đơn đặt'!E73)) -> 200 | N73: =IF(E73="Hàng SX",0,H73-M73) -> 0 | P73: ok
A74: Sài gòn | B74: 46043 | C74: =D74&E74&F74 -> 01-14-TS12-2026/TS-AVP/ĐĐHHH-CT00131 | D74: 01-14-TS | E74: 12-2026/TS-AVP/ĐĐH | F74: HH-CT00131 | G74: Thùng carton SAIGON SILVER CAPSULE DS BC | H74: 22590 | J74: =SUMIFS('SỔ CHI TIẾT BÁN HÀNG'!$G$5:$G$2062,'SỔ CHI TIẾT BÁN HÀNG'!$C$5:$C$2062,'Đơn đặt'!F74,'SỔ CHI TIẾT BÁN HÀNG'!$L$5:$L$2062,'Đơn đặt'!C74) -> 22590 | K74: =H74+I74-J74 -> 0 | M74: =IF(E74="Hàng SX",0,SUMIFS('SỔ CHI TIẾT BÁN HÀNG'!$Q$5:$Q$2863,'SỔ CHI TIẾT BÁN HÀNG'!$C$5:$C$2863,'Đơn đặt'!F74,'SỔ CHI TIẾT BÁN HÀNG'!$N$5:$N$2863,'Đơn đặt'!E74)) -> 22590 | N74: =IF(E74="Hàng SX",0,H74-M74) -> 0 | P74: ok
A75: Sài gòn | B75: 46043 | C75: =D75&E75&F75 -> 01-14-TS12-2026/TS-AVP/ĐĐHHH-CT00036 | D75: 01-14-TS | E75: 12-2026/TS-AVP/ĐĐH | F75: HH-CT00036 | G75: Thùng carton COTAB BC-TĐ | H75: 13730 | J75: =SUMIFS('SỔ CHI TIẾT BÁN HÀNG'!$G$5:$G$2062,'SỔ CHI TIẾT BÁN HÀNG'!$C$5:$C$2062,'Đơn đặt'!F75,'SỔ CHI TIẾT BÁN HÀNG'!$L$5:$L$2062,'Đơn đặt'!C75) -> 13730 | K75: =H75+I75-J75 -> 0 | M75: =IF(E75="Hàng SX",0,SUMIFS('SỔ CHI TIẾT BÁN HÀNG'!$Q$5:$Q$2863,'SỔ CHI TIẾT BÁN HÀNG'!$C$5:$C$2863,'Đơn đặt'!F75,'SỔ CHI TIẾT BÁN HÀNG'!$N$5:$N$2863,'Đơn đặt'!E75)) -> 13730 | N75: =IF(E75="Hàng SX",0,H75-M75) -> 0 | P75: ok
A76: Sài gòn | B76: 46043 | C76: =D76&E76&F76 -> 01-14-TS12-2026/TS-AVP/ĐĐHHH-CT00005 | D76: 01-14-TS | E76: 12-2026/TS-AVP/ĐĐH | F76: HH-CT00005 | G76: Thùng carton HÒA BÌNH BC-TĐ | H76: 3910 | J76: =SUMIFS('SỔ CHI TIẾT BÁN HÀNG'!$G$5:$G$2062,'SỔ CHI TIẾT BÁN HÀNG'!$C$5:$C$2062,'Đơn đặt'!F76,'SỔ CHI TIẾT BÁN HÀNG'!$L$5:$L$2062,'Đơn đặt'!C76) -> 3910 | K76: =H76+I76-J76 -> 0 | M76: =IF(E76="Hàng SX",0,SUMIFS('SỔ CHI TIẾT BÁN HÀNG'!$Q$5:$Q$2863,'SỔ CHI TIẾT BÁN HÀNG'!$C$5:$C$2863,'Đơn đặt'!F76,'SỔ CHI TIẾT BÁN HÀNG'!$N$5:$N$2863,'Đơn đặt'!E76)) -> 3910 | N76: =IF(E76="Hàng SX",0,H76-M76) -> 0 | P76: ok
... A136: Sài gòn | B136: 46090 | C136: =D136&E136&F136 -> 03-03/TS-LP32-2026/TS-AVP/ĐĐHTP-PE00001 | D136: 03-03/TS-LP | E136: 32-2026/TS-AVP/ĐĐH | F136: TP-PE00001 | G136: Túi PE 54*92cm | H136: 10000 | J136: =SUMIFS('SỔ CHI TIẾT BÁN HÀNG'!$G$5:$G$2062,'SỔ CHI TIẾT BÁN HÀNG'!$C$5:$C$2062,'Đơn đặt'!F136,'SỔ CHI TIẾT BÁN HÀNG'!$L$5:$L$2062,'Đơn đặt'!C136) -> 10000 | K136: =H136+I136-J136 -> 0 | M136: =IF(E136="Hàng SX",0,SUMIFS('SỔ CHI TIẾT BÁN HÀNG'!$Q$5:$Q$2863,'SỔ CHI TIẾT BÁN HÀNG'!$C$5:$C$2863,'Đơn đặt'!F136,'SỔ CHI TIẾT BÁN HÀNG'!$N$5:$N$2863,'Đơn đặt'!E136)) -> 10000 | N136: =IF(E136="Hàng SX",0,H136-M136) -> 0 | P136: ok
A137: Sài gòn | B137: 46093 | C137: =D137&E137&F137 -> 03-06-TS (Mã chưa chạy)34-2026/TS-AVP/ĐĐH | D137: 03-06-TS (Mã chưa chạy) | E137: 34-2026/TS-AVP/ĐĐH | G137: Thùng carton GOLD SEAL 10 Menthol (VEG) | H137: 903 | J137: =SUMIFS('SỔ CHI TIẾT BÁN HÀNG'!$G$5:$G$2062,'SỔ CHI TIẾT BÁN HÀNG'!$C$5:$C$2062,'Đơn đặt'!F137,'SỔ CHI TIẾT BÁN HÀNG'!$L$5:$L$2062,'Đơn đặt'!C137) -> 0 | K137: =H137+I137-J137 -> 903 | M137: =IF(E137="Hàng SX",0,SUMIFS('SỔ CHI TIẾT BÁN HÀNG'!$Q$5:$Q$2863,'SỔ CHI TIẾT BÁN HÀNG'!$C$5:$C$2863,'Đơn đặt'!F137,'SỔ CHI TIẾT BÁN HÀNG'!$N$5:$N$2863,'Đơn đặt'!E137)) -> 0 | N137: =IF(E137="Hàng SX",0,H137-M137) -> 903 | P137: ok
A138: Sài gòn | B138: 46098 | C138: =D138&E138&F138 -> 03-09-TS35-2026/TS-AVP/ĐĐHHH-CT00005 | D138: 03-09-TS | E138: 35-2026/TS-AVP/ĐĐH | F138: HH-CT00005 | G138: Thùng carton HÒA BÌNH BC-TĐ | H138: 2000 | J138: =SUMIFS('SỔ CHI TIẾT BÁN HÀNG'!$G$5:$G$2062,'SỔ CHI TIẾT BÁN HÀNG'!$C$5:$C$2062,'Đơn đặt'!F138,'SỔ CHI TIẾT BÁN HÀNG'!$L$5:$L$2062,'Đơn đặt'!C138) -> 2000 | K138: =H138+I138-J138 -> 0 | M138: =IF(E138="Hàng SX",0,SUMIFS('SỔ CHI TIẾT BÁN HÀNG'!$Q$5:$Q$2863,'SỔ CHI TIẾT BÁN HÀNG'!$C$5:$C$2863,'Đơn đặt'!F138,'SỔ CHI TIẾT BÁN HÀNG'!$N$5:$N$2863,'Đơn đặt'!E138)) -> 2000 | N138: =IF(E138="Hàng SX",0,H138-M138) -> 0 | P138: ok
A139: Sài gòn | B139: 46100 | C139: =D139&E139&F139 -> 03-12-TS36-2026/TS-AVP/ĐĐHHH-CT00072 | D139: 03-12-TS | E139: 36-2026/TS-AVP/ĐĐH | F139: HH-CT00072 | G139: Thùng carton SÀI GÒN Vàng BC-TĐ | H139: 26700 | J139: =SUMIFS('SỔ CHI TIẾT BÁN HÀNG'!$G$5:$G$2062,'SỔ CHI TIẾT BÁN HÀNG'!$C$5:$C$2062,'Đơn đặt'!F139,'SỔ CHI TIẾT BÁN HÀNG'!$L$5:$L$2062,'Đơn đặt'!C139) -> 26700 | K139: =H139+I139-J139 -> 0 | M139: =IF(E139="Hàng SX",0,SUMIFS('SỔ CHI TIẾT BÁN HÀNG'!$Q$5:$Q$2863,'SỔ CHI TIẾT BÁN HÀNG'!$C$5:$C$2863,'Đơn đặt'!F139,'SỔ CHI TIẾT BÁN HÀNG'!$N$5:$N$2863,'Đơn đặt'!E139)) -> 26700 | N139: =IF(E139="Hàng SX",0,H139-M139) -> 0 | P139: ok
A140: Sài gòn | B140: 46100 | C140: =D140&E140&F140 -> 03-12-TS37-2026/TS-AVP/ĐĐHHH-CT00007 | D140: 03-12-TS | E140: 37-2026/TS-AVP/ĐĐH | F140: HH-CT00007 | G140: Thùng carton SAIGON Silver DS-TĐ | H140: 44000 | J140: =SUMIFS('SỔ CHI TIẾT BÁN HÀNG'!$G$5:$G$2062,'SỔ CHI TIẾT BÁN HÀNG'!$C$5:$C$2062,'Đơn đặt'!F140,'SỔ CHI TIẾT BÁN HÀNG'!$L$5:$L$2062,'Đơn đặt'!C140) -> 44000 | K140: =H140+I140-J140 -> 0 | M140: =IF(E140="Hàng SX",0,SUMIFS('SỔ CHI TIẾT BÁN HÀNG'!$Q$5:$Q$2863,'SỔ CHI TIẾT BÁN HÀNG'!$C$5:$C$2863,'Đơn đặt'!F140,'SỔ CHI TIẾT BÁN HÀNG'!$N$5:$N$2863,'Đơn đặt'!E140)) -> 46000 | N140: =IF(E140="Hàng SX",0,H140-M140) -> -2000 | P140: ok
A141: Sài gòn | B141: 46100 | C141: =D141&E141&F141 -> 03-12-TS37-2026/TS-AVP/ĐĐHHH-CT00008 | D141: 03-12-TS | E141: 37-2026/TS-AVP/ĐĐH | F141: HH-CT00008 | G141: Thùng carton SAIGON Silver DS-B-TĐ | H141: 4000 | J141: =SUMIFS('SỔ CHI TIẾT BÁN HÀNG'!$G$5:$G$2062,'SỔ CHI TIẾT BÁN HÀNG'!$C$5:$C$2062,'Đơn đặt'!F141,'SỔ CHI TIẾT BÁN HÀNG'!$L$5:$L$2062,'Đơn đặt'!C141) -> 9000 | K141: =H141+I141-J141 -> -5000 | M141: =IF(E141="Hàng SX",0,SUMIFS('SỔ CHI TIẾT BÁN HÀNG'!$Q$5:$Q$2863,'SỔ CHI TIẾT BÁN HÀNG'!$C$5:$C$2863,'Đơn đặt'!F141,'SỔ CHI TIẾT BÁN HÀNG'!$N$5:$N$2863,'Đơn đặt'!E141)) -> 9000 | N141: =IF(E141="Hàng SX",0,H141-M141) -> -5000 | P141: ok
A142: Sài gòn | B142: 46100 | C142: =D142&E142&F142 -> 03-12-TS38-2026/TS-AVP/ĐĐHHH-CT00006 | D142: 03-12-TS | E142: 38-2026/TS-AVP/ĐĐH | F142: HH-CT00006 | G142: Thùng carton HÒA BÌNH BM-TĐ | H142: 4000 | J142: =SUMIFS('SỔ CHI TIẾT BÁN HÀNG'!$G$5:$G$2062,'SỔ CHI TIẾT BÁN HÀNG'!$C$5:$C$2062,'Đơn đặt'!F142,'SỔ CHI TIẾT BÁN HÀNG'!$L$5:$L$2062,'Đơn đặt'!C142) -> 4000 | K142: =H142+I142-J142 -> 0 | M142: =IF(E142="Hàng SX",0,SUMIFS('SỔ CHI TIẾT BÁN HÀNG'!$Q$5:$Q$2863,'SỔ CHI TIẾT BÁN HÀNG'!$C$5:$C$2863,'Đơn đặt'!F142,'SỔ CHI TIẾT BÁN HÀNG'!$N$5:$N$2863,'Đơn đặt'!E142)) -> 4000 | N142: =IF(E142="Hàng SX",0,H142-M142) -> 0 | P142: ok
A143: Sài gòn | B143: 46100 | C143: =D143&E143&F143 -> 03-12-TS38-2026/TS-AVP/ĐĐHHH-CT00028 | D143: 03-12-TS | E143: 38-2026/TS-AVP/ĐĐH | F143: HH-CT00028 | G143: Thùng carton DU LỊCH Đỏ BM-TĐ | H143: 1500 | J143: =SUMIFS('SỔ CHI TIẾT BÁN HÀNG'!$G$5:$G$2062,'SỔ CHI TIẾT BÁN HÀNG'!$C$5:$C$2062,'Đơn đặt'!F143,'SỔ CHI TIẾT BÁN HÀNG'!$L$5:$L$2062,'Đơn đặt'!C143) -> 1500 | K143: =H143+I143-J143 -> 0 | M143: =IF(E143="Hàng SX",0,SUMIFS('SỔ CHI TIẾT BÁN HÀNG'!$Q$5:$Q$2863,'SỔ CHI TIẾT BÁN HÀNG'!$C$5:$C$2863,'Đơn đặt'!F143,'SỔ CHI TIẾT BÁN HÀNG'!$N$5:$N$2863,'Đơn đặt'!E143)) -> 1500 | N143: =IF(E143="Hàng SX",0,H143-M143) -> 0 | P143: ok
A144: Sài gòn | B144: 46100 | C144: =D144&E144&F144 -> 03-12-TS38-2026/TS-AVP/ĐĐHHH-CT00038 | D144: 03-12-TS | E144: 38-2026/TS-AVP/ĐĐH | F144: HH-CT00038 | G144: Thùng carton FASOL BM-TĐ | H144: 600 | J144: =SUMIFS('SỔ CHI TIẾT BÁN HÀNG'!$G$5:$G$2062,'SỔ CHI TIẾT BÁN HÀNG'!$C$5:$C$2062,'Đơn đặt'!F144,'SỔ CHI TIẾT BÁN HÀNG'!$L$5:$L$2062,'Đơn đặt'!C144) -> 600 | K144: =H144+I144-J144 -> 0 | M144: =IF(E144="Hàng SX",0,SUMIFS('SỔ CHI TIẾT BÁN HÀNG'!$Q$5:$Q$2863,'SỔ CHI TIẾT BÁN HÀNG'!$C$5:$C$2863,'Đơn đặt'!F144,'SỔ CHI TIẾT BÁN HÀNG'!$N$5:$N$2863,'Đơn đặt'!E144)) -> 600 | N144: =IF(E144="Hàng SX",0,H144-M144) -> 0 | P144: ok
A145: Sài gòn | B145: 46100 | C145: =D145&E145&F145 -> 03-12-TS38-2026/TS-AVP/ĐĐHHH-CT00027 | D145: 03-12-TS | E145: 38-2026/TS-AVP/ĐĐH | F145: HH-CT00027 | G145: Thùng carton DU LỊCH MENT BM-TĐ | H145: 200 | J145: =SUMIFS('SỔ CHI TIẾT BÁN HÀNG'!$G$5:$G$2062,'SỔ CHI TIẾT BÁN HÀNG'!$C$5:$C$2062,'Đơn đặt'!F145,'SỔ CHI TIẾT BÁN HÀNG'!$L$5:$L$2062,'Đơn đặt'!C145) -> 200 | K145: =H145+I145-J145 -> 0 | M145: =IF(E145="Hàng SX",0,SUMIFS('SỔ CHI TIẾT BÁN HÀNG'!$Q$5:$Q$2863,'SỔ CHI TIẾT BÁN HÀNG'!$C$5:$C$2863,'Đơn đặt'!F145,'SỔ CHI TIẾT BÁN HÀNG'!$N$5:$N$2863,'Đơn đặt'!E145)) -> 200 | N145: =IF(E145="Hàng SX",0,H145-M145) -> 0 | P145: ok
A146: Sài gòn | B146: 46100 | C146: =D146&E146&F146 -> 03-12-TS38-2026/TS-AVP/ĐĐHHH-CT00131 | D146: 03-12-TS | E146: 38-2026/TS-AVP/ĐĐH | F146: HH-CT00131 | G146: Thùng carton SAIGON SILVER CAPSULE DS BC | H146: 21500 | J146: =SUMIFS('SỔ CHI TIẾT BÁN HÀNG'!$G$5:$G$2062,'SỔ CHI TIẾT BÁN HÀNG'!$C$5:$C$2062,'Đơn đặt'!F146,'SỔ CHI TIẾT BÁN HÀNG'!$L$5:$L$2062,'Đơn đặt'!C146) -> 21500 | K146: =H146+I146-J146 -> 0 | M146: =IF(E146="Hàng SX",0,SUMIFS('SỔ CHI TIẾT BÁN HÀNG'!$Q$5:$Q$2863,'SỔ CHI TIẾT BÁN HÀNG'!$C$5:$C$2863,'Đơn đặt'!F146,'SỔ CHI TIẾT BÁN HÀNG'!$N$5:$N$2863,'Đơn đặt'!E146)) -> 21500 | N146: =IF(E146="Hàng SX",0,H146-M146) -> 0 | P146: ok
A147: Sài gòn | B147: 46100 | C147: =D147&E147&F147 -> 03-12-TS38-2026/TS-AVP/ĐĐHHH-CT00036 | D147: 03-12-TS | E147: 38-2026/TS-AVP/ĐĐH | F147: HH-CT00036 | G147: Thùng carton COTAB BC-TĐ | H147: 10000 | J147: =SUMIFS('SỔ CHI TIẾT BÁN HÀNG'!$G$5:$G$2062,'SỔ CHI TIẾT BÁN HÀNG'!$C$5:$C$2062,'Đơn đặt'!F147,'SỔ CHI TIẾT BÁN HÀNG'!$L$5:$L$2062,'Đơn đặt'!C147) -> 10000 | K147: =H147+I147-J147 -> 0 | M147: =IF(E147="Hàng SX",0,SUMIFS('SỔ CHI TIẾT BÁN HÀNG'!$Q$5:$Q$2863,'SỔ CHI TIẾT BÁN HÀNG'!$C$5:$C$2863,'Đơn đặt'!F147,'SỔ CHI TIẾT BÁN HÀNG'!$N$5:$N$2863,'Đơn đặt'!E147)) -> 10440 | N147: =IF(E147="Hàng SX",0,H147-M147) -> -440 | P147: ok
A148: Sài gòn | B148: 46100 | C148: =D148&E148&F148 -> 03-12-TS38-2026/TS-AVP/ĐĐHHH-CT00005 | D148: 03-12-TS | E148: 38-2026/TS-AVP/ĐĐH | F148: HH-CT00005 | G148: Thùng carton HÒA BÌNH BC-TĐ | H148: 10000 | J148: =SUMIFS('SỔ CHI TIẾT BÁN HÀNG'!$G$5:$G$2062,'SỔ CHI TIẾT BÁN HÀNG'!$C$5:$C$2062,'Đơn đặt'!F148,'SỔ CHI TIẾT BÁN HÀNG'!$L$5:$L$2062,'Đơn đặt'!C148) -> 10000 | K148: =H148+I148-J148 -> 0 | M148: =IF(E148="Hàng SX",0,SUMIFS('SỔ CHI TIẾT BÁN HÀNG'!$Q$5:$Q$2863,'SỔ CHI TIẾT BÁN HÀNG'!$C$5:$C$2863,'Đơn đặt'!F148,'SỔ CHI TIẾT BÁN HÀNG'!$N$5:$N$2863,'Đơn đặt'!E148)) -> 10000 | N148: =IF(E148="Hàng SX",0,H148-M148) -> 0 | P148: ok
A149: Sài gòn | B149: 46100 | C149: =D149&E149&F149 -> 03-12-TS38-2026/TS-AVP/ĐĐHHH-CT00075 | D149: 03-12-TS | E149: 38-2026/TS-AVP/ĐĐH | F149: HH-CT00075 | G149: Thùng carton FASOL Nâu BC-TĐ | H149: 4640 | J149: =SUMIFS('SỔ CHI TIẾT BÁN HÀNG'!$G$5:$G$2062,'SỔ CHI TIẾT BÁN HÀNG'!$C$5:$C$2062,'Đơn đặt'!F149,'SỔ CHI TIẾT BÁN HÀNG'!$L$5:$L$2062,'Đơn đặt'!C149) -> 4640 | K149: =H149+I149-J149 -> 0 | M149: =IF(E149="Hàng SX",0,SUMIFS('SỔ CHI TIẾT BÁN HÀNG'!$Q$5:$Q$2863,'SỔ CHI TIẾT BÁN HÀNG'!$C$5:$C$2863,'Đơn đặt'!F149,'SỔ CHI TIẾT BÁN HÀNG'!$N$5:$N$2863,'Đơn đặt'!E149)) -> 4640 | N149: =IF(E149="Hàng SX",0,H149-M149) -> 0 | P149: ok
... A190: Sài gòn | B190: 46065 | C190: =D190&E190&F190 -> 02-11-TS52-2026/TS-AVP/ĐĐHHH-CT00061 | D190: 02-11-TS | E190: 52-2026/TS-AVP/ĐĐH | F190: HH-CT00061 | G190: Thùng carton ERA ICE PLUS RC | H190: 3000 | J190: =SUMIFS('SỔ CHI TIẾT BÁN HÀNG'!$G$5:$G$2062,'SỔ CHI TIẾT BÁN HÀNG'!$C$5:$C$2062,'Đơn đặt'!F190,'SỔ CHI TIẾT BÁN HÀNG'!$L$5:$L$2062,'Đơn đặt'!C190) -> 0 | K190: =H190+I190-J190 -> 3000 | M190: =IF(E190="Hàng SX",0,SUMIFS('SỔ CHI TIẾT BÁN HÀNG'!$Q$5:$Q$2863,'SỔ CHI TIẾT BÁN HÀNG'!$C$5:$C$2863,'Đơn đặt'!F190,'SỔ CHI TIẾT BÁN HÀNG'!$N$5:$N$2863,'Đơn đặt'!E190)) -> 3000 | N190: =IF(E190="Hàng SX",0,H190-M190) -> 0 | P190: ok
A191: Sài gòn | C191: =D191&E191&F191 -> 03-06-TS (Mã chưa chạy)53-2026/TS-AVP/ĐĐH | D191: 03-06-TS (Mã chưa chạy) | E191: 53-2026/TS-AVP/ĐĐH | G191: Thùng carton GOLD SEAL 10 Menthol (VEG) | H191: 903 | J191: =SUMIFS('SỔ CHI TIẾT BÁN HÀNG'!$G$5:$G$2062,'SỔ CHI TIẾT BÁN HÀNG'!$C$5:$C$2062,'Đơn đặt'!F191,'SỔ CHI TIẾT BÁN HÀNG'!$L$5:$L$2062,'Đơn đặt'!C191) -> 0 | K191: =H191+I191-J191 -> 903 | M191: =IF(E191="Hàng SX",0,SUMIFS('SỔ CHI TIẾT BÁN HÀNG'!$Q$5:$Q$2863,'SỔ CHI TIẾT BÁN HÀNG'!$C$5:$C$2863,'Đơn đặt'!F191,'SỔ CHI TIẾT BÁN HÀNG'!$N$5:$N$2863,'Đơn đặt'!E191)) -> 0 | N191: =IF(E191="Hàng SX",0,H191-M191) -> 903 | P191: ok
A192: Sài gòn | B192: 46100 | C192: =D192&E192&F192 -> 03-12-TS54-2026/TS-AVP/ĐĐHHH-CT00006 | D192: 03-12-TS | E192: 54-2026/TS-AVP/ĐĐH | F192: HH-CT00006 | G192: Thùng carton HÒA BÌNH BM-TĐ | H192: 900 | J192: =SUMIFS('SỔ CHI TIẾT BÁN HÀNG'!$G$5:$G$2062,'SỔ CHI TIẾT BÁN HÀNG'!$C$5:$C$2062,'Đơn đặt'!F192,'SỔ CHI TIẾT BÁN HÀNG'!$L$5:$L$2062,'Đơn đặt'!C192) -> 900 | K192: =H192+I192-J192 -> 0 | M192: =IF(E192="Hàng SX",0,SUMIFS('SỔ CHI TIẾT BÁN HÀNG'!$Q$5:$Q$2863,'SỔ CHI TIẾT BÁN HÀNG'!$C$5:$C$2863,'Đơn đặt'!F192,'SỔ CHI TIẾT BÁN HÀNG'!$N$5:$N$2863,'Đơn đặt'!E192)) -> 900 | N192: =IF(E192="Hàng SX",0,H192-M192) -> 0 | P192: ok
A193: Sài gòn | B193: 46100 | C193: =D193&E193&F193 -> 03-12-TS54-2026/TS-AVP/ĐĐHHH-CT00131 | D193: 03-12-TS | E193: 54-2026/TS-AVP/ĐĐH | F193: HH-CT00131 | G193: Thùng carton SAIGON SILVER CAPSULE DS BC | H193: 44000 | J193: =SUMIFS('SỔ CHI TIẾT BÁN HÀNG'!$G$5:$G$2062,'SỔ CHI TIẾT BÁN HÀNG'!$C$5:$C$2062,'Đơn đặt'!F193,'SỔ CHI TIẾT BÁN HÀNG'!$L$5:$L$2062,'Đơn đặt'!C193) -> 35410 | K193: =H193+I193-J193 -> 8590 | M193: =IF(E193="Hàng SX",0,SUMIFS('SỔ CHI TIẾT BÁN HÀNG'!$Q$5:$Q$2863,'SỔ CHI TIẾT BÁN HÀNG'!$C$5:$C$2863,'Đơn đặt'!F193,'SỔ CHI TIẾT BÁN HÀNG'!$N$5:$N$2863,'Đơn đặt'!E193)) -> 35410 | N193: =IF(E193="Hàng SX",0,H193-M193) -> 8590 | P193: ok
A194: Sài gòn | B194: 46100 | C194: =D194&E194&F194 -> 03-12-TS54-2026/TS-AVP/ĐĐHHH-CT00036 | D194: 03-12-TS | E194: 54-2026/TS-AVP/ĐĐH | F194: HH-CT00036 | G194: Thùng carton COTAB BC-TĐ | H194: 25500 | J194: =SUMIFS('SỔ CHI TIẾT BÁN HÀNG'!$G$5:$G$2062,'SỔ CHI TIẾT BÁN HÀNG'!$C$5:$C$2062,'Đơn đặt'!F194,'SỔ CHI TIẾT BÁN HÀNG'!$L$5:$L$2062,'Đơn đặt'!C194) -> 22500 | K194: =H194+I194-J194 -> 3000 | M194: =IF(E194="Hàng SX",0,SUMIFS('SỔ CHI TIẾT BÁN HÀNG'!$Q$5:$Q$2863,'SỔ CHI TIẾT BÁN HÀNG'!$C$5:$C$2863,'Đơn đặt'!F194,'SỔ CHI TIẾT BÁN HÀNG'!$N$5:$N$2863,'Đơn đặt'!E194)) -> 22500 | N194: =IF(E194="Hàng SX",0,H194-M194) -> 3000 | P194: ok
A195: Sài gòn | B195: 46100 | C195: =D195&E195&F195 -> 03-12-TS54-2026/TS-AVP/ĐĐHHH-CT00075 | D195: 03-12-TS | E195: 54-2026/TS-AVP/ĐĐH | F195: HH-CT00075 | G195: Thùng carton FASOL Nâu BC-TĐ | H195: 60 | J195: =SUMIFS('SỔ CHI TIẾT BÁN HÀNG'!$G$5:$G$2062,'SỔ CHI TIẾT BÁN HÀNG'!$C$5:$C$2062,'Đơn đặt'!F195,'SỔ CHI TIẾT BÁN HÀNG'!$L$5:$L$2062,'Đơn đặt'!C195) -> 60 | K195: =H195+I195-J195 -> 0 | M195: =IF(E195="Hàng SX",0,SUMIFS('SỔ CHI TIẾT BÁN HÀNG'!$Q$5:$Q$2863,'SỔ CHI TIẾT BÁN HÀNG'!$C$5:$C$2863,'Đơn đặt'!F195,'SỔ CHI TIẾT BÁN HÀNG'!$N$5:$N$2863,'Đơn đặt'!E195)) -> 60 | N195: =IF(E195="Hàng SX",0,H195-M195) -> 0 | P195: ok
A196: Sài gòn | B196: 46100 | C196: =D196&E196&F196 -> 03-12-TS54-2026/TS-AVP/ĐĐHHH-CT00083 | D196: 03-12-TS | E196: 54-2026/TS-AVP/ĐĐH | F196: HH-CT00083 | G196: Thùng carton Era Ment BC-TĐ | H196: 3350 | J196: =SUMIFS('SỔ CHI TIẾT BÁN HÀNG'!$G$5:$G$2062,'SỔ CHI TIẾT BÁN HÀNG'!$C$5:$C$2062,'Đơn đặt'!F196,'SỔ CHI TIẾT BÁN HÀNG'!$L$5:$L$2062,'Đơn đặt'!C196) -> 3350 | K196: =H196+I196-J196 -> 0 | M196: =IF(E196="Hàng SX",0,SUMIFS('SỔ CHI TIẾT BÁN HÀNG'!$Q$5:$Q$2863,'SỔ CHI TIẾT BÁN HÀNG'!$C$5:$C$2863,'Đơn đặt'!F196,'SỔ CHI TIẾT BÁN HÀNG'!$N$5:$N$2863,'Đơn đặt'!E196)) -> 3350 | N196: =IF(E196="Hàng SX",0,H196-M196) -> 0 | P196: ok
A197: Sài gòn | B197: 46112 | C197: =D197&E197&F197 -> 03-18-TS55-2026/TS-AVP/ĐĐHHH-CT00054 | D197: 03-18-TS | E197: 55-2026/TS-AVP/ĐĐH | F197: HH-CT00054 | G197: Thùng carton ERA FF - OD | H197: 23005 | J197: =SUMIFS('SỔ CHI TIẾT BÁN HÀNG'!$G$5:$G$2062,'SỔ CHI TIẾT BÁN HÀNG'!$C$5:$C$2062,'Đơn đặt'!F197,'SỔ CHI TIẾT BÁN HÀNG'!$L$5:$L$2062,'Đơn đặt'!C197) -> 1000 | K197: =H197+I197-J197 -> 22005 | M197: =IF(E197="Hàng SX",0,SUMIFS('SỔ CHI TIẾT BÁN HÀNG'!$Q$5:$Q$2863,'SỔ CHI TIẾT BÁN HÀNG'!$C$5:$C$2863,'Đơn đặt'!F197,'SỔ CHI TIẾT BÁN HÀNG'!$N$5:$N$2863,'Đơn đặt'!E197)) -> 14500 | N197: =IF(E197="Hàng SX",0,H197-M197) -> 8505 | P197: ok
A198: Sài gòn | B198: 46112 | C198: =D198&E198&F198 -> 03-18-TS55-2026/TS-AVP/ĐĐHHH-CT00025 | D198: 03-18-TS | E198: 55-2026/TS-AVP/ĐĐH | F198: HH-CT00025 | G198: Thùng carton ERA Premium - OD | H198: 23005 | J198: =SUMIFS('SỔ CHI TIẾT BÁN HÀNG'!$G$5:$G$2062,'SỔ CHI TIẾT BÁN HÀNG'!$C$5:$C$2062,'Đơn đặt'!F198,'SỔ CHI TIẾT BÁN HÀNG'!$L$5:$L$2062,'Đơn đặt'!C198) -> 2500 | K198: =H198+I198-J198 -> 20505 | M198: =IF(E198="Hàng SX",0,SUMIFS('SỔ CHI TIẾT BÁN HÀNG'!$Q$5:$Q$2863,'SỔ CHI TIẾT BÁN HÀNG'!$C$5:$C$2863,'Đơn đặt'!F198,'SỔ CHI TIẾT BÁN HÀNG'!$N$5:$N$2863,'Đơn đặt'!E198)) -> 23005 | N198: =IF(E198="Hàng SX",0,H198-M198) -> 0 | P198: ok
A199: Sài gòn | B199: 46112 | C199: =D199&E199&F199 -> 03-18-TS55-2026/TS-AVP/ĐĐHHH-CT00031 | D199: 03-18-TS | E199: 55-2026/TS-AVP/ĐĐH | F199: HH-CT00031 | G199: Thùng carton ERA BLACK MENTHOL | H199: 23005 | J199: =SUMIFS('SỔ CHI TIẾT BÁN HÀNG'!$G$5:$G$2062,'SỔ CHI TIẾT BÁN HÀNG'!$C$5:$C$2062,'Đơn đặt'!F199,'SỔ CHI TIẾT BÁN HÀNG'!$L$5:$L$2062,'Đơn đặt'!C199) -> 16700 | K199: =H199+I199-J199 -> 6305 | M199: =IF(E199="Hàng SX",0,SUMIFS('SỔ CHI TIẾT BÁN HÀNG'!$Q$5:$Q$2863,'SỔ CHI TIẾT BÁN HÀNG'!$C$5:$C$2863,'Đơn đặt'!F199,'SỔ CHI TIẾT BÁN HÀNG'!$N$5:$N$2863,'Đơn đặt'!E199)) -> 16700 | N199: =IF(E199="Hàng SX",0,H199-M199) -> 6305 | P199: ok
A200: Sài gòn | B200: 46133 | C200: =D200&E200&F200 -> 04-08-TS56-2026/TS-AVP/ĐĐHHH-CT00072 | D200: 04-08-TS | E200: 56-2026/TS-AVP/ĐĐH | F200: HH-CT00072 | G200: Thùng carton SÀI GÒN Vàng BC-TĐ | H200: 21600 | J200: =SUMIFS('SỔ CHI TIẾT BÁN HÀNG'!$G$5:$G$2062,'SỔ CHI TIẾT BÁN HÀNG'!$C$5:$C$2062,'Đơn đặt'!F200,'SỔ CHI TIẾT BÁN HÀNG'!$L$5:$L$2062,'Đơn đặt'!C200) -> 4500 | K200: =H200+I200-J200 -> 17100 | M200: =IF(E200="Hàng SX",0,SUMIFS('SỔ CHI TIẾT BÁN HÀNG'!$Q$5:$Q$2863,'SỔ CHI TIẾT BÁN HÀNG'!$C$5:$C$2863,'Đơn đặt'!F200,'SỔ CHI TIẾT BÁN HÀNG'!$N$5:$N$2863,'Đơn đặt'!E200)) -> 4500 | N200: =IF(E200="Hàng SX",0,H200-M200) -> 17100 | P200: ok
A201: Sài gòn | B201: 46133 | C201: =D201&E201&F201 -> 04-08-TS57-2026/TS-AVP/ĐĐHHH-CT00006 | D201: 04-08-TS | E201: 57-2026/TS-AVP/ĐĐH | F201: HH-CT00006 | G201: Thùng carton HÒA BÌNH BM-TĐ | H201: 8300 | J201: =SUMIFS('SỔ CHI TIẾT BÁN HÀNG'!$G$5:$G$2062,'SỔ CHI TIẾT BÁN HÀNG'!$C$5:$C$2062,'Đơn đặt'!F201,'SỔ CHI TIẾT BÁN HÀNG'!$L$5:$L$2062,'Đơn đặt'!C201) -> 8300 | K201: =H201+I201-J201 -> 0 | M201: =IF(E201="Hàng SX",0,SUMIFS('SỔ CHI TIẾT BÁN HÀNG'!$Q$5:$Q$2863,'SỔ CHI TIẾT BÁN HÀNG'!$C$5:$C$2863,'Đơn đặt'!F201,'SỔ CHI TIẾT BÁN HÀNG'!$N$5:$N$2863,'Đơn đặt'!E201)) -> 8300 | N201: =IF(E201="Hàng SX",0,H201-M201) -> 0 | P201: ok
A202: Sài gòn | B202: 46133 | C202: =D202&E202&F202 -> 04-08-TS57-2026/TS-AVP/ĐĐHHH-CT00028 | D202: 04-08-TS | E202: 57-2026/TS-AVP/ĐĐH | F202: HH-CT00028 | G202: Thùng carton DU LỊCH Đỏ BM-TĐ | H202: 3050 | J202: =SUMIFS('SỔ CHI TIẾT BÁN HÀNG'!$G$5:$G$2062,'SỔ CHI TIẾT BÁN HÀNG'!$C$5:$C$2062,'Đơn đặt'!F202,'SỔ CHI TIẾT BÁN HÀNG'!$L$5:$L$2062,'Đơn đặt'!C202) -> 3025 | K202: =H202+I202-J202 -> 25 | M202: =IF(E202="Hàng SX",0,SUMIFS('SỔ CHI TIẾT BÁN HÀNG'!$Q$5:$Q$2863,'SỔ CHI TIẾT BÁN HÀNG'!$C$5:$C$2863,'Đơn đặt'!F202,'SỔ CHI TIẾT BÁN HÀNG'!$N$5:$N$2863,'Đơn đặt'!E202)) -> 3025 | N202: =IF(E202="Hàng SX",0,H202-M202) -> 25 | P202: ok
A203: Sài gòn | B203: 46133 | C203: =D203&E203&F203 -> 04-08-TS57-2026/TS-AVP/ĐĐHHH-CT00131 | D203: 04-08-TS | E203: 57-2026/TS-AVP/ĐĐH | F203: HH-CT00131 | G203: Thùng carton SAIGON SILVER CAPSULE DS BC | H203: 40000 | J203: =SUMIFS('SỔ CHI TIẾT BÁN HÀNG'!$G$5:$G$2062,'SỔ CHI TIẾT BÁN HÀNG'!$C$5:$C$2062,'Đơn đặt'!F203,'SỔ CHI TIẾT BÁN HÀNG'!$L$5:$L$2062,'Đơn đặt'!C203) -> 0 | K203: =H203+I203-J203 -> 40000 | M203: =IF(E203="Hàng SX",0,SUMIFS('SỔ CHI TIẾT BÁN HÀNG'!$Q$5:$Q$2863,'SỔ CHI TIẾT BÁN HÀNG'!$C$5:$C$2863,'Đơn đặt'!F203,'SỔ CHI TIẾT BÁN HÀNG'!$N$5:$N$2863,'Đơn đặt'!E203)) -> 2480 | N203: =IF(E203="Hàng SX",0,H203-M203) -> 37520 | P203: ok
... A251: Sài gòn | B251: 46167 | C251: =D251&E251&F251 -> 05-09-TS70-2026/TS-AVP/ĐĐHHH-CT00008 | D251: 05-09-TS | E251: 70-2026/TS-AVP/ĐĐH | F251: HH-CT00008 | G251: Thùng carton SAIGON Silver DS-B-TĐ | H251: 23000 | J251: =SUMIFS('SỔ CHI TIẾT BÁN HÀNG'!$G$5:$G$2062,'SỔ CHI TIẾT BÁN HÀNG'!$C$5:$C$2062,'Đơn đặt'!F251,'SỔ CHI TIẾT BÁN HÀNG'!$L$5:$L$2062,'Đơn đặt'!C251) -> 2500 | K251: =H251+I251-J251 -> 20500 | M251: =IF(E251="Hàng SX",0,SUMIFS('SỔ CHI TIẾT BÁN HÀNG'!$Q$5:$Q$2863,'SỔ CHI TIẾT BÁN HÀNG'!$C$5:$C$2863,'Đơn đặt'!F251,'SỔ CHI TIẾT BÁN HÀNG'!$N$5:$N$2863,'Đơn đặt'!E251)) -> 2500 | N251: =IF(E251="Hàng SX",0,H251-M251) -> 20500 | P251: ok
A252: Bến tre | B252: 46030 | C252: =D252&E252&F252 -> 13-12/2025Hàng SXTP-LG00003-BT | D252: 13-12/2025 | E252: Hàng SX | F252: TP-LG00003-BT | G252: Lưỡi Gà Trắng 95mm x 800m x 210gsm, LGT95/TS-BT | H252: 260 | J252: =SUMIFS('SỔ CHI TIẾT BÁN HÀNG'!$G$5:$G$2062,'SỔ CHI TIẾT BÁN HÀNG'!$C$5:$C$2062,'Đơn đặt'!F252,'SỔ CHI TIẾT BÁN HÀNG'!$L$5:$L$2062,'Đơn đặt'!C252) -> 884 | K252: =H252+I252-J252 -> -624 | N252: =IF(E252="Hàng SX",0,H252-M252) -> 0 | P252: ok
A253: Bến tre | B253: 46031 | C253: =D253&E253&F253 -> 02-01/2026Hàng SXTP-LG00003-BT | D253: 02-01/2026 | E253: Hàng SX | F253: TP-LG00003-BT | G253: Lưỡi Gà Trắng 95mm x 800m x 210gsm, LGT95/TS-BT | H253: 260 | J253: =SUMIFS('SỔ CHI TIẾT BÁN HÀNG'!$G$5:$G$2062,'SỔ CHI TIẾT BÁN HÀNG'!$C$5:$C$2062,'Đơn đặt'!F253,'SỔ CHI TIẾT BÁN HÀNG'!$L$5:$L$2062,'Đơn đặt'!C253) -> 260 | K253: =H253+I253-J253 -> 0 | N253: =IF(E253="Hàng SX",0,H253-M253) -> 0 | P253: ok
A254: Bến tre | B254: 46056 | C254: =D254&E254&F254 -> 09-01/2026Hàng SXTP-LG00003-BT | D254: 09-01/2026 | E254: Hàng SX | F254: TP-LG00003-BT | G254: Lưỡi Gà Trắng 95mm x 800m x 210gsm, LGT95/TS-BT | H254: 520 | J254: =SUMIFS('SỔ CHI TIẾT BÁN HÀNG'!$G$5:$G$2062,'SỔ CHI TIẾT BÁN HÀNG'!$C$5:$C$2062,'Đơn đặt'!F254,'SỔ CHI TIẾT BÁN HÀNG'!$L$5:$L$2062,'Đơn đặt'!C254) -> 520 | K254: =H254+I254-J254 -> 0 | N254: =IF(E254="Hàng SX",0,H254-M254) -> 0 | P254: ok
A255: Bến tre | B255: 46125 | C255: =D255&E255&F255 -> 02-04/2026Hàng SXTP-LG00003-BT | D255: 02-04/2026 | E255: Hàng SX | F255: TP-LG00003-BT | G255: Lưỡi Gà Trắng 95mm x 800m x 210gsm, LGT95/TS-BT | H255: 260 | J255: =SUMIFS('SỔ CHI TIẾT BÁN HÀNG'!$G$5:$G$2062,'SỔ CHI TIẾT BÁN HÀNG'!$C$5:$C$2062,'Đơn đặt'!F255,'SỔ CHI TIẾT BÁN HÀNG'!$L$5:$L$2062,'Đơn đặt'!C255) -> 260 | K255: =H255+I255-J255 -> 0 | N255: =IF(E255="Hàng SX",0,H255-M255) -> 0 | P255: ok
A256: Bến tre | B256: 46156 | C256: =D256&E256&F256 -> 05-05/2026Hàng SXTP-LG00003-BT | D256: 05-05/2026 | E256: Hàng SX | F256: TP-LG00003-BT | G256: Lưỡi Gà Trắng 95mm x 800m x 210gsm, LGT95/TS-BT | H256: 312 | J256: =SUMIFS('SỔ CHI TIẾT BÁN HÀNG'!$G$5:$G$2062,'SỔ CHI TIẾT BÁN HÀNG'!$C$5:$C$2062,'Đơn đặt'!F256,'SỔ CHI TIẾT BÁN HÀNG'!$L$5:$L$2062,'Đơn đặt'!C256) -> 0 | K256: =H256+I256-J256 -> 312 | M256: =IF(E256="Hàng SX",0,SUMIFS('SỔ CHI TIẾT BÁN HÀNG'!$Q$5:$Q$2863,'SỔ CHI TIẾT BÁN HÀNG'!$C$5:$C$2863,'Đơn đặt'!F256,'SỔ CHI TIẾT BÁN HÀNG'!$N$5:$N$2863,'Đơn đặt'!E256)) -> 0 | N256: =IF(E256="Hàng SX",0,H256-M256) -> 0 | P256: ok
...

Sheet Sheet1
E15: Túi PE 85x70cm | F15: TP-PE00006
E16: TÚI PE 54*92CM | F16: TP-PE00001
E17: TÚI PE 52*100CM | F17: TP-PE00001
E18: NHÃN DU LỊCH đỏ BM | F18: HH-NT00013
E19: NHÃN HÒA BÌNH BM | F19: HH-NT00011
E20: Tút ĐÀ LẠT KĐL | F20: HH-CT00112
E21: Thùng carton COTAB BC-TĐ | F21: HH-CT00036
E22: Thùng carton ĐÀ LẠT Xanh BC-TĐ | F22: HH-CT00081
E23: Thùng carton DU LỊCH Đỏ BM-TĐ | F23: HH-CT00028
E24: Thùng carton FASOL BM-TĐ | F24: HH-CT00038
E25: Thùng carton FASOL Vàng BC-TĐ | F25: HH-CT00089
E26: Thùng carton HÒA BÌNH BM-TĐ | F26: HH-CT00006
... E28: Thùng carton MELIA Ment BC-TĐ | F28: HH-CT00078
E29: Thùng carton SÀI GÒN Xanh BC- TĐ | F29: #N/A
E30: Thùng carton SAIGON Silver DS-TĐ | F30: HH-CT00007
E31: Thùng carton SAIGON Silver DS-B-TĐ | F31: HH-CT00008
E32: Thùng carton SÀI GÒN Vàng BC-TĐ | F32: HH-CT00072
E33: Thùng carton SAIGON SILVER CAPSULE DS BC | F33: HH-CT00131
